date,open,high,low,close,volume
2012-01-02,5900.18,6075.52,5900.18,6075.52,90828403
2012-01-03,6124.11,6179.03,6108.62,6166.57,116709157
2012-01-04,6141.26,6163.48,6088.06,6111.55,100870834
2012-01-05,6121.34,6130.1,6040.94,6095.99,141738422
2012-01-06,6114.64,6152.56,6012.64,6057.92,109973742
2012-01-09,6061.26,6076.59,5987.75,6017.23,110946062
2012-01-10,6090.87,6191.29,6069.36,6162.98,171413034
2012-01-11,6148.45,6181.61,6106.03,6152.34,166799370
2012-01-12,6160.09,6256.95,6148.85,6179.21,205749533
2012-01-13,6242.49,6245.38,6063.66,6143.08,213909601
2012-01-16,6120.4,6232.21,6104.11,6220.01,108072262
2012-01-17,6301.91,6343.04,6270.97,6332.93,167118815
2012-01-18,6330.43,6399.43,6280.52,6354.57,184490485
2012-01-19,6377.24,6420.35,6333.7,6416.26,335554588
2012-01-20,6410.75,6431.26,6371.69,6404.39,272361922
2012-01-23,6387.33,6467.34,6349.69,6436.62,270707714
2012-01-24,6372.49,6420.05,6339,6419.22,246102196
2012-01-25,6448.87,6456.57,6366.65,6421.85,170090500
2012-01-26,6453.62,6559.07,6430.37,6539.85,197223670
2012-01-27,6507.77,6574.19,6484.35,6511.98,150009321
2012-01-30,6454.54,6491.52,6414.33,6444.45,140511798
2012-01-31,6489.04,6533.22,6450.1,6458.91,158039800
2012-02-01,6482.95,6630.48,6482.56,6616.64,210399186
2012-02-02,6640.05,6667.98,6606.37,6655.63,156001224
2012-02-03,6649.57,6767.46,6635.63,6766.67,194732414
2012-02-06,6752.03,6781.43,6714.82,6764.83,123043005
2012-02-07,6772.75,6788.77,6682.89,6754.2,143194644
2012-02-08,6800.72,6829.88,6735.67,6748.76,221329640
2012-02-09,6782.14,6838.13,6763.27,6788.8,242278488
2012-02-10,6730.54,6838.13,6649.56,6692.96,228643131
2012-02-13,6748.68,6774.6,6709.63,6738.47,140972165
2012-02-14,6712.68,6788.57,6698.32,6728.19,148101853
2012-02-15,6807.55,6830.1,6736.56,6757.94,163430291
2012-02-16,6665.24,6751.96,6651.72,6751.96,166240839
2012-02-17,6811.02,6874.53,6794.89,6848.03,168885040
2012-02-20,6892.04,6956.67,6878.53,6948.25,131240474
2012-02-21,6936.91,6971.03,6873.54,6908.18,139943982
2012-02-22,6914.68,6915.18,6821.8,6843.87,129082721
2012-02-23,6838.94,6903.51,6733.59,6809.46,261556273
2012-02-24,6871.25,6890.9,6826.34,6864.43,155819587
2012-02-27,6817.46,6868.58,6743.65,6849.6,168648219
2012-02-28,6867.23,6900.51,6809.22,6887.63,149732482
2012-02-29,6914.66,6967.14,6843.27,6856.08,195540530
2012-03-01,6831.97,6949.45,6817.73,6941.77,187153660
2012-03-02,6944.45,6954.89,6904.1,6921.37,197181163
2012-03-05,6876.89,6902.58,6815.47,6866.46,169816448
2012-03-06,6835.97,6840.33,6633.11,6633.11,216447530
2012-03-07,6638.48,6682.68,6612.61,6671.11,181610957
2012-03-08,6723.33,6838.39,6703.89,6834.54,206866958
2012-03-09,6848.52,6912.42,6830.63,6880.21,154677166
2012-03-12,6868.97,6911.27,6846.9,6901.35,126636557
2012-03-13,6957.25,7020.04,6941.96,6995.91,149276976
2012-03-14,7028.92,7099.34,7028.15,7079.42,212921114
2012-03-15,7093.97,7153.11,7072.27,7144.45,149750289
2012-03-16,7145.78,7194.33,7142.78,7157.82,359056872
2012-03-19,7143.93,7154.83,7095.13,7154.22,144660226
2012-03-20,7121.92,7124.63,7032.07,7054.94,151228321
2012-03-21,7088.76,7114.01,7012.04,7071.32,134457384
2012-03-22,7053.42,7071.09,6938.2,6981.26,165779479
2012-03-23,6986.9,7026.9,6908.97,6995.62,133079038
2012-03-26,7022.64,7102.05,6969.97,7079.23,121408810
2012-03-27,7106.77,7153.68,7075.16,7078.9,143181233
2012-03-28,7056.05,7110.54,6998.8,6998.8,133051499
2012-03-29,6980.09,6993.74,6841.97,6875.15,168699664
2012-03-30,6924.82,6959.71,6898.91,6946.83,131062733
2012-04-02,6973.99,7057.2,6911.63,7056.65,137223664
2012-04-03,7053.91,7081.06,6981.21,6982.28,130860413
2012-04-04,6940.61,6944.4,6772.95,6784.06,192787646
2012-04-05,6817.85,6831.36,6685.8,6775.26,197220429
2012-04-10,6694.72,6737.92,6606.43,6606.43,178357582
2012-04-11,6628.66,6721.23,6603.17,6674.73,163586861
2012-04-12,6710.37,6761.78,6651.81,6743.24,194638032
2012-04-13,6732.07,6743.01,6553.1,6583.9,187253310
2012-04-16,6556.3,6675.39,6548.39,6625.19,169859622
2012-04-17,6625.71,6801.15,6616.95,6801,170319175
2012-04-18,6780.49,6812.84,6718.1,6732.03,138944684
2012-04-19,6775.46,6807.12,6665.31,6671.22,196543635
2012-04-20,6689.71,6760.26,6651.8,6750.12,165783449
2012-04-23,6666.79,6668.12,6499.07,6523,197032843
2012-04-24,6566.11,6604.54,6508.1,6590.41,170335735
2012-04-25,6622.96,6733.34,6622.9,6704.5,173466593
2012-04-26,6702.61,6750.65,6642.05,6739.9,166762898
2012-04-27,6662.31,6825.41,6652.51,6801.32,160819445
2012-04-30,6844.1,6846.66,6759.9,6761.19,113632751
2012-05-02,6861.3,6875.87,6664.57,6710.77,159609577
2012-05-03,6749.27,6791.75,6648.5,6694.44,176856373
2012-05-04,6682.96,6684.89,6546,6561.47,162528175
2012-05-07,6515.94,6578.95,6410.03,6569.48,136812523
2012-05-08,6548.74,6576.72,6415.03,6444.74,137198388
2012-05-09,6483.27,6506.21,6375.79,6475.31,188657752
2012-05-10,6531.15,6549.77,6440.23,6518,185051674
2012-05-11,6465.19,6589.01,6454.21,6579.93,133524675
2012-05-14,6499.79,6520.86,6404.28,6451.97,128710247
2012-05-15,6501.93,6509.65,6353.93,6401.06,190599420
2012-05-16,6344.92,6442.97,6297.38,6384.26,182175618
2012-05-17,6401.15,6413.05,6291.81,6308.96,113187412
2012-05-18,6254.82,6335.55,6229.3,6271.22,194380760
2012-05-21,6269.31,6364.4,6244.02,6331.04,126851490
2012-05-22,6381.83,6446,6351.02,6435.6,142261829
2012-05-23,6352.43,6373.79,6258.85,6285.75,166526287
2012-05-24,6338.12,6351.1,6244.48,6315.89,149578798
2012-05-25,6334.15,6406.96,6279.55,6339.94,149169711
2012-05-28,6425.1,6426.27,6311.33,6323.19,89964773
2012-05-29,6396.65,6441.26,6334.75,6396.84,101237831
2012-05-30,6360.79,6392.21,6258.89,6280.8,151091312
2012-05-31,6297.68,6322.69,6208.09,6264.38,147218255
2012-06-01,6259.76,6259.76,6009.07,6050.29,206397890
2012-06-04,5976.46,6030.81,5942.38,5978.23,111329920
2012-06-05,5999.86,6011.56,5914.43,5969.4,117538751
2012-06-06,6028.36,6102.42,5996.41,6093.99,145941608
2012-06-07,6117.76,6230.22,6099.08,6144.22,173943608
2012-06-08,6082.63,6144.76,6053.95,6130.82,123386574
2012-06-11,6255.65,6287.54,6130.28,6141.05,159994166
2012-06-12,6141.92,6211.14,6083.81,6161.24,148391677
2012-06-13,6183.8,6221.36,6093.61,6152.49,131920268
2012-06-14,6146.92,6167.49,6078.22,6138.61,143567839
2012-06-15,6164.56,6251.47,6158.78,6229.41,320678193
2012-06-18,6304.77,6316.14,6221.87,6248.2,176317414
2012-06-19,6254.77,6375.27,6233.25,6363.36,135669788
2012-06-20,6364.06,6402.21,6333.97,6392.13,119366474
2012-06-21,6357.25,6427.49,6331.79,6343.13,150668275
2012-06-22,6273.1,6318.06,6256.34,6263.25,131809225
2012-06-25,6229.43,6229.43,6118.72,6132.39,136466487
2012-06-26,6157.84,6165.28,6109.93,6136.69,149245078
2012-06-27,6155.91,6230.51,6131.3,6228.99,132281225
2012-06-28,6232.12,6240.09,6096.94,6149.91,245953912
2012-06-29,6296.74,6416.28,6261.74,6416.28,223085066
2012-07-02,6405.39,6520.4,6390.55,6496.08,162075464
2012-07-03,6508.33,6578.21,6505.39,6578.21,141684435
2012-07-04,6564.3,6573.86,6525.51,6564.8,102263775
2012-07-05,6561.77,6641.72,6475.92,6535.56,180047265
2012-07-06,6508.22,6533.79,6407.84,6410.11,151534346
2012-07-09,6408.64,6420.78,6375.69,6387.57,117895947
2012-07-10,6397.46,6491.4,6349.62,6438.33,128386755
2012-07-11,6413.17,6496.53,6399.4,6453.85,112358920
2012-07-12,6410.94,6448.22,6366.77,6419.35,148459138
2012-07-13,6446.22,6557.1,6436.09,6557.1,144686733
2012-07-16,6550.95,6577.06,6511.18,6565.72,99841258
2012-07-17,6583.77,6610.81,6542.89,6577.64,109102985
2012-07-18,6601.71,6690.66,6578.86,6684.42,122357699
2012-07-19,6706.99,6773.5,6698.87,6758.39,151168767
2012-07-20,6741.9,6775.74,6620.72,6630.02,180455196
2012-07-23,6561.87,6572.11,6371.15,6419.33,217161587
2012-07-24,6420.82,6456,6378,6390.41,127054533
2012-07-25,6387.84,6475.33,6375.15,6406.52,115693358
2012-07-26,6393.2,6595.58,6324.53,6582.96,192523798
2012-07-27,6605.42,6690.43,6513.97,6689.4,147755457
2012-07-30,6729.19,6796.61,6703.26,6774.06,138641352
2012-07-31,6780.62,6835.19,6756.18,6772.26,155517385
2012-08-01,6775.99,6800.1,6736.1,6754.46,112333584
2012-08-02,6756.16,6848.61,6596.21,6606.09,237751375
2012-08-03,6626.3,6876.57,6621.36,6865.66,176772116
2012-08-06,6845.88,6943.32,6845.88,6918.72,118895172
2012-08-07,6909.28,6979.63,6902.86,6967.95,132939494
2012-08-08,6944.89,6966.15,6907.29,6966.15,121071696
2012-08-09,6979.41,6989.15,6891.49,6964.99,169141573
2012-08-10,6927.71,6955.38,6891.9,6944.56,142176105
2012-08-13,6935.51,6976.31,6882.03,6909.68,107657700
2012-08-14,6965.04,6995.03,6939.53,6974.39,91374934
2012-08-15,6953.01,6972.64,6910.39,6946.8,76009224
2012-08-16,6958.39,7001.4,6929.43,6996.29,115099757
2012-08-17,7011.37,7041.11,7000.85,7040.88,164033299
2012-08-20,7037.02,7086.22,7008.97,7033.68,108628896
2012-08-21,7048.79,7105.43,7041.73,7089.32,112586076
2012-08-22,7048.3,7051.77,7005.26,7017.75,123998597
2012-08-23,7065.99,7080.74,6923.53,6949.57,130440371
2012-08-24,6957.6,6986.05,6885.98,6971.07,93794889
2012-08-27,6960.02,7049.48,6946.08,7047.45,87025885
2012-08-28,7004.05,7031.16,6976.01,7002.68,85889741
2012-08-29,7003.02,7029.8,6945.71,7010.57,68940110
2012-08-30,6962.29,6978.5,6871,6895.49,108238621
2012-08-31,6897.73,7011.45,6889.79,6970.79,119106804
2012-09-03,6946.61,7016.31,6944.25,7014.83,85292018
2012-09-04,7012.99,7015.71,6920,6932.58,88146717
2012-09-05,6941.66,7003.53,6892.98,6964.69,106806346
2012-09-06,6984.31,7172.32,6977.86,7167.33,199496500
2012-09-07,7183.92,7248.35,7182.6,7214.5,256352704
2012-09-10,7207.96,7233.92,7203.65,7213.7,156719401
2012-09-11,7197.2,7313.48,7186.63,7310.11,171053026
2012-09-12,7331.58,7410.36,7307.48,7343.53,295644903
2012-09-13,7341.78,7353.22,7280.23,7310.32,142287549
2012-09-14,7397.98,7445.97,7388.79,7412.13,217511620
2012-09-17,7390.29,7414.22,7382.47,7403.69,157752200
2012-09-18,7350.09,7375,7304.25,7347.69,173484103
2012-09-19,7387.18,7396.12,7326.24,7390.76,147347386
2012-09-20,7322.62,7390.46,7313.14,7389.49,189994349
2012-09-21,7409.34,7478.53,7391.06,7451.62,277450078
2012-09-24,7419.65,7440.49,7388.2,7413.16,127430249
2012-09-25,7406.22,7438.89,7369.39,7425.11,137219210
2012-09-26,7362.98,7362.98,7256.24,7276.51,183905649
2012-09-27,7313.15,7324.97,7269,7290.02,153893995
2012-09-28,7330.61,7337.17,7216.15,7216.15,147382548
2012-10-01,7227.81,7339.2,7225.29,7326.73,126099620
2012-10-02,7278.13,7373.15,7266.11,7305.86,133883066
2012-10-03,7283.26,7339.31,7272.06,7322.08,99332486
2012-10-04,7368.21,7374.86,7283.48,7305.21,129875397
2012-10-05,7327.7,7409.78,7312.79,7397.87,115166911
2012-10-08,7340.39,7341.28,7286.24,7291.21,121128963
2012-10-09,7306.33,7308.13,7224.32,7234.53,100584343
2012-10-10,7219.46,7245.17,7201.09,7205.23,86648818
2012-10-11,7192.75,7305.46,7182.31,7281.7,128546753
2012-10-12,7260.57,7291.24,7232.49,7232.49,124913294
2012-10-15,7237.4,7302.23,7237.4,7261.25,128055298
2012-10-16,7309.08,7387.78,7293.9,7376.27,132649813
2012-10-17,7381.08,7399.99,7367.63,7394.55,129160700
2012-10-18,7401.41,7447.81,7389.2,7437.23,145422041
2012-10-19,7413.69,7430.12,7363.5,7380.64,178612920
2012-10-22,7372.36,7390.1,7313.24,7328.05,100695117
2012-10-23,7339.16,7343.6,7154.76,7173.69,127313425
2012-10-24,7202.03,7216.13,7120.68,7192.85,135667630
2012-10-25,7203.12,7256.22,7181.45,7200.23,110262622
2012-10-26,7161.73,7257.23,7147.51,7231.85,97024502
2012-10-29,7205.05,7225.32,7171.96,7203.16,70905663
2012-10-30,7239.69,7292.83,7239.04,7284.4,86875538
2012-10-31,7305.07,7347.51,7260.63,7260.63,124993341
2012-11-01,7255.3,7356.18,7255.11,7335.67,90003623
2012-11-02,7336.52,7391.04,7314.68,7363.85,137462007
2012-11-05,7320.98,7336.96,7304.45,7326.47,78945945
2012-11-06,7336.46,7388.72,7319.73,7377.76,107334249
2012-11-07,7425.08,7434.96,7229.31,7232.83,174471898
2012-11-08,7260.35,7287,7184.25,7204.96,188728144
2012-11-09,7220.69,7222.87,7064.34,7163.5,204075125
2012-11-12,7164.68,7196,7138.17,7168.76,118847607
2012-11-13,7131.6,7185.29,7074.87,7169.12,185563297
2012-11-14,7156.34,7182.81,7089.53,7101.92,146557479
2012-11-15,7064.99,7079.22,7021.62,7043.42,138533144
2012-11-16,7045.63,7059.83,6950.53,6950.53,189837938
2012-11-19,7020.23,7129.14,7007.21,7123.84,137507812
2012-11-20,7098.13,7182.69,7092.23,7172.99,109243062
2012-11-21,7148.91,7194.79,7139.99,7184.71,98222604
2012-11-22,7210.46,7253.02,7205.2,7244.99,126772283
2012-11-23,7258.33,7311.55,7219.55,7309.13,104506792
2012-11-26,7286.69,7309.77,7273.57,7292.03,83949617
2012-11-27,7343.01,7361.55,7307.3,7332.33,117186374
2012-11-28,7317.49,7348.62,7266.02,7343.41,96957724
2012-11-29,7382.55,7415.11,7377.09,7400.96,121105935
2012-11-30,7399.09,7442.6,7398.22,7405.5,104670168
2012-12-03,7427.41,7487.89,7419.41,7435.21,81435694
2012-12-04,7428.13,7466.25,7417.67,7435.12,96648939
2012-12-05,7480.59,7482.28,7429.53,7454.55,82318254
2012-12-06,7469.54,7546.92,7461.19,7534.54,138744623
2012-12-07,7539.78,7552.81,7494.15,7517.8,129904325
2012-12-10,7484.95,7536.6,7457.57,7530.92,101722726
2012-12-11,7529.24,7596.9,7522.17,7589.75,111325769
2012-12-12,7595.2,7626.4,7590.18,7614.79,118107584
2012-12-13,7618.62,7618.62,7562.6,7581.98,119239473
2012-12-14,7599.03,7619.26,7571.16,7596.47,93629681
2012-12-17,7604.16,7627.14,7564.07,7604.94,89699629
2012-12-18,7634.28,7667.91,7626.25,7653.58,127196499
2012-12-19,7675.33,7682.9,7655.71,7668.5,128885650
2012-12-20,7642.99,7675.45,7635.39,7672.1,102027845
2012-12-21,7632.41,7653.73,7596.7,7636.23,208158233
2012-12-27,7652.27,7676.5,7640.3,7655.88,64569014
2012-12-28,7649.89,7665.68,7602.89,7612.39,48123637
2013-01-02,7689.46,7789.94,7689.46,7778.78,140345527
2013-01-03,7762.13,7777.02,7737.98,7756.44,86174098
2013-01-04,7740.99,7779.67,7727.61,7776.37,101576998
2013-01-07,7760.01,7767.55,7714.51,7732.66,151695426
2013-01-08,7710.7,7754.38,7683.48,7695.83,130425494
2013-01-09,7713.57,7734.78,7688.55,7720.47,158333774
2013-01-10,7732.14,7773.69,7685.08,7708.47,172807240
2013-01-11,7725.93,7731.45,7683.92,7715.53,174958550
2013-01-14,7737.61,7785.82,7704.76,7729.52,110488567
2013-01-15,7704.05,7735.21,7635.88,7675.91,140265818
2013-01-16,7661.61,7694.8,7643.14,7691.13,105283560
2013-01-17,7677.28,7764.03,7662.43,7735.46,110870660
2013-01-18,7747.13,7753.49,7702.23,7702.23,133349805
2013-01-21,7727.77,7749.82,7719.02,7748.86,71750888
2013-01-22,7741.88,7746.91,7634.26,7696.21,143511599
2013-01-23,7702.92,7731.01,7684.84,7707.54,123888012
2013-01-24,7700.53,7750.59,7661.96,7748.13,129648573
2013-01-25,7746.78,7860.47,7743.19,7857.97,120195224
2013-01-28,7859.83,7871.79,7831.72,7833,88204118
2013-01-29,7841.96,7857.14,7800.12,7848.57,114467815
2013-01-30,7855.68,7857.91,7776,7811.31,129319129
2013-01-31,7800.45,7812.28,7765.2,7776.05,171415131
2013-02-01,7792.59,7840.89,7784.97,7833.39,128953919
2013-02-04,7822.54,7837.64,7638.23,7638.23,197214658
2013-02-05,7643.54,7675.87,7622.3,7664.66,179590985
2013-02-06,7665.88,7694.42,7537.29,7581.18,152984436
2013-02-07,7581.37,7661.31,7565.32,7590.85,144796570
2013-02-08,7607.57,7654.19,7577.34,7652.14,123635715
2013-02-11,7627.72,7676.82,7597.74,7633.74,103660623
2013-02-12,7619.12,7661.97,7593.66,7660.19,118827890
2013-02-13,7678.48,7734.05,7650.29,7711.89,97751659
2013-02-14,7697.89,7729.36,7607.48,7631.19,113779397
2013-02-15,7636.26,7649.5,7591.76,7593.51,185136963
2013-02-18,7591.08,7629.78,7568.27,7628.73,91570784
2013-02-19,7614.1,7762.9,7611.6,7752.45,131078413
2013-02-20,7747.21,7784.64,7709.48,7728.9,135413025
2013-02-21,7681.61,7688.44,7567.88,7583.57,156412337
2013-02-22,7619.81,7681.12,7607.26,7661.91,148914787
2013-02-25,7731.8,7860.57,7726.4,7773.19,182462143
2013-02-26,7682.24,7683.96,7589.32,7597.11,171515589
2013-02-27,7641.84,7679.44,7565.78,7675.83,117566572
2013-02-28,7712.2,7753.39,7691.81,7741.7,126361698
2013-03-01,7735.35,7767.67,7627.99,7708.16,131318363
2013-03-04,7654.67,7708.38,7637.85,7691.68,83887404
2013-03-05,7779.62,7883.6,7772.33,7870.31,137283371
2013-03-06,7907.39,7977.64,7898.04,7919.33,124626582
2013-03-07,7934.19,7956.26,7911.56,7939.77,98781241
2013-03-08,7970.66,8014.15,7962.28,7986.47,134776158
2013-03-11,7967.46,7989.21,7954.58,7984.29,82983074
2013-03-12,7970.83,7999.43,7934.05,7966.12,175953894
2013-03-13,7964.77,7978.84,7942.56,7970.91,368771731
2013-03-14,8013.25,8060.26,8011.22,8058.37,280674113
2013-03-15,8074.03,8074.47,7997.65,8042.85,311603833
2013-03-18,7924.04,8019.68,7901.94,8010.7,130362692
2013-03-19,7980.54,8000.97,7919.45,7947.79,154894733
2013-03-20,7995.59,8030.46,7972.21,8001.97,122106268
2013-03-21,7989.59,7999.34,7887.71,7932.51,159845834
2013-03-22,7917.64,7947.48,7876.36,7911.35,131986142
2013-03-25,7988.27,8030.76,7850.62,7870.9,157511259
2013-03-26,7889.15,7912.41,7859.27,7879.67,115373406
2013-03-27,7905.96,7916.76,7757.37,7789.09,146704568
2013-03-28,7791.14,7842.58,7778.02,7795.31,128175646
2013-04-02,7806.12,7949.2,7805.92,7943.87,116769828
2013-04-03,7926.88,7952.85,7869.81,7874.75,103685012
2013-04-04,7902.86,7927.93,7804.7,7817.39,144996334
2013-04-05,7820.69,7825.28,7638.85,7658.75,144759676
2013-04-08,7669.04,7698.47,7645.56,7662.64,85361044
2013-04-09,7704.35,7723.2,7615.81,7637.51,120782813
2013-04-10,7664.16,7821.75,7660.2,7810.63,158663880
2013-04-11,7799.31,7885.45,7786.75,7871.63,126500577
2013-04-12,7831.87,7838.53,7727.18,7744.77,121691789
2013-04-15,7740.54,7773.11,7651.58,7712.63,118152724
2013-04-16,7680.78,7739.66,7639.43,7682.58,139714438
2013-04-17,7719.56,7722.46,7473.07,7503.03,161069572
2013-04-18,7519.67,7556.55,7453.64,7473.73,140254809
2013-04-19,7490.11,7531.09,7418.84,7459.96,178317057
2013-04-22,7516.06,7538.22,7443.02,7478.11,153697225
2013-04-23,7477.03,7664.22,7442.36,7658.21,184055206
2013-04-24,7656.76,7767.36,7656.22,7759.03,110013842
2013-04-25,7766.61,7838.31,7741.98,7832.86,86583379
2013-04-26,7835.59,7840.47,7767.61,7814.76,94489281
2013-04-29,7834.02,7873.5,7823.24,7873.5,79204314
2013-04-30,7928.42,7965.9,7893.08,7913.71,119767976
2013-05-02,7905.35,8005.82,7896.99,7961.71,142871506
2013-05-03,7972.28,8127.72,7957.36,8122.29,134546896
2013-05-06,8119.22,8148.14,8103.27,8112.08,66147808
2013-05-07,8125.82,8206.01,8116.67,8181.78,89541683
2013-05-08,8176.88,8253.47,8173.35,8249.71,121804420
2013-05-09,8232.5,8274.17,8224.52,8262.55,57870881
2013-05-10,8278.45,8358.23,8252.46,8278.59,95065412
2013-05-13,8281.95,8294.56,8217.15,8279.29,85255365
2013-05-14,8304.5,8339.11,8235.97,8339.11,114734335
2013-05-15,8333.61,8368.06,8299.83,8362.42,152900229
2013-05-16,8348.54,8401.28,8324.23,8369.87,125947085
2013-05-17,8356.26,8408.57,8327.47,8398,158379772
2013-05-20,8434.97,8456.24,8401.74,8455.83,78297009
2013-05-21,8446.78,8476.18,8397.54,8472.2,113836855
2013-05-22,8467.56,8553.74,8434.83,8530.89,110213401
2013-05-23,8410.06,8412.25,8281.11,8351.98,132876697
2013-05-24,8390.16,8391.02,8262.64,8305.32,131149641
2013-05-27,8346.6,8386.86,8338.32,8383.3,48707265
2013-05-28,8432.46,8519.6,8424.4,8480.87,97455028
2013-05-29,8437.21,8445.46,8316.89,8336.58,107502470
2013-05-30,8314.2,8416.36,8293.96,8400.2,103141448
2013-05-31,8385.38,8401.36,8297.03,8348.84,122400284
2013-06-03,8291.49,8395.56,8214.78,8285.8,97748325
2013-06-04,8358.68,8384.36,8276.95,8295.96,82405857
2013-06-05,8229.23,8293.28,8182.08,8196.18,89163207
2013-06-06,8188.82,8235.09,8098.81,8098.81,85243565
2013-06-07,8124.88,8278.98,8034.55,8254.68,103601131
2013-06-10,8246.04,8355.33,8245.94,8307.69,75733057
2013-06-11,8256.19,8260.86,8146.01,8222.46,96689753
2013-06-12,8204.91,8246.08,8122.72,8143.27,81793396
2013-06-13,8023.37,8108.3,7968.13,8095.39,97586800
2013-06-14,8157.88,8183.18,8111.38,8127.96,72768131
2013-06-17,8170.75,8252.71,8167.67,8215.73,73145690
2013-06-18,8196.44,8240.59,8176.19,8229.51,73649453
2013-06-19,8254.57,8285.9,8160.5,8197.08,78657320
2013-06-20,8085.67,8085.67,7913.42,7928.48,131807475
2013-06-21,7946.32,7987.04,7789.24,7789.24,245491118
2013-06-24,7776.88,7823.45,7656.86,7692.45,121376956
2013-06-25,7741.13,7842.48,7729.38,7811.3,79935253
2013-06-26,7810.37,7960,7800.85,7940.99,88381236
2013-06-27,7945.92,8025.81,7919.59,7990.75,67029260
2013-06-28,8015.53,8037.68,7906.74,7959.22,101763877
2013-07-01,8000.02,8021.74,7890.28,7983.92,96718571
2013-07-02,7988.92,7988.96,7873.97,7910.77,96760722
2013-07-03,7841.18,7841.87,7730.37,7829.32,115952818
2013-07-04,7877.91,8015.08,7863.76,7994.31,119377679
2013-07-05,8010.44,8031.71,7806,7806,116269239
2013-07-08,7865.92,8013.62,7848.14,7968.54,79568733
2013-07-09,8021.13,8086.95,8005.73,8057.75,82854743
2013-07-10,8056.51,8081.21,7990.65,8066.48,75949624
2013-07-11,8163.56,8176.7,8131,8158.8,81260019
2013-07-12,8192.91,8244.13,8178.2,8212.77,87866238
2013-07-15,8237.92,8271.38,8211.42,8234.81,67635820
2013-07-16,8251.51,8252.25,8178.19,8201.05,68666513
2013-07-17,8216.7,8269.22,8137.53,8254.72,71745818
2013-07-18,8239.38,8337.09,8215.66,8337.09,79507931
2013-07-19,8299.01,8336.87,8284.36,8331.57,119916356
2013-07-22,8343.28,8374.47,8310.29,8331.06,73050637
2013-07-23,8358.62,8365.98,8312.09,8314.23,80771887
2013-07-24,8325.06,8415.33,8318.48,8379.11,88484915
2013-07-25,8349.52,8356.88,8265.14,8298.98,96060651
2013-07-26,8341.78,8361.5,8217.26,8244.91,75415089
2013-07-29,8307.12,8324.15,8245.74,8259.03,67355516
2013-07-30,8302.14,8333.95,8256.4,8271.02,135632232
2013-07-31,8235.22,8295.23,8213.36,8275.97,113064530
2013-08-01,8320.38,8411.3,8316.89,8410.73,97990435
2013-08-02,8428.58,8431.67,8379.07,8406.94,73393682
2013-08-05,8416.11,8435.23,8367.6,8398.38,62901132
2013-08-06,8387.93,8435.49,8272.36,8299.73,122121795
2013-08-07,8265.33,8281.52,8234.99,8260.48,78950988
2013-08-08,8256.4,8341.44,8252.46,8318.32,145598334
2013-08-09,8332.53,8374.59,8286.41,8338.31,89030345
2013-08-12,8341.96,8371.16,8238.86,8359.25,82331819
2013-08-13,8395.82,8444.52,8383.23,8415.76,95295595
2013-08-14,8424.88,8443.46,8400.75,8438.12,80101207
2013-08-15,8418.94,8422.03,8307.98,8376.29,72727874
2013-08-16,8348.42,8398.5,8331.33,8391.94,85749553
2013-08-19,8395.02,8395.41,8329,8366.29,59793269
2013-08-20,8294.87,8319.82,8246.19,8300.03,84502649
2013-08-21,8301.06,8310.19,8269.12,8285.41,65974746
2013-08-22,8289.3,8421.98,8283.77,8397.89,80630821
2013-08-23,8398.28,8438.42,8360.23,8416.99,67690077
2013-08-26,8424.07,8437.36,8386.05,8435.15,42823784
2013-08-27,8378.93,8423.78,8242.56,8242.56,106541786
2013-08-28,8202.86,8219.26,8094.22,8157.9,97795435
2013-08-29,8189.02,8199.29,8129.99,8194.55,69818498
2013-08-30,8197.72,8201.49,8101.95,8103.15,86451158
2013-09-02,8224.34,8268.73,8211.03,8243.87,66688606
2013-09-03,8259.37,8264.72,8142.86,8180.71,88279933
2013-09-04,8201.56,8203.76,8095.91,8195.92,84770180
2013-09-05,8205.56,8257.73,8165.36,8234.98,96648715
2013-09-06,8222.21,8289.35,8174.32,8275.67,124854419
2013-09-09,8275.01,8310.37,8246.77,8276.32,76364819
2013-09-10,8357.69,8458.52,8350.42,8446.54,125305068
2013-09-11,8453.32,8502.79,8446.69,8495.73,106146030
2013-09-12,8509.49,8516.98,8466.61,8494,102393889
2013-09-13,8461.31,8516.42,8457.09,8509.42,76220281
2013-09-16,8599.65,8626.11,8578.01,8613,87859102
2013-09-17,8595.56,8613.33,8585.04,8596.95,81358557
2013-09-18,8617.45,8645.9,8594.65,8636.06,75769373
2013-09-19,8735.11,8767.97,8665.75,8694.18,120861679
2013-09-20,8693.32,8713.78,8667.52,8675.73,249585069
2013-09-23,8682.94,8697.99,8606.83,8635.29,89113421
2013-09-24,8645.24,8672.08,8633.21,8664.6,79114711
2013-09-25,8655.04,8681.99,8609.95,8665.63,108140320
2013-09-26,8678.82,8688.49,8628.61,8664.1,88920696
2013-09-27,8672.82,8691.48,8611.45,8661.51,68197335
2013-09-30,8562.85,8606.71,8547.23,8594.4,78813858
2013-10-01,8618.59,8691.85,8612.23,8689.14,83404520
2013-10-02,8650.71,8670.53,8590.97,8629.42,76858459
2013-10-03,8647.86,8654.79,8590.46,8597.91,49874432
2013-10-04,8590.91,8638.65,8570.21,8622.97,85007075
2013-10-07,8557.04,8604.64,8510.42,8591.58,87359675
2013-10-08,8591.02,8610.01,8552.91,8555.89,77435564
2013-10-09,8541.08,8589.64,8504.65,8516.69,78206803
2013-10-10,8563.39,8691.92,8547.72,8685.77,105327710
2013-10-11,8705.03,8729.33,8695.76,8724.83,92376091
2013-10-14,8688.45,8725.46,8676.03,8723.81,64137179
2013-10-15,8757.13,8814.58,8757.09,8804.44,93813646
2013-10-16,8792.99,8854.42,8781,8846,92338941
2013-10-17,8817.11,8829.79,8765.47,8811.98,95192815
2013-10-18,8849.77,8865.1,8804.83,8865.1,166471911
2013-10-21,8828.47,8876.07,8827.23,8867.22,74873377
2013-10-22,8853.87,8987.63,8849.16,8947.46,100450749
2013-10-23,8906.91,8932.91,8897.5,8919.86,79944158
2013-10-24,8968.5,8987.04,8950.81,8980.63,76689895
2013-10-25,8952.78,9010.65,8944.14,8985.74,71222669
2013-10-28,9013.05,9017.95,8950.54,8978.65,61426922
2013-10-29,8965.75,9022.21,8965.75,9022.04,76418329
2013-10-30,9030.31,9070.17,8997.63,9010.27,69972044
2013-10-31,8985.48,9037.41,8976.37,9033.92,82807717
2013-11-01,9032.29,9044.27,8993.22,9007.83,54233895
2013-11-04,9035.91,9053.93,9019.31,9037.23,60965263
2013-11-05,9036.18,9041.97,8969.63,9009.11,87089486
2013-11-06,9030.47,9065.84,9023.04,9040.87,68900468
2013-11-07,9038.47,9193.98,9026.09,9081.03,143223852
2013-11-08,9036.59,9078.28,8986.49,9078.28,86782995
2013-11-11,9081.58,9123.24,9064.61,9107.86,66640399
2013-11-12,9102.99,9124.24,9073.93,9076.48,96960570
2013-11-13,9056.71,9074.56,8981.09,9054.83,92469370
2013-11-14,9137.48,9151.35,9102.16,9149.66,108722276
2013-11-15,9157.6,9188.47,9133.51,9168.69,96783855
2013-11-18,9154.23,9253.22,9140.51,9225.43,88832774
2013-11-19,9197.47,9217.36,9179.25,9193.29,77178312
2013-11-20,9175.64,9229.07,9162.84,9202.07,68359141
2013-11-21,9127.89,9210.67,9117.09,9196.08,78794888
2013-11-22,9210.69,9230.16,9168.92,9219.04,72241954
2013-11-25,9258.22,9323.44,9252.73,9299.95,69939133
2013-11-26,9297.65,9316.62,9289.36,9290.07,85105701
2013-11-27,9308.96,9363.48,9295.56,9351.13,59073010
2013-11-28,9359.5,9399.63,9358.77,9387.37,54326205
2013-11-29,9378.55,9424.07,9376.58,9405.3,65826292
2013-12-02,9412.95,9424.83,9384.12,9401.96,74603104
2013-12-03,9398.19,9404.17,9223.35,9223.4,116913004
2013-12-04,9246.89,9253.13,9082.87,9140.63,94986648
2013-12-05,9110.53,9172.16,9078,9084.95,77772308
2013-12-06,9126.15,9195.57,9092.15,9172.41,81326803
2013-12-09,9218.81,9225.53,9171.36,9195.17,62711267
2013-12-10,9180.29,9223.73,9091.97,9114.44,74363446
2013-12-11,9093.26,9153.14,9065.51,9077.11,64845801
2013-12-12,9032.67,9060.54,8984.99,9017,75120159
2013-12-13,9016.78,9046.63,8996.29,9006.46,67761700
2013-12-16,9004.62,9177.19,8997.75,9163.56,99105573
2013-12-17,9142.75,9161.8,9085.12,9085.12,72207519
2013-12-18,9145.35,9190.73,9122.05,9181.75,82342667
2013-12-19,9279.68,9351.9,9257.24,9335.74,98276480
2013-12-20,9371.08,9412.02,9352.98,9400.18,161686889
2013-12-23,9436.49,9488.82,9427.54,9488.82,48372598
2013-12-27,9558.55,9589.39,9548.89,9589.39,51388182
2013-12-30,9586.53,9594.35,9552.16,9552.16,35981618
2014-01-02,9598.25,9620.93,9400.04,9400.04,76678375
2014-01-03,9409.66,9453.25,9367.99,9435.15,91930092
2014-01-06,9419.44,9468.8,9399.81,9428,53653693
2014-01-07,9446.25,9515.87,9416.86,9506.2,79946847
2014-01-08,9512.79,9516.26,9469.69,9497.84,90140375
2014-01-09,9492.24,9549.5,9407.69,9421.61,98917043
2014-01-10,9473.87,9528.96,9441.25,9473.24,96130356
2014-01-13,9497.92,9519.3,9457.31,9510.17,85787747
2014-01-14,9391.46,9540.51,9381.94,9540.51,104777812
2014-01-15,9590.57,9744.26,9582.1,9733.81,120098989
2014-01-16,9742.21,9747.37,9702.97,9717.71,87811855
2014-01-17,9718.2,9789.89,9709.14,9742.96,131098053
2014-01-20,9713.2,9733.4,9672.32,9715.9,78126121
2014-01-21,9751.98,9794.05,9714.12,9730.12,80839585
2014-01-22,9752.11,9765.63,9677.14,9720.11,84234138
2014-01-23,9690.51,9728.78,9596.93,9631.04,98660434
2014-01-24,9646.65,9664.24,9374.08,9392.02,125916187
2014-01-27,9389.17,9402.72,9315.33,9349.22,112554094
2014-01-28,9405.53,9427.59,9351.08,9406.91,99321978
2014-01-29,9507.35,9537.63,9221.52,9336.73,126384208
2014-01-30,9343.51,9415.48,9266.95,9373.48,97748746
2014-01-31,9339.84,9346.79,9166.05,9306.48,126856545
2014-02-03,9318.77,9357.58,9175.45,9186.52,105545378
2014-02-04,9126.46,9156.51,9071.25,9127.91,114598199
2014-02-05,9105.28,9154.72,9081.24,9116.32,95608680
2014-02-06,9166.46,9274.46,9129.17,9256.58,122685179
2014-02-07,9275.38,9323.24,9223.21,9301.92,89003430
2014-02-10,9331.71,9346.13,9281.58,9289.86,59599917
2014-02-11,9338.8,9478.77,9338.26,9478.77,76248383
2014-02-12,9505.12,9593.46,9502.64,9540,85292264
2014-02-13,9522.66,9599.98,9479.86,9596.77,93209055
2014-02-14,9615.52,9677.53,9593.37,9662.4,91504842
2014-02-17,9661.8,9682.19,9645.51,9656.76,45850067
2014-02-18,9674.8,9690.97,9614.4,9659.78,58827305
2014-02-19,9641.45,9695.38,9596.42,9660.05,72892854
2014-02-20,9524.58,9618.85,9504.18,9618.85,88676915
2014-02-21,9665.08,9666.15,9598.03,9656.95,78587725
2014-02-24,9619.64,9708.94,9602.95,9708.94,67953538
2014-02-25,9676.56,9710.95,9631.66,9699.35,90676087
2014-02-26,9708.5,9720.33,9612.52,9661.73,87277196
2014-02-27,9660.55,9672.82,9497.78,9588.33,86422233
2014-02-28,9592.9,9692.08,9566.04,9692.08,83200839
2014-03-03,9553.08,9553.08,9358.73,9358.89,99108194
2014-03-04,9453.77,9589.15,9421.16,9589.15,95630198
2014-03-05,9562.39,9599,9534.43,9542.02,73341694
2014-03-06,9577.35,9587.44,9505.32,9542.87,103682643
2014-03-07,9538.45,9543.24,9346.82,9350.75,103246651
2014-03-10,9305.51,9382.98,9216.07,9265.5,84875421
2014-03-11,9295.32,9375.15,9259.18,9307.79,72300788
2014-03-12,9257.13,9267.1,9147.01,9188.69,107430638
2014-03-13,9200.12,9226.96,9017.35,9017.79,113773090
2014-03-14,8939.18,9094.24,8913.27,9056.41,141175468
2014-03-17,9047.49,9197.81,9047.49,9180.89,86964480
2014-03-18,9172.05,9315.07,9105.69,9242.55,99301228
2014-03-19,9262.71,9325.93,9221.59,9277.05,89476841
2014-03-20,9215.7,9296.9,9156.63,9296.12,96945748
2014-03-21,9300.66,9376.94,9288.15,9342.94,198583517
2014-03-24,9349.52,9358.95,9181.37,9188.77,86790855
2014-03-25,9223.92,9372.07,9223.9,9338.4,82230643
2014-03-26,9367.53,9488.74,9360.3,9448.58,75144768
2014-03-27,9428.91,9469.39,9397.98,9451.21,66826076
2014-03-28,9487.12,9587.19,9484.9,9587.19,70498449
2014-03-31,9621.92,9634.82,9543.09,9555.91,68772909
2014-04-01,9601.96,9631.06,9574.63,9603.71,72835140
2014-04-02,9628.76,9645.6,9608.46,9623.36,73975965
2014-04-03,9620.87,9689.52,9591.89,9628.82,76385766
2014-04-04,9641.96,9721.5,9627.74,9695.77,75314032
2014-04-07,9585.52,9608.2,9496.67,9510.85,78799997
2014-04-08,9525.07,9525.94,9391.86,9490.79,86190932
2014-04-09,9506.75,9542.31,9480.96,9506.35,69917062
2014-04-10,9556.7,9581.48,9440.99,9454.54,77873722
2014-04-11,9351.2,9390.44,9259.43,9315.29,100489724
2014-04-14,9248.86,9339.17,9214.18,9339.17,90916505
2014-04-15,9324.84,9344.85,9166.53,9173.71,88156792
2014-04-16,9252.3,9318.97,9221.48,9317.82,78803187
2014-04-17,9311.03,9417.82,9277.36,9409.71,86295237
2014-04-22,9455.52,9602.57,9439.66,9600.09,70194131
2014-04-23,9602.12,9607.84,9539.62,9544.19,61216915
2014-04-24,9597.07,9645.06,9410.33,9548.68,87813884
2014-04-25,9474.79,9501.91,9367.42,9401.55,79230193
2014-04-28,9454.84,9496.84,9407.65,9446.36,67539093
2014-04-29,9521.65,9596.42,9480.57,9584.12,91467885
2014-04-30,9576.93,9618.98,9561.06,9603.23,90290936
2014-05-02,9611.79,9627.38,9533.3,9556.02,88062286
2014-05-05,9536.38,9548.17,9407.09,9529.5,61911606
2014-05-06,9570.25,9571.63,9440.47,9467.53,82062892
2014-05-07,9418.5,9554.35,9410.08,9521.3,92732639
2014-05-08,9547.27,9622.3,9487.57,9607.4,102022506
2014-05-09,9591.32,9602.86,9558.11,9581.45,80084144
2014-05-12,9608.93,9710.34,9587.14,9702.46,87508499
2014-05-13,9751.05,9783.72,9732.34,9754.43,96844108
2014-05-14,9765.62,9772.09,9733.21,9754.39,76078993
2014-05-15,9741.25,9810.29,9631.57,9656.05,133897442
2014-05-16,9646.56,9670.9,9577.9,9629.1,113085429
2014-05-19,9607.32,9676.52,9534.56,9659.39,97857334
2014-05-20,9644.8,9685.56,9613.91,9639.08,67588361
2014-05-21,9615.86,9709.91,9583.56,9697.87,86239212
2014-05-22,9731.45,9734.14,9689.13,9720.91,63696037
2014-05-23,9722.63,9779.59,9704.75,9768.01,65280798
2014-05-26,9826.91,9893.81,9821.68,9892.82,53846382
2014-05-27,9893.33,9951.9,9879.64,9940.82,79797701
2014-05-28,9950.74,9957.87,9898.26,9939.17,72748507
2014-05-29,9937.66,9956.24,9917.97,9938.9,65743401
2014-05-30,9926.73,9970.77,9924.63,9943.27,103680132
2014-06-02,9986.86,9992.33,9907.77,9950.12,57920286
2014-06-03,9949.96,9954.78,9887.01,9919.74,71968636
2014-06-04,9903.82,9928.96,9866.97,9926.67,66442175
2014-06-05,9929.41,10013.6,9896.09,9947.83,129942510
2014-06-06,9954.01,10000.9,9941.65,9987.19,92994920
2014-06-09,9994.4,10009.6,9985.87,10008.6,43200381
2014-06-10,9998.51,10033.7,9987.69,10028.8,64483125
2014-06-11,10022.9,10024.8,9921.26,9949.81,96286452
2014-06-12,9950.52,9970.38,9917.61,9938.7,68482928
2014-06-13,9920.49,9944.57,9829.09,9912.87,79417742
2014-06-16,9885.97,9925.85,9872.77,9883.98,64029212
2014-06-17,9915.2,9982.89,9861.29,9920.32,72084212
2014-06-18,9932.04,9964.02,9922.07,9930.33,72976796
2014-06-19,10018.9,10023.5,9993.03,10004,86693463
2014-06-20,9995.5,10050.9,9987.24,9987.24,209559587
2014-06-23,9991.4,9993.02,9885.96,9920.92,68730109
2014-06-24,9938.64,9948.59,9899.47,9938.08,61266130
2014-06-25,9883.78,9914.12,9836.46,9867.75,82312043
2014-06-26,9894.55,9898.38,9749.75,9804.9,94924996
2014-06-27,9818.46,9836.68,9791.13,9815.17,63248871
2014-06-30,9833.85,9889.49,9800.08,9833.07,66649737
2014-07-01,9853.74,9902.41,9835.74,9902.41,54518987
2014-07-02,9913,9936.39,9890.11,9911.27,70229505
2014-07-03,9910.47,10032.2,9907.01,10029.4,78288046
2014-07-04,10028.7,10030.8,10007.4,10009,52046505
2014-07-07,9992.13,10015.3,9905.6,9906.07,60506275
2014-07-08,9918.27,9920.78,9772.14,9772.67,85865143
2014-07-09,9789.05,9817.47,9752.79,9808.2,73589732
2014-07-10,9807.25,9807.25,9617.59,9659.13,96879133
2014-07-11,9672.17,9708.43,9623.36,9666.34,62278398
2014-07-14,9710.92,9793.78,9693.89,9783.01,56259602
2014-07-15,9764.69,9788.71,9711.86,9719.41,72125544
2014-07-16,9747.88,9871.58,9747.52,9859.27,69459961
2014-07-17,9819.45,9845.85,9743.62,9753.88,76538147
2014-07-18,9703.67,9721.08,9655.51,9720.02,118113767
2014-07-21,9711.68,9717.7,9597.62,9612.05,65236516
2014-07-22,9682.21,9735.71,9647.74,9734.33,62368592
2014-07-23,9727.43,9802.06,9723.98,9753.56,64736851
2014-07-24,9772.15,9810.47,9674.68,9794.06,70366598
2014-07-25,9770.24,9794.85,9620.58,9644.01,73401644
2014-07-28,9660.71,9665.05,9527.59,9598.17,71997094
2014-07-29,9607.1,9692.33,9573.48,9653.63,66002294
2014-07-30,9646.43,9704.01,9572.9,9593.68,79991295
2014-07-31,9576.16,9582.74,9395.35,9407.48,131077441
2014-08-01,9379.74,9394.48,9185.41,9210.08,141582451
2014-08-04,9222.05,9243.23,9130.34,9154.14,85304257
2014-08-05,9186.03,9237.14,9152.38,9189.74,80560700
2014-08-06,9084.52,9166.21,9030.72,9130.04,98898298
2014-08-07,9081.29,9163.43,9025.82,9038.97,97954725
2014-08-08,8928.19,9061,8903.49,9009.32,102515812
2014-08-11,9106.67,9199,9089.31,9180.74,81228894
2014-08-12,9166.92,9171.94,9050,9069.47,74774568
2014-08-13,9133.84,9213.61,9118.32,9198.88,82251649
2014-08-14,9161.81,9265.92,9149.41,9225.1,80394255
2014-08-15,9239,9324.57,9067.58,9092.6,110261790
2014-08-18,9220.99,9261.65,9195.11,9245.33,63822143
2014-08-19,9276.19,9350.27,9276.18,9334.28,57793194
2014-08-20,9329.89,9333.68,9247.84,9314.57,63229726
2014-08-21,9328.71,9405.93,9278.86,9401.53,67874852
2014-08-22,9390.29,9414.39,9291.93,9339.17,70036561
2014-08-25,9456.67,9510.14,9424.11,9510.14,53554050
2014-08-26,9481.56,9591.72,9446.37,9588.15,66737079
2014-08-27,9583.98,9598.46,9562.71,9569.71,69031293
2014-08-28,9545.21,9546.81,9417.16,9462.56,72124485
2014-08-29,9483.42,9517.95,9369.4,9470.17,68471170
2014-09-01,9484.53,9500.2,9424.78,9479.03,43071923
2014-09-02,9525.15,9578.5,9485.24,9507.02,55157428
2014-09-03,9541.02,9683.1,9528.72,9626.49,90120961
2014-09-04,9591.43,9732.78,9539.92,9724.26,106652392
2014-09-05,9714.24,9774.65,9691.44,9747.02,77345023
2014-09-08,9767.9,9773.7,9721.71,9758.03,53013330
2014-09-09,9737.56,9769.21,9695.44,9710.7,57197878
2014-09-10,9672.45,9723.08,9635.5,9700.17,66540738
2014-09-11,9729.89,9732.83,9630.67,9691.28,62050275
2014-09-12,9706.59,9706.59,9617.7,9651.13,52625063
2014-09-15,9603.97,9682.46,9600.15,9659.63,55750897
2014-09-16,9644.28,9644.88,9588.65,9632.93,62265084
2014-09-17,9672.98,9695.44,9649.99,9661.5,67216885
2014-09-18,9703.1,9798.13,9686.43,9798.13,81235702
2014-09-19,9849.43,9891.2,9799.24,9799.26,195350414
2014-09-22,9748.53,9812.77,9735.69,9749.54,73980951
2014-09-23,9713.4,9719.66,9589.03,9595.03,88195952
2014-09-24,9598.77,9669.45,9534.77,9661.97,85850557
2014-09-25,9644.36,9718.11,9482.54,9510.01,97697000
2014-09-26,9500.55,9545.34,9454.88,9490.55,83499554
2014-09-29,9495.58,9504.98,9369.62,9422.91,77424784
2014-09-30,9446.81,9495,9404.89,9474.3,89859623
2014-10-01,9454.04,9520.97,9357.55,9382.03,83526579
2014-10-02,9363.28,9412.62,9195.68,9195.68,122375253
2014-10-06,9341.05,9343.65,9185.86,9209.51,103676286
2014-10-07,9164.77,9170.24,9080.35,9086.21,105001729
2014-10-08,9027.9,9064.88,8960.43,8995.33,112047011
2014-10-09,9082.66,9140.29,8975.06,9005.02,104101303
2014-10-10,8924.58,8958.66,8788.21,8788.81,162566052
2014-10-13,8703.85,8872.4,8699.6,8812.43,112874981
2014-10-14,8765.36,8854.39,8701.44,8825.21,116078320
2014-10-15,8838.68,8847.85,8558.83,8571.95,153532226
2014-10-16,8623.28,8662.86,8354.97,8582.9,224468475
2014-10-17,8629.16,8850.27,8588.42,8850.27,181971174
2014-10-20,8819.26,8834.73,8682.59,8717.76,103015964
2014-10-21,8693.06,8889.78,8644.71,8886.96,118317269
2014-10-22,8934.54,8957.16,8861.44,8940.14,97874288
2014-10-23,8873.54,9068.12,8820.89,9047.31,108376922
2014-10-24,9008.6,9044.85,8955.59,8987.8,98966499
2014-10-27,9080.8,9085.64,8837.66,8902.61,111764528
2014-10-28,8983.06,9077.89,8968.59,9068.19,78580544
2014-10-29,9139,9157.63,9072.64,9082.81,89680172
2014-10-30,9091.13,9146.95,8899.9,9114.84,119733178
2014-10-31,9283.4,9339.33,9217,9326.87,123211194
2014-11-03,9305.73,9343.64,9236.18,9251.7,79777577
2014-11-04,9244.09,9317.92,9148.78,9166.47,90365920
2014-11-05,9238.07,9329.07,9226.34,9315.48,81034837
2014-11-06,9284.97,9467.36,9268.63,9377.41,124002408
2014-11-07,9406.16,9414.32,9239.11,9291.83,104436951
2014-11-10,9233.87,9351.87,9222.57,9351.87,71162798
2014-11-11,9374.36,9400.9,9324.77,9369.03,79810337
2014-11-12,9339.68,9359.37,9189.63,9210.96,93733922
2014-11-13,9260.53,9311,9170.28,9248.51,82311964
2014-11-14,9272.36,9284.13,9184.46,9252.94,76730461
2014-11-17,9162.27,9331.32,9161.6,9306.35,72034408
2014-11-18,9323.75,9461.53,9323.52,9456.53,73982365
2014-11-19,9462.05,9521.73,9439.16,9472.8,73153498
2014-11-20,9460.4,9487.69,9382.23,9483.97,82097786
2014-11-21,9521.24,9736.14,9508.17,9732.55,166634381
2014-11-24,9722.31,9832.41,9711.77,9785.54,97612313
2014-11-25,9790.03,9921.46,9787.26,9861.21,117773853
2014-11-26,9894.6,9942.67,9868.35,9915.56,89124311
2014-11-27,9934.78,9992.67,9920.86,9974.87,84700245
2014-11-28,9990.7,9990.7,9902.4,9980.85,98906794
2014-12-01,9915.74,9979.08,9906.42,9963.51,97092835
2014-12-02,9983.79,10038.2,9910.21,9934.08,86630754
2014-12-03,9978.89,9993.85,9930.53,9971.79,83605017
2014-12-04,9998.85,10083.7,9835.42,9851.35,119705176
2014-12-05,9931.96,10093,9929.47,10087.1,93445064
2014-12-08,10060.9,10084.9,10014.9,10014.9,68931212
2014-12-09,9904.58,9951.66,9788.84,9793.71,110063626
2014-12-10,9859.78,9909.39,9775.39,9799.73,88531302
2014-12-11,9770.66,9907.82,9763.41,9862.53,98963276
2014-12-12,9794.2,9799.65,9586.22,9594.73,94544810
2014-12-15,9599.82,9678.26,9330.99,9334.01,112718683
2014-12-16,9366.56,9567.09,9219.05,9563.89,171052403
2014-12-17,9455.74,9589.25,9429.4,9544.43,102078946
2014-12-18,9711.61,9811.06,9671.18,9811.06,121015635
2014-12-19,9901.26,9901.26,9688.66,9786.96,173452906
2014-12-22,9827.26,9924.01,9826.55,9865.76,61833279
2014-12-23,9887.24,9922.11,9848.06,9922.11,47508196
2014-12-29,9914.87,9927.85,9775.45,9927.13,47150787
2014-12-30,9883.1,9886.78,9805.55,9805.55,34753267
2015-01-02,9869.13,9879.53,9687.26,9764.73,67673937
2015-01-05,9735.65,9790.27,9468.91,9473.16,105538349
2015-01-06,9484.25,9624.65,9382.82,9469.66,96812278
2015-01-07,9510.34,9592.37,9459.18,9518.18,82466602
2015-01-08,9643.77,9855.43,9607.9,9837.61,114825020
2015-01-09,9813.99,9860.18,9601.75,9648.5,107473403
2015-01-12,9697.46,9815.96,9622.32,9781.9,101315825
2015-01-13,9759.57,9978.94,9755.02,9941,116360634
2015-01-14,9810.7,9962.98,9768.1,9817.08,125068897
2015-01-15,9933.45,10063.1,9637.33,10032.6,147822288
2015-01-16,9985.51,10207.9,9940.64,10167.7,141081531
2015-01-19,10231.5,10293,10191.9,10242.3,80650325
2015-01-20,10278.5,10298.4,10211.3,10257.1,109024394
2015-01-21,10270.3,10308.6,10149.7,10299.2,116237909
2015-01-22,10300.2,10454,10228.5,10435.6,151255814
2015-01-23,10503.3,10704.3,10502.8,10649.5,167797347
2015-01-26,10592.9,10807.5,10589,10798.3,105118584
2015-01-27,10785.9,10810.5,10592.4,10628.5,115893506
2015-01-28,10719.4,10728.8,10552.7,10710.9,113074154
2015-01-29,10666.4,10743.5,10607.7,10737.8,100309991
2015-01-30,10801.3,10804,10642.5,10694.3,108714453
2015-02-02,10719.1,10828,10678.2,10828,100490418
2015-02-03,10867.6,10984.6,10860,10890.9,134335985
2015-02-04,10892.5,10912.2,10803.1,10911.3,98694461
2015-02-05,10840.7,10926.7,10822.7,10905.4,87662742
2015-02-06,10866.2,10877.6,10802.8,10846.3,78680471
2015-02-09,10765.2,10767.2,10614.1,10663.5,102797322
2015-02-10,10675.5,10797.4,10594.3,10753.8,93678072
2015-02-11,10765,10791.5,10696.7,10752.1,69851742
2015-02-12,10746.9,10955.4,10746.9,10919.6,107103025
2015-02-13,10952.3,11013.8,10948.4,10963.4,99482258
2015-02-16,10946.8,10963.4,10909.4,10923.2,61995461
2015-02-17,10847.7,10921.2,10765,10895.6,77400384
2015-02-18,10931.7,10980.9,10909.6,10961,70942131
2015-02-19,10932.4,11022.2,10874.9,11001.9,87999520
2015-02-20,10976.7,11081.8,10946.9,11050.6,136029001
2015-02-23,11150.4,11158.5,11069.7,11130.9,76625541
2015-02-24,11128.1,11228.3,11090.7,11205.7,82593844
2015-02-25,11208.2,11225.6,11174.7,11210.2,80915254
2015-02-26,11206.6,11330.6,11187,11327.1,85072962
2015-02-27,11337.1,11401.6,11301.3,11401.6,94058101
2015-03-02,11408.2,11455,11362.8,11410.3,80280925
2015-03-03,11424.6,11465.2,11280.3,11280.3,84804328
2015-03-04,11317.2,11390.3,11193.3,11390.3,79990878
2015-03-05,11427.6,11532.8,11409.1,11504,83133304
2015-03-06,11513.8,11600.3,11495.2,11550.9,83005806
2015-03-09,11510.3,11586.9,11461.8,11582.1,70116349
2015-03-10,11555.9,11577.7,11402.6,11500.3,93041569
2015-03-11,11531.5,11822.5,11531.5,11805.9,107890379
2015-03-12,11795.9,11830.1,11754.9,11799.3,119851496
2015-03-13,11845.9,11903.3,11744.9,11901.6,104888411
2015-03-16,11955.8,12219,11955.3,12167.7,112369883
2015-03-17,12163,12195.5,11930.5,11980.8,104121284
2015-03-18,12002.2,12017.9,11814.4,11922.7,114361610
2015-03-19,11897.4,12001.1,11787.3,11899.4,110433586
2015-03-20,11942.1,12087.6,11926.8,12039.3,181397811
2015-03-23,11984.7,11985.1,11858.1,11895.8,88385427
2015-03-24,11821.2,12030.5,11797.6,12005.6,104205647
2015-03-25,11995,12022.8,11858.2,11865.3,84585795
2015-03-26,11736.3,11849.3,11619.7,11843.6,120047442
2015-03-27,11920.2,11954,11799,11868.3,88495679
2015-03-30,11927.1,12090.1,11922.7,12086,75164170
2015-03-31,12054.2,12119.7,11943.1,11966.1,87376630
2015-04-01,11902.9,12112.9,11880.1,12001.3,93436865
2015-04-02,11991.6,12020.1,11948.8,11967.3,70758452
2015-04-07,12057.3,12149.3,12035.7,12123.5,91113068
2015-04-08,12109.8,12122.3,12017.8,12035.8,72017896
2015-04-09,12099.4,12166.4,12047.9,12166.4,60312567
2015-04-10,12226.9,12390.7,12214.5,12374.7,80849128
2015-04-13,12357.2,12388.1,12326.7,12338.7,62629811
2015-04-14,12306.3,12339.8,12181.2,12227.6,73456648
2015-04-15,12220.1,12326.1,12214.8,12231.3,69853987
2015-04-16,12224.7,12227.5,11997.7,11998.8,97991119
2015-04-17,11942.3,12019.7,11674.5,11688.7,136933634
2015-04-20,11736.4,11903.7,11727,11891.9,73533273
2015-04-21,11994.8,12079,11913.3,11939.5,80145644
2015-04-22,11984.3,12041.3,11787.2,11867.3,81502797
2015-04-23,11887.1,11940.2,11675.5,11723.5,89480477
2015-04-24,11783.5,11881,11711.1,11810.8,84712047
2015-04-27,11881.2,12050.7,11729,12039.1,103024819
2015-04-28,12035.5,12047.3,11743.7,11811.6,125624203
2015-04-29,11864.4,11885,11410.5,11432.7,134679778
2015-04-30,11440.7,11570.6,11331.3,11454.3,126690886
2015-05-04,11506.8,11656.8,11411.7,11619.8,80328749
2015-05-05,11576.1,11751.2,11322.6,11327.6,121580006
2015-05-06,11377.5,11457.9,11239.8,11350.1,101726681
2015-05-07,11265.1,11437.5,11167.5,11407.9,119253439
2015-05-08,11483,11710.4,11415.2,11709.7,111159499
2015-05-11,11674.5,11702.1,11622,11673.3,73175590
2015-05-12,11557.9,11565.2,11377.3,11472.4,104691765
2015-05-13,11532.9,11596.4,11301.6,11351.4,108123436
2015-05-14,11299.1,11579.8,11218.5,11559.8,72926151
2015-05-15,11593.2,11632.3,11383.2,11447,97759091
2015-05-18,11464.8,11594.9,11378.8,11594.2,78737696
2015-05-19,11709.8,11873.2,11706.8,11853.3,99880465
2015-05-20,11858.4,11871.4,11780,11848.4,68486735
2015-05-21,11815.4,11868.7,11758.8,11864.5,71402861
2015-05-22,11881.4,11881.8,11792.3,11815,64150276
2015-05-26,11841.4,11920.3,11586.3,11625.1,96666653
2015-05-27,11647,11790.3,11595.1,11771.1,100896079
2015-05-28,11716,11773.7,11605.9,11677.5,84031308
2015-05-29,11685.6,11704.3,11403.8,11413.8,124443628
2015-06-01,11462.9,11510.9,11345.1,11436,75686735
2015-06-02,11467,11467,11270.5,11328.8,88144833
2015-06-03,11359.8,11515.2,11300.3,11419.6,88106327
2015-06-04,11370.5,11449.7,11187.4,11340.6,106480090
2015-06-05,11241.4,11287.2,11155,11197.1,91468942
2015-06-08,11131.8,11224.5,11059.1,11064.9,98832861
2015-06-09,11025,11071.6,10864.6,11001.2,102708478
2015-06-10,10970.4,11299.6,10939.5,11265.3,102696850
2015-06-11,11242.8,11452.9,11236.5,11332.7,92249892
2015-06-12,11286.5,11365.9,11069.3,11196.4,88895886
2015-06-15,11053.2,11090.7,10952.7,10984.9,80597425
2015-06-16,10910,11074.3,10797.8,11044,88926100
2015-06-17,11066.7,11115.3,10947.3,10978,83258982
2015-06-18,10937.6,11109.7,10806.1,11100.3,100028237
2015-06-19,11121.3,11246.2,10997.9,11040.1,212137520
2015-06-22,11138.7,11470.2,11138.5,11460.5,119290885
2015-06-23,11552.9,11635.8,11517.1,11542.5,88926065
2015-06-24,11566.3,11589.3,11364.4,11471.2,94706745
2015-06-25,11410.6,11594.2,11352.4,11473.1,71845768
2015-06-26,11387.1,11561.8,11373.4,11492.4,94560472
2015-06-29,11404.7,11409.8,10964.2,11083.2,134211012
2015-06-30,11058,11137.1,10897.9,10944.9,135591329
2015-07-01,11050.3,11283.7,10979.2,11180.5,122763931
2015-07-02,11191.2,11229,11078.5,11099.3,77177963
2015-07-03,11082,11123.1,11005.7,11058.3,65584134
2015-07-06,10825,10996.4,10825,10890.6,101564336
2015-07-07,10930,10946.8,10663.9,10676.7,107402610
2015-07-08,10710.2,10802.8,10652.7,10747.3,94414976
2015-07-09,10795.1,11035,10784.4,10996.4,86428782
2015-07-10,11170.7,11339.7,11149.2,11315.6,104804045
2015-07-13,11489.1,11506.9,11421.8,11484.3,91886286
2015-07-14,11456.5,11519.3,11414.3,11516.9,67809733
2015-07-15,11508.3,11566,11475.9,11539.6,66692327
2015-07-16,11624.4,11787.5,11607.1,11716.7,86470624
2015-07-17,11747.4,11753.1,11649.9,11673.4,69953745
2015-07-20,11679.4,11802.3,11678.1,11735.7,62910725
2015-07-21,11760,11773.4,11583.8,11604.8,65376130
2015-07-22,11511.1,11589.6,11486.3,11520.6,70077553
2015-07-23,11611.4,11614.7,11453.6,11512.1,65094594
2015-07-24,11467.8,11542.9,11334.7,11347.4,68500230
2015-07-27,11287.7,11297.5,11052.8,11056.4,88788385
2015-07-28,11129.9,11242.4,11068.3,11173.9,75648987
2015-07-29,11249.3,11253.5,11123.2,11211.8,72184284
2015-07-30,11305.4,11313.2,11140.6,11257.1,96920791
2015-07-31,11271.3,11308.9,11173.1,11308.9,85130575
2015-08-03,11295.5,11460.4,11248.2,11443.7,80392758
2015-08-04,11408.2,11476.9,11380.8,11456,68762836
2015-08-05,11503.2,11655.7,11497.9,11636.3,76082519
2015-08-06,11605.5,11669.8,11574.9,11585.1,69557554
2015-08-07,11561.3,11582.9,11484.8,11490.8,62073813
2015-08-10,11545.6,11618.3,11431.7,11604.7,61246035
2015-08-11,11548,11561,11278.7,11293.6,87067969
2015-08-12,11151.7,11153.6,10892.8,10924.6,120520391
2015-08-13,11098.1,11153.9,10980.8,11014.6,88821098
2015-08-14,11010.5,11093,10911.1,10985.1,69223783
2015-08-17,11044.7,11113.7,10818.7,10940.3,71128329
2015-08-18,10916.7,10976,10883.1,10915.9,60549690
2015-08-19,10819.8,10848.8,10681.3,10682.1,84620654
2015-08-20,10593.2,10654.5,10400.9,10432.1,110741995
2015-08-21,10228.7,10437.2,10124.5,10124.5,157939616
2015-08-24,9805.72,9935.53,9338.2,9648.43,294378197
2015-08-25,9816.59,10185.8,9748.92,10128.1,213162892
2015-08-26,9956.85,10159.9,9853.12,9997.43,139035148
2015-08-27,10271.3,10382.9,10222,10315.6,108343522
2015-08-28,10335.9,10336.9,10186,10298.5,78726501
2015-08-31,10200.9,10273.5,10132.1,10259.4,78175031
2015-09-01,10073.7,10119.5,9928.65,10015.5,119366680
2015-09-02,10060.3,10122.2,9962.25,10048,92312335
2015-09-03,10161.3,10380.3,10145.7,10317.8,118777973
2015-09-04,10216.1,10216.1,9996.16,10038,137385471
2015-09-07,10148.8,10184.5,10055.1,10108.6,56074307
2015-09-08,10198.6,10371.9,10198.4,10271.3,99156012
2015-09-09,10489.2,10512.6,10301.1,10303.1,99939921
2015-09-10,10216,10326.5,10157.3,10210.4,104453643
2015-09-11,10243.4,10243.4,10079,10123.5,83247524
2015-09-14,10112.9,10225.3,10084.8,10131.7,77501868
2015-09-15,10154.7,10244.8,10070.1,10188.1,141958396
2015-09-16,10288.3,10336.2,10173.9,10227.2,122166413
2015-09-17,10269.3,10273.2,10208.5,10229.5,120023685
2015-09-18,10177.5,10180.5,9861.51,9916.16,284561608
2015-09-21,9837.13,10000.6,9785.11,9948.51,115163342
2015-09-22,9974.41,9974.8,9558.96,9570.66,154642433
2015-09-23,9578.1,9712.46,9492.86,9612.62,116043338
2015-09-24,9599.91,9707.69,9362.28,9427.64,156737932
2015-09-25,9594.53,9745.77,9585.33,9688.53,124073040
2015-09-28,9633.68,9677.25,9479.4,9483.55,106339020
2015-09-29,9346.04,9536.63,9325.05,9450.4,116110145
2015-09-30,9674.61,9732.54,9596.95,9660.44,113184226
2015-10-01,9757.04,9788.27,9471.36,9509.25,115443642
2015-10-02,9606.59,9667.54,9396.34,9553.07,126685608
2015-10-05,9691.65,9854.77,9647.17,9814.79,121330221
2015-10-06,9804.42,9957.92,9730.41,9902.83,99016953
2015-10-07,9968.56,10093.1,9932.42,9970.4,118894068
2015-10-08,9942.78,10027.4,9911.05,9993.07,103509105
2015-10-09,10100.7,10146.8,10049.3,10096.6,105247172
2015-10-12,10128.4,10187,10057.5,10119.8,105142516
2015-10-13,10106.6,10107.8,9939.96,10032.8,102166149
2015-10-14,9948.49,10036.2,9890.46,9915.85,98815533
2015-10-15,9999.64,10088.4,9957.39,10064.8,91564763
2015-10-16,10128.8,10166.7,10058.5,10104.4,100189461
2015-10-19,10084.6,10205,10084.6,10164.3,68180265
2015-10-20,10174.8,10194.5,10080.1,10147.6,69314641
2015-10-21,10185.4,10277.5,10107.9,10238.1,72186987
2015-10-22,10213,10508.2,10194.7,10491.9,110836745
2015-10-23,10610.3,10847.4,10586.9,10794.5,120121429
2015-10-26,10791.1,10863,10756.8,10801.3,75352127
2015-10-27,10761.3,10807.4,10692.1,10692.1,83819794
2015-10-28,10728.1,10848.4,10691.6,10831.9,79923370
2015-10-29,10867.1,10886.9,10741.1,10800.8,126302220
2015-10-30,10842.5,10850.5,10748.7,10850.1,92030902
2015-11-02,10749.9,10977.1,10744.3,10950.6,95950644
2015-11-03,10945.3,10972.2,10883.9,10951.1,84574475
2015-11-04,10957,10990.7,10825.5,10845.2,99251225
2015-11-05,10847.5,10963.9,10784.2,10887.7,94791791
2015-11-06,10872.9,11055.4,10843.4,10988,92252116
2015-11-09,10993.2,10995.4,10807.1,10815.4,75764088
2015-11-10,10846.9,10863.5,10728.9,10832.5,80064479
2015-11-11,10843.6,10994.5,10843.6,10907.8,82513179
2015-11-12,10895.7,10957.6,10735.1,10782.6,97216349
2015-11-13,10764.5,10811.7,10607.4,10708.4,85245729
2015-11-16,10609.1,10763.6,10608.8,10713.2,65211923
2015-11-17,10810.9,10971,10782.9,10971,76119379
2015-11-18,10901.7,10989.5,10877.6,10959.9,63453480
2015-11-19,11061.8,11150.7,11045.5,11085.4,77557235
2015-11-20,11123.8,11164.3,11049.3,11119.8,78613868
2015-11-23,11105.9,11126.3,11049.9,11092.3,61688439
2015-11-24,11064.7,11064.9,10869.2,10933.9,86968567
2015-11-25,10958.4,11186.6,10921.7,11169.5,86833364
2015-11-26,11180.9,11366.3,11176.5,11320.7,88740712
2015-11-27,11277.9,11354,11247.1,11293.7,63973443
2015-11-30,11268.3,11430.8,11253.3,11382.2,95920308
2015-12-01,11422.4,11430.3,11235.9,11261.2,111657532
2015-12-02,11301.5,11329.7,11188,11190,87503233
2015-12-03,11173.7,11318.8,10780.6,10789.2,159632005
2015-12-04,10770.1,10814.8,10632.7,10752.1,111673723
2015-12-07,10832.4,10992.5,10806.5,10886,72014122
2015-12-08,10872.6,10895.5,10616.2,10673.6,91022538
2015-12-09,10719.7,10719.7,10554.5,10592.4,88869009
2015-12-10,10547.5,10662.7,10500,10598.9,80125889
2015-12-11,10572.8,10596,10294.2,10340,105118433
2015-12-14,10406.7,10448.6,10122.9,10139.3,97320059
2015-12-15,10239.8,10482.7,10237.4,10450.3,101824128
2015-12-16,10476,10572.5,10423.7,10469.2,84332314
2015-12-17,10685.3,10829.6,10656.3,10738.1,115513286
2015-12-18,10639.9,10735.8,10543,10608.1,197070857
2015-12-21,10607.2,10796,10497.7,10497.7,79428853
2015-12-22,10598.1,10623.9,10400.6,10488.7,61732203
2015-12-23,10623.5,10743.3,10595.2,10727.6,71407212
2015-12-28,10748.3,10756.1,10627.4,10653.9,35335926
2015-12-29,10744.9,10860.1,10731.6,10860.1,53347371
2015-12-30,10855.1,10857.4,10743,10743,35240296
2016-01-04,10485.8,10485.9,10248.5,10283.4,119844268
2016-01-05,10373.2,10384.2,10173.5,10310.1,84890443
2016-01-06,10288.6,10288.6,10094.1,10214,90465727
2016-01-07,10144.1,10145.4,9810.47,9979.85,128029005
2016-01-08,10010.4,10122.4,9849.34,9849.34,98631078
2016-01-11,9814.04,9978.69,9813.02,9825.07,92547620
2016-01-12,9832.82,10092.6,9832.82,9985.43,99681343
2016-01-13,10112.3,10164,9929.07,9960.96,93643404
2016-01-14,9836.85,9884.27,9614.77,9794.2,137020764
2016-01-15,9778.36,9832.92,9459.09,9545.27,146397665
2016-01-18,9542.6,9657.94,9457.95,9521.85,91275222
2016-01-19,9722.64,9756.14,9626.65,9664.21,102829567
2016-01-20,9430.13,9490.45,9314.57,9391.64,138206228
2016-01-21,9400.69,9656.33,9348.74,9574.16,147730302
2016-01-22,9762.55,9837.62,9704.9,9764.88,127518267
2016-01-25,9790.44,9800.49,9681.7,9736.15,94406875
2016-01-26,9599.56,9867.18,9563.64,9822.75,113632594
2016-01-27,9781.42,9880.82,9728.64,9880.82,91926109
2016-01-28,9826.28,9905.08,9594.8,9639.59,117743730
2016-01-29,9772.58,9798.38,9656.36,9798.11,117174610
2016-02-01,9823.73,9827.1,9638.58,9757.88,92729421
2016-02-02,9721.18,9729.23,9536.97,9581.04,107857859
2016-02-03,9541.53,9577.2,9350.98,9434.82,125091414
2016-02-04,9522.67,9539.92,9270.09,9393.36,133766206
2016-02-05,9375.29,9469.71,9250.84,9286.23,134856019
2016-02-08,9329.87,9337.52,8937.98,8979.36,154467587
2016-02-09,8980.71,9041.9,8772.88,8879.4,159802682
2016-02-10,8937.98,9128.54,8875.45,9017.29,136822309
2016-02-11,8887.89,8899.57,8699.29,8752.87,153636317
2016-02-12,8854.4,8967.51,8815.77,8967.51,160471700
2016-02-15,9163.54,9249.46,9134.76,9206.84,127182108
2016-02-16,9242.75,9269.06,9079.19,9135.11,106014204
2016-02-17,9174.28,9394.62,9156.14,9377.21,128612991
2016-02-18,9428.01,9551.87,9349.95,9463.64,123801441
2016-02-19,9420.51,9474.02,9319.1,9388.05,109839929
2016-02-22,9481.37,9581.45,9477.69,9573.59,93879879
2016-02-23,9503.12,9535.12,9405.22,9416.77,89938886
2016-02-24,9396.48,9415.33,9125.19,9167.8,102284543
2016-02-25,9277.02,9391.31,9199.09,9331.48,98941340
2016-02-26,9454.52,9576.88,9436.33,9513.3,98620745
2016-02-29,9424.93,9498.57,9332.42,9495.4,93792525
2016-03-01,9482.66,9719.02,9471.09,9717.16,99543283
2016-03-02,9780.84,9837.11,9695.98,9776.62,106449632
2016-03-03,9807.06,9808.52,9709.68,9751.92,85246708
2016-03-04,9800.86,9899.11,9742.76,9824.17,93446785
2016-03-07,9764.08,9803.73,9690,9778.93,78146888
2016-03-08,9688.47,9785.05,9617.69,9692.82,95752689
2016-03-09,9700.16,9838.95,9679.19,9723.09,100899199
2016-03-10,9697.64,9995.84,9498.15,9498.15,177504378
2016-03-11,9672.05,9833.9,9642.79,9831.13,118955181
2016-03-14,9948.21,10039.6,9936.06,9990.26,91438198
2016-03-15,9941.46,9973.58,9890.12,9933.85,77982772
2016-03-16,9971.04,10021.7,9917.92,9983.41,93635152
2016-03-17,10051.6,10055.2,9753.04,9892.2,114653212
2016-03-18,9905.67,9961.48,9822.52,9950.8,209129904
2016-03-21,9893.26,10095.4,9863.83,9948.64,78954243
2016-03-22,9836.28,9990,9762.57,9990,81627679
2016-03-23,10046.9,10112.1,9964.63,10022.9,83248080
2016-03-24,9974.6,9977.99,9845.37,9851.35,73414461
2016-03-29,9900.88,9947.03,9808.48,9887.94,67557962
2016-03-30,9951.68,10097.7,9947.26,10046.6,89486696
2016-03-31,9997.44,10021.3,9947.02,9965.51,84529545
2016-04-01,9833.26,9851.31,9675.5,9794.64,97643663
2016-04-04,9789.77,9907.05,9732.82,9822.08,73483228
2016-04-05,9647.81,9661.3,9553.17,9563.36,93710925
2016-04-06,9582.46,9635.91,9505.9,9624.51,92588495
2016-04-07,9648.55,9702.18,9484.75,9530.62,83206361
2016-04-08,9576.4,9675.03,9572.57,9622.26,78334677
2016-04-11,9595.56,9751.93,9524.66,9682.99,78479681
2016-04-12,9716.75,9770.47,9617.83,9761.47,75912864
2016-04-13,9901.13,10026.1,9893.42,10026.1,106641009
2016-04-14,10042.2,10098.4,10016.1,10093.6,82082678
2016-04-15,10063.8,10070,10020.3,10051.5,81966379
2016-04-18,9933.7,10147.8,9920.9,10120.3,68564608
2016-04-19,10170.1,10370.8,10150.6,10349.5,99464193
2016-04-20,10312.6,10440.1,10304.1,10421.2,96317859
2016-04-21,10456.9,10474.3,10341.9,10435.7,101414449
2016-04-22,10377.2,10422.8,10324.8,10373.4,83529505
2016-04-25,10379.1,10399.3,10233.4,10294.3,75159658
2016-04-26,10359.7,10385.2,10213.5,10259.5,79903802
2016-04-27,10283.1,10323.2,10220.5,10299.8,99071898
2016-04-28,10222.1,10331.9,10125.5,10321.1,93064301
2016-04-29,10235.4,10252,10038.9,10038.9,112470154
2016-05-02,10091.1,10153.9,10066.3,10123.2,62290345
2016-05-03,10052.5,10061.9,9918.43,9926.77,129501237
2016-05-04,9925.25,9959.42,9812.73,9828.25,102911720
2016-05-05,9849.7,9921.37,9805.55,9851.86,71084364
2016-05-06,9805.39,9917.63,9737,9869.95,89841453
2016-05-09,9929.19,10068.5,9878.71,9980.49,80185999
2016-05-10,10057.5,10106.9,9994.58,10045.4,83009924
2016-05-11,10055.4,10055.7,9950.11,9975.32,97288272
2016-05-12,9899.9,10078.1,9838.12,9862.12,103137102
2016-05-13,9794.83,9979.93,9767.94,9952.9,85100056
2016-05-17,10016.7,10080.3,9846.91,9890.19,98583183
2016-05-18,9828.05,9946.27,9811.86,9943.23,76853562
2016-05-19,9847.64,9899.86,9773.72,9795.89,93387316
2016-05-20,9878.49,9921.59,9852.71,9916.02,78255472
2016-05-23,9891.38,9971.74,9811.74,9842.29,76899459
2016-05-24,9798.94,10077.6,9773.8,10057.3,85241428
2016-05-25,10143.3,10233,10130.6,10205.2,97691057
2016-05-26,10213.8,10286.2,10207,10272.7,74689635
2016-05-27,10257.9,10298.7,10241.9,10286.3,64407663
2016-05-30,10293.4,10338.4,10286.3,10333.2,35396910
2016-05-31,10356.1,10365.2,10243.2,10262.7,91591206
2016-06-01,10242.7,10283.8,10160.2,10204.4,79532030
2016-06-02,10199.2,10241.7,10156.8,10208,63117958
2016-06-03,10237.5,10282.7,10040.8,10103.2,85879750
2016-06-06,10105,10148.9,10092.8,10121,55122026
2016-06-07,10196.1,10312.5,10183.1,10287.6,78493415
2016-06-08,10246.4,10266.3,10177.4,10217,75767886
2016-06-09,10184.4,10187,10050,10088.8,108383532
2016-06-10,10024.6,10026.4,9819.12,9834.62,109159615
2016-06-13,9715.78,9755.23,9657.44,9657.44,102325227
2016-06-14,9595.17,9620.84,9507.51,9519.2,102835357
2016-06-15,9589.47,9665.21,9567.15,9606.71,95301358
2016-06-16,9480.43,9582.38,9432.87,9550.47,101528046
2016-06-17,9620.92,9705.29,9578.15,9631.36,145900515
2016-06-20,9850.59,9996.56,9850.59,9962.02,94347659
2016-06-21,9943.84,10051,9930.1,10015.5,83050053
2016-06-22,10084.7,10149.8,10043.6,10071,80461166
2016-06-23,10122.4,10340.8,10104.9,10257,110232987
2016-06-24,9237.62,9720.12,9226.15,9557.16,325189532
2016-06-27,9516.92,9589.28,9214.1,9268.66,209916544
2016-06-28,9458.38,9554.41,9419.38,9447.28,136518894
2016-06-29,9557.69,9640.39,9506.29,9612.27,115823931
2016-06-30,9566.07,9695.59,9513.52,9680.09,136896561
2016-07-01,9742.84,9806.47,9657.63,9776.12,101971071
2016-07-04,9797.66,9808.99,9701.15,9709.09,79934202
2016-07-05,9656.05,9659.41,9506.84,9532.61,97702093
2016-07-06,9449.57,9530.59,9304.01,9373.26,134692440
2016-07-07,9437.47,9507.91,9399.69,9418.78,91496980
2016-07-08,9392.2,9655.92,9389.05,9629.66,97029731
2016-07-11,9744.8,9841.86,9690.18,9833.41,80795483
2016-07-12,9850.4,10013.4,9841.11,9964.07,101659026
2016-07-13,9941.99,10001.8,9919.41,9930.71,96305952
2016-07-14,10058.4,10109.8,9984.55,10068.3,100409997
2016-07-15,10031.1,10098.7,9987.05,10066.9,89992452
2016-07-18,10079,10160.3,10011.8,10063.1,70359308
2016-07-19,10038.9,10050.7,9923.64,9981.24,69292536
2016-07-20,10054.5,10146.7,9991.65,10142,79709179
2016-07-21,10195.4,10195.6,10090.1,10156.2,97531520
2016-07-22,10130.5,10181.2,10073.2,10147.4,62724864
2016-07-25,10155.2,10264,10125.2,10198.2,58553188
2016-07-26,10199.6,10275.4,10150,10247.7,79527315
2016-07-27,10314.4,10352.3,10298.4,10319.5,85864160
2016-07-28,10309.9,10381.9,10264.3,10274.9,95731517
2016-07-29,10320.8,10355.3,10287.3,10337.5,94143227
2016-08-01,10426.3,10459.3,10277.3,10330.5,84752784
2016-08-02,10328.8,10330.6,10128.9,10144.3,124503842
2016-08-03,10150.1,10189.1,10092.5,10170.2,89966286
2016-08-04,10237,10282.1,10182.4,10227.8,79200082
2016-08-05,10242.8,10374.3,10216.6,10367.2,69838698
2016-08-08,10407.5,10478.7,10403.4,10432.3,66865105
2016-08-09,10438.6,10701.3,10433.7,10692.9,81923576
2016-08-10,10676.9,10708.2,10635.1,10650.8,101105909
2016-08-11,10687.5,10742.8,10635.4,10742.8,73242610
2016-08-12,10718.3,10735.1,10685.5,10713.4,60464372
2016-08-15,10719.1,10802.3,10712.1,10739.2,42913914
2016-08-16,10666.7,10737,10634.6,10676.6,63827502
2016-08-17,10694.5,10696.7,10516,10537.6,68616090
2016-08-18,10613,10625.3,10548.9,10603,55434520
2016-08-19,10613.2,10618.1,10490.9,10544.3,75389066
2016-08-22,10528.8,10656.2,10443.4,10494.3,60733212
2016-08-23,10542.9,10627,10516.2,10592.8,57648055
2016-08-24,10531.1,10653.1,10515.1,10622.9,62918068
2016-08-25,10576.5,10576.5,10470.7,10529.5,54747938
2016-08-26,10512.2,10613,10484,10587.7,49679639
2016-08-29,10503.8,10566.6,10441.8,10544.4,35059845
2016-08-30,10588.7,10688.4,10588.4,10657.6,62085382
2016-08-31,10627.1,10666.8,10591.4,10592.6,89943820
2016-09-01,10622.3,10676.3,10492.2,10534.3,104480684
2016-09-02,10570.7,10693.6,10516.8,10683.8,83683597
2016-09-05,10712.1,10740.3,10671.5,10672.2,58164154
2016-09-06,10704.8,10742.4,10657.4,10687.1,67228345
2016-09-07,10706.8,10775.9,10659.7,10752.9,79763466
2016-09-08,10749.8,10780.4,10570,10675.2,93703235
2016-09-09,10641.8,10671.6,10539.3,10573.4,101924789
2016-09-12,10380.4,10431.9,10299.3,10431.7,126469933
2016-09-13,10483,10507,10382.8,10386.6,89963718
2016-09-14,10410.3,10450.4,10369.7,10378.4,94000174
2016-09-15,10360.8,10446.4,10337.2,10431.2,83377481
2016-09-16,10403.6,10427.2,10262.1,10276.1,214977906
2016-09-19,10349.8,10381.9,10326.7,10373.8,72793725
2016-09-20,10374.6,10465.9,10371.6,10393.8,74047152
2016-09-21,10496.4,10535.2,10427.2,10436.4,79030138
2016-09-22,10518.5,10705.4,10517.8,10674.1,98953610
2016-09-23,10662.4,10675.6,10610.9,10626.9,70001780
2016-09-26,10555.1,10560.8,10385.6,10393.7,105447064
2016-09-27,10451.4,10455.8,10265.6,10361.4,111484373
2016-09-28,10425.8,10518.3,10417.1,10438.3,87738723
2016-09-29,10545.6,10575.3,10370.2,10405.5,103879884
2016-09-30,10240.6,10531.2,10189.9,10511,188168431
2016-10-04,10492.9,10646.7,10492.2,10619.6,131527101
2016-10-05,10535.6,10622.4,10486.6,10585.7,96736401
2016-10-06,10641.1,10641.1,10537.6,10568.8,108655321
2016-10-07,10549.6,10579,10465.3,10490.8,125272056
2016-10-10,10496,10639.4,10454.9,10624,101673904
2016-10-11,10600.9,10692.3,10568.7,10577.1,97984006
2016-10-12,10572.7,10604,10503.2,10523,90401475
2016-10-13,10425.7,10430.8,10349,10414,98756273
2016-10-14,10450,10615.3,10449.4,10580.3,101264572
2016-10-17,10544.6,10583.7,10491.2,10503.5,63729886
2016-10-18,10560.1,10657.3,10543.6,10631.5,88963507
2016-10-19,10626.9,10672.2,10587.7,10645.6,75976535
2016-10-20,10665.7,10748.4,10592.8,10701.3,106411639
2016-10-21,10710.5,10737.2,10672.3,10710.7,86862549
2016-10-24,10743.8,10820,10743.8,10761.1,79892758
2016-10-25,10786.2,10827.7,10738.3,10757.3,92480484
2016-10-26,10726.2,10737.7,10632.2,10709.6,78207227
2016-10-27,10691.8,10772.6,10656.1,10717,84114617
2016-10-28,10634.9,10716.1,10583.5,10696.1,72757211
2016-10-31,10658.6,10687.7,10634.3,10665,70462663
2016-11-01,10724.1,10730.4,10506.3,10526.1,77982310
2016-11-02,10443.5,10460.9,10368.2,10370.9,92787189
2016-11-03,10341.8,10406.7,10325.8,10325.8,85258564
2016-11-04,10281.8,10286.3,10212.5,10259.1,90278793
2016-11-07,10410.5,10456.9,10381.1,10456.9,84888864
2016-11-08,10449.5,10486,10414.8,10482.3,78075346
2016-11-09,10181.8,10646.5,10174.9,10646,173824260
2016-11-10,10710,10793.9,10575.9,10630.1,191298216
2016-11-11,10702.8,10714.4,10584.3,10667.9,133408072
2016-11-14,10750.6,10802.3,10677,10693.6,134894057
2016-11-15,10720.9,10748.3,10666.1,10735.1,107326314
2016-11-16,10726.3,10735.4,10610.2,10663.8,98808310
2016-11-17,10640.3,10686.8,10604.3,10685.5,98108196
2016-11-18,10735,10737.9,10649.1,10664.5,106647482
2016-11-21,10697.9,10727,10595.1,10685.1,73724159
2016-11-22,10745.6,10767.7,10707.8,10713.8,85867221
2016-11-23,10718.8,10742.6,10602.2,10662.4,95534933
2016-11-24,10689.1,10715.6,10653.6,10689.2,55623308
2016-11-25,10700.1,10710.1,10649.3,10699.2,61043930
2016-11-28,10655.9,10658.3,10554.9,10582.6,75862477
2016-11-29,10562.1,10624.7,10539.2,10620.4,80835841
2016-11-30,10615.7,10691.6,10606,10640.3,110326091
2016-12-01,10593,10627.1,10502.5,10534,93397647
2016-12-02,10436.4,10545.3,10402.5,10513.3,86402751
2016-12-05,10494.6,10730.7,10493.6,10684.8,107266876
2016-12-06,10685,10786.2,10668.6,10775.3,142691652
2016-12-07,10885,10988.7,10873.8,10986.6,148433132
2016-12-08,11035.7,11193.1,10990.6,11179.4,180242345
2016-12-09,11170.1,11231.6,11145.9,11203.6,107041234
2016-12-12,11198.4,11213,11141.8,11190.2,92589385
2016-12-13,11194.6,11300.4,11191.6,11284.6,101532392
2016-12-14,11254.4,11281.4,11235.2,11244.8,93090649
2016-12-15,11267,11387.1,11267,11366.4,145748187
2016-12-16,11368.6,11451.5,11357.1,11404,184161520
2016-12-19,11384,11426.7,11380.1,11426.7,83386166
2016-12-20,11415.3,11472,11406.9,11464.7,78145016
2016-12-21,11445.2,11479.8,11440.2,11468.6,64311346
2016-12-22,11444.4,11475.7,11428.7,11456.1,51520761
2016-12-23,11477.2,11480.1,11409.4,11449.9,55099166
2016-12-27,11457.9,11481.4,11451.5,11472.2,29548740
2016-12-28,11469.4,11475.8,11459.4,11474.9,47142491
2016-12-29,11411.3,11459.1,11404.8,11451,45106536
2016-12-30,11443.3,11481.6,11405.7,11481,43103975
2017-01-02,11426.3,11617.2,11414.8,11598.3,48923819
2017-01-03,11631.7,11637.3,11561.2,11584.2,91147885
2017-01-04,11609.5,11616,11531.4,11584.3,84715048
2017-01-05,11537.7,11602.5,11537.4,11584.9,77242248
2017-01-06,11560.5,11605.7,11547,11599,69159741
2017-01-09,11606.8,11606.8,11522.3,11563.9,81163086
2017-01-10,11583.2,11606.9,11544.9,11583.3,88738896
2017-01-11,11587.5,11692.2,11524.9,11646.1,101228849
2017-01-12,11599.2,11606.4,11491.8,11521,101596108
2017-01-13,11576.7,11635.5,11554.4,11629.1,82608883
2017-01-16,11537.4,11579,11535.9,11554.7,62995014
2017-01-17,11521.5,11583.4,11425.1,11540,87255014
2017-01-18,11592.1,11599.3,11529.7,11599.3,82308118
2017-01-19,11624.1,11644.8,11578.9,11596.8,91888979
2017-01-20,11568.9,11636.7,11547,11630.1,114827713
2017-01-23,11545.9,11605.2,11508.8,11545.7,80310853
2017-01-24,11554.8,11596.1,11538,11594.9,81681377
2017-01-25,11677.6,11827.7,11669.3,11806,123211679
2017-01-26,11867.9,11893,11819.7,11848.6,93495655
2017-01-27,11841.7,11844.6,11798.2,11814.2,73417337
2017-01-30,11786.3,11792.3,11659.3,11681.8,77630121
2017-01-31,11692.5,11733.1,11535.3,11535.3,100426438
2017-02-01,11646.4,11723.3,11622.6,11659.5,97419186
2017-02-02,11628.2,11675.9,11603.6,11627.9,100632928
2017-02-03,11636.2,11696.9,11627.9,11651.4,82665350
2017-02-06,11628,11679.9,11509.5,11509.8,95252695
2017-02-07,11498.4,11606.2,11483.8,11549.4,72245507
2017-02-08,11546.9,11591.2,11479.7,11543.3,98264799
2017-02-09,11584.4,11657.2,11548.1,11642.8,110083284
2017-02-10,11698.7,11711.5,11645.1,11666.9,79222833
2017-02-13,11697.9,11812.6,11684.9,11774.4,79031312
2017-02-14,11766.9,11787.8,11752.6,11771.8,72651288
2017-02-15,11834.4,11848,11725.3,11793.9,88876094
2017-02-16,11778.9,11814.7,11728.3,11757.2,76427141
2017-02-17,11759.5,11775.4,11693.7,11757,92669731
2017-02-20,11831.7,11841,11804.7,11827.6,56384891
2017-02-21,11817.9,11987.5,11798.4,11967.4,77830012
2017-02-22,11989.7,12031.1,11966,11998.5,94710082
2017-02-23,11994,12015.9,11925.8,11947.8,71930417
2017-02-24,11920.9,11934.6,11722.3,11804,101754705
2017-02-27,11858.1,11860.8,11792.5,11822.6,64790799
2017-02-28,11847,11853.5,11780.8,11834.4,73499629
2017-03-01,11915,12074,11913.8,12067.1,109554617
2017-03-02,12052.8,12082.5,12041.9,12059.5,82100896
2017-03-03,11998,12058.2,11995.4,12027.3,103293098
2017-03-06,11956.8,11998.8,11921.5,11958.4,99167751
2017-03-07,11963.7,11988.8,11935.3,11966.1,78817389
2017-03-08,11922.8,12017.2,11922.3,11967.3,99113866
2017-03-09,11923.5,12024.7,11917.7,11978.3,106149104
2017-03-10,12018.4,12067,11936.8,11963.1,110635143
2017-03-13,11954.8,12006,11949,11990,78031439
2017-03-14,11987.3,12002.7,11930.3,11988.7,108404736
2017-03-15,12000.4,12027,11977.3,12009.8,104493036
2017-03-16,12140.3,12156.4,12046,12083.1,123028263
2017-03-17,12039.2,12117.9,12018.2,12095.2,193232656
2017-03-20,12050.8,12082.3,12033.2,12052.9,110670311
2017-03-21,12083,12111.2,11938.4,11962.1,134942061
2017-03-22,11870.7,11934.3,11850.2,11904.1,110179999
2017-03-23,11914.2,12043.6,11896.6,12039.6,87335298
2017-03-24,12033.2,12082.6,12010.3,12064.2,95562884
2017-03-27,11957.6,11996.3,11916,11996,88957895
2017-03-28,12062.6,12158.7,12045.1,12149.4,95836263
2017-03-29,12195.8,12233.7,12180.8,12203,104379324
2017-03-30,12220.6,12258.3,12200.3,12256.4,88505321
2017-03-31,12241.5,12313.2,12230.1,12312.8,113056629
2017-04-03,12368.8,12375.5,12256.9,12257.2,88500744
2017-04-04,12255.7,12288.7,12225.3,12282.3,118109970
2017-04-05,12280,12293.1,12212.1,12217.5,86821027
2017-04-06,12147.3,12242.5,12119,12230.8,76552820
2017-04-07,12174.5,12225,12144.9,12225,74114376
2017-04-10,12244.5,12246.8,12178.1,12200.5,58528145
2017-04-11,12149.4,12221.4,12049.9,12139.3,84119622
2017-04-12,12174.9,12242.7,12123.1,12154.7,76479586
2017-04-13,12137.5,12147.7,12089.9,12109,75853235
2017-04-18,12135.6,12162.4,11996.7,12000.4,89781541
2017-04-19,12014,12040.2,12001.8,12016.4,85822603
2017-04-20,11968,12050.6,11941.5,12027.3,85378069
2017-04-21,12032.7,12091.3,12009.1,12048.5,109697849
2017-04-24,12296.5,12456.1,12289.3,12454.9,191815012
2017-04-25,12457.8,12482.9,12439.1,12467,94319014
2017-04-26,12466.5,12486.2,12442.3,12472.8,90378708
2017-04-27,12440,12478.2,12426.9,12443.7,104308713
2017-04-28,12417.8,12462.1,12414.1,12438,104960733
2017-05-02,12478.4,12511.1,12433.5,12507.9,87900154
2017-05-03,12502.3,12532.2,12477.8,12527.8,81772015
2017-05-04,12552,12648.2,12539.7,12647.7,105610317
2017-05-05,12601.4,12718.6,12591.7,12716.8,107711600
2017-05-08,12758.4,12762,12659.7,12694.5,100741470
2017-05-09,12732.7,12783.2,12703.9,12749.1,113255347
2017-05-10,12728.9,12776,12715.6,12757.4,108072893
2017-05-11,12767.1,12772.8,12662.4,12711,103238687
2017-05-12,12728.8,12771,12714.3,12770.4,109479658
2017-05-15,12824,12832.2,12729.4,12807,87078763
2017-05-16,12787.6,12841.6,12776,12804.5,80321610
2017-05-17,12700.1,12786.8,12587.4,12631.6,108947976
2017-05-18,12608.1,12634.2,12489.9,12590,123482741
2017-05-19,12612.3,12658.5,12596.7,12638.6,121951600
2017-05-22,12664.9,12670.2,12571,12619.4,75328619
2017-05-23,12597.5,12703.7,12593.3,12659.1,91032240
2017-05-24,12631.3,12662,12617.7,12642.8,73727450
2017-05-25,12693.8,12697.6,12543.7,12621.7,59481789
2017-05-26,12604.4,12611.4,12529.5,12602.1,75557506
2017-05-29,12588.8,12633.3,12578.5,12628.9,38067144
2017-05-30,12583.8,12648.1,12567.2,12598.6,74543658
2017-05-31,12612.5,12709.1,12582.8,12615,140248165
2017-06-01,12623.6,12677.6,12621.5,12664.9,90289799
2017-06-02,12735,12878.5,12734.7,12822.9,91145860
2017-06-06,12768.4,12788.3,12679.5,12690.1,102020035
2017-06-07,12659.9,12746.4,12640.5,12672.4,127078736
2017-06-08,12688.5,12740.3,12684.7,12713.5,100520907
2017-06-09,12711.5,12821,12711.5,12815.7,93323514
2017-06-12,12760.3,12782.7,12666.3,12690.4,96943942
2017-06-13,12739.5,12790.3,12727.8,12764.9,76825570
2017-06-14,12798.2,12921.1,12788.7,12805.9,107147000
2017-06-15,12801.9,12804.4,12620.9,12691.8,123566307
2017-06-16,12746,12762.3,12707.5,12752.7,223600787
2017-06-19,12849.9,12912.8,12833,12888.9,80345725
2017-06-20,12938,12951.5,12814.7,12814.7,81462705
2017-06-21,12792.3,12804.4,12708.9,12774.2,72029610
2017-06-22,12758.6,12806,12717.2,12794,74006641
2017-06-23,12757.9,12787.2,12677.4,12733.4,78472787
2017-06-26,12783.8,12841.3,12752.7,12770.8,70394345
2017-06-27,12728.5,12751.2,12644.9,12671,110320042
2017-06-28,12586,12671.2,12536.8,12647.2,106794287
2017-06-29,12707.4,12729.1,12396.1,12416.1,119029603
2017-06-30,12424.5,12459.6,12319,12325.1,107048341
2017-07-03,12396.3,12486.2,12390.7,12475.3,79447826
2017-07-04,12413.6,12481.8,12411.5,12437.1,66570986
2017-07-05,12432.4,12496.8,12406.6,12453.6,85197952
2017-07-06,12474.5,12490.7,12316.4,12381.2,115823000
2017-07-07,12376.1,12388.6,12339.9,12388.6,81462474
2017-07-10,12464.9,12482.9,12406.2,12445.9,71494816
2017-07-11,12479.6,12539.1,12417.8,12437,74906980
2017-07-12,12469.8,12648.1,12468.1,12626.5,99752831
2017-07-13,12614.1,12676.5,12613.5,12641.3,81572246
2017-07-14,12642.6,12662,12577.3,12631.7,70410922
2017-07-17,12652.3,12656.1,12542.9,12587.1,54770962
2017-07-18,12540.9,12572.8,12384.6,12430.3,89673532
2017-07-19,12468,12475.1,12418.6,12452,77526044
2017-07-20,12514.8,12575.5,12392.1,12447.2,107309180
2017-07-21,12424.8,12464.1,12190.8,12240,136827351
2017-07-24,12228.6,12235.8,12142,12208.9,88820603
2017-07-25,12228.3,12301.6,12211.1,12264.3,80623147
2017-07-26,12260.3,12341,12255.7,12305.1,81672596
2017-07-27,12230,12293.9,12176,12212,102838884
2017-07-28,12151.3,12183.7,12098.5,12162.7,93127166
2017-07-31,12141.5,12210.3,12097.3,12118.2,89281663
2017-08-01,12147.8,12302.3,12092,12251.2,89613760
2017-08-02,12269.9,12275,12153.5,12181.4,88385900
2017-08-03,12130.7,12184.6,12099.1,12154.7,81423082
2017-08-04,12138,12321.9,12123.6,12297.7,98570828
2017-08-07,12305.7,12336,12225.7,12257.1,68055872
2017-08-08,12239.7,12329.9,12184.5,12292,71153994
2017-08-09,12191.3,12227.5,12100.1,12154,118225703
2017-08-10,12158.6,12158.9,11993.7,12014.3,97856419
2017-08-11,11961.6,12046.8,11934.9,12014,93890711
2017-08-14,12100.1,12195.4,12097,12165.1,80119628
2017-08-15,12208.3,12234.6,12156.8,12177,62176393
2017-08-16,12250,12301.4,12240.8,12263.8,66669907
2017-08-17,12236.6,12290,12184.2,12203.4,76445023
2017-08-18,12103.5,12178,12080.7,12165.1,90542955
2017-08-21,12105.7,12149.5,12021.7,12065.9,72152570
2017-08-22,12151.7,12234.7,12124.1,12229.3,68613917
2017-08-23,12227.2,12269.9,12155.7,12174.3,65936448
2017-08-24,12196.1,12254.7,12169.5,12180.8,64796015
2017-08-25,12194.7,12249.4,12132.5,12167.9,59298590
2017-08-28,12105.4,12173.5,12064.3,12123.4,35880492
2017-08-29,12031.1,12032.3,11868.8,11945.8,100900784
2017-08-30,12026.4,12040.8,11989.6,12002.4,59025973
2017-08-31,12098.5,12115.5,12034.1,12055.8,80723135
2017-09-01,12101.1,12191.2,12085.3,12142.6,75806821
2017-09-04,12051.8,12138.4,12050.5,12102.2,45046738
2017-09-05,12125.4,12210.2,12100.2,12123.7,67683709
2017-09-06,12071.9,12260.7,12066.8,12214.5,85600783
2017-09-07,12284.1,12363.6,12265.5,12296.6,96596296
2017-09-08,12261.8,12321.6,12245.3,12303.9,63294476
2017-09-11,12381.5,12481.7,12381.3,12475.2,79196243
2017-09-12,12527.4,12558,12512.5,12524.7,87717785
2017-09-13,12489.2,12565.8,12489.2,12553.5,82355103
2017-09-14,12524.1,12552.1,12499.5,12540.4,85606660
2017-09-15,12525.3,12561.3,12506.9,12518.8,197944166
2017-09-18,12593.5,12613.5,12537,12559.3,60151057
2017-09-19,12556.4,12566.2,12527.9,12561.7,76516417
2017-09-20,12550.9,12593.2,12518.2,12569.1,104832842
2017-09-21,12601.9,12621.2,12582,12600,103930257
2017-09-22,12569.6,12646.5,12568.8,12592.3,78836138
2017-09-25,12573.3,12633,12564.8,12594.8,81068754
2017-09-26,12557.4,12629.9,12551.8,12605.2,75452455
2017-09-27,12630.4,12685.1,12625.5,12657.4,82220901
2017-09-28,12682.3,12708.7,12666,12704.6,87574718
2017-09-29,12725.8,12828.8,12722.3,12828.8,108145117
2017-10-02,12866.2,12902.6,12849.5,12902.6,74924310
2017-10-04,12955.8,12976.2,12893.7,12970.5,118792450
2017-10-05,12950.1,12969.4,12933.5,12968,80961271
2017-10-06,12979.3,12993.5,12941.1,12955.9,75287613
2017-10-09,12975.8,12996.6,12943.5,12976.4,62755997
2017-10-10,12959.7,12980.4,12909.2,12949.2,67271693
2017-10-11,12965.2,12976.3,12925.2,12970.6,75121023
2017-10-12,12977.2,13002.3,12945,12982.8,76552199
2017-10-13,12995,13036.7,12964.3,12991.8,70252541
2017-10-16,13017.1,13026.4,13000.3,13003.7,56348908
2017-10-17,12995.8,13034.4,12967.3,12995,70289433
2017-10-18,13012.8,13094.7,13003.9,13043,65707729
2017-10-19,13036.2,13042.6,12911.5,12990.1,82339157
2017-10-20,13057.7,13063.5,12956.4,12991.2,83568262
2017-10-23,13014.5,13069.4,12973.4,13003.1,61435261
2017-10-24,12998.6,13055.6,12983.3,13013.1,97334771
2017-10-25,12998.4,13049.4,12931.2,12953.4,95715793
2017-10-26,12955.4,13144.6,12940.8,13133.2,114137075
2017-10-27,13186.5,13249,13186.5,13217.5,107733635
2017-10-30,13227.8,13255.3,13214.6,13229.5,73875608
2017-11-01,13342.4,13488.5,13341.3,13465.5,128684634
2017-11-02,13448.5,13460.8,13405.9,13440.9,97088698
2017-11-03,13476.5,13505,13430.2,13478.8,90110224
2017-11-06,13459.4,13481.2,13441.6,13468.7,92566582
2017-11-07,13517.9,13525.5,13369.8,13379.2,89108999
2017-11-08,13404.5,13419.7,13345.1,13382.4,106478110
2017-11-09,13378.9,13402,13175.2,13182.5,145236280
2017-11-10,13206.3,13216.9,13111.6,13127.4,118344903
2017-11-13,13150.7,13163.9,12960.6,13074.4,104959202
2017-11-14,13101,13139.2,13000.1,13033.4,94212759
2017-11-15,12963,12996.1,12847.8,12976.3,136220662
2017-11-16,13024.3,13071.9,13008,13047.2,103015196
2017-11-17,13051.7,13089.7,12984.6,12993.7,103960919
2017-11-20,12932.8,13085.1,12926.1,13058.6,93225695
2017-11-21,13042.9,13209,13026.7,13167.5,103661261
2017-11-22,13171.3,13191.9,13008.9,13015,82725162
2017-11-23,12943.4,13049,12921.1,13008.5,71215554
2017-11-24,13023.5,13160.8,12981.6,13059.8,65853334
2017-11-27,13036.7,13117.7,12989.3,13000.2,66057934
2017-11-28,13008.9,13071,12966.3,13059.5,67910169
2017-11-29,13153.7,13196.1,13037.3,13061.8,95713870
2017-11-30,13060.5,13177.5,13023.9,13023.9,129442114
2017-12-01,13044.1,13064.2,12810.1,12861.4,117405686
2017-12-04,13038.7,13117.7,12974.3,13058.5,88222053
2017-12-05,13056.8,13094.3,12960.5,13048.5,83685682
2017-12-06,12897.4,13033.7,12864.6,12998.8,87031680
2017-12-07,13026.3,13083,12989,13045.1,78558945
2017-12-08,13146.8,13240.9,13136.7,13153.7,106951658
2017-12-11,13181.8,13192.4,13112.8,13123.6,73469995
2017-12-12,13131.4,13183.8,13079.8,13183.5,78654600
2017-12-13,13148.5,13188,13120.4,13125.6,122704412
2017-12-14,13107.1,13159.4,13011.9,13068,124876060
2017-12-15,13027.8,13109.1,13008,13103.5,187970928
2017-12-18,13211.6,13331.9,13206.1,13312.3,96197093
2017-12-19,13314.7,13338.9,13213.1,13215.7,75890098
2017-12-20,13244.2,13252.6,13026.1,13069.1,82141551
2017-12-21,13065.7,13137.7,13013.6,13109.7,72363100
2017-12-22,13076.7,13108.5,13059.8,13072.7,54386911
2017-12-27,13070.1,13128.7,13020.4,13070,45964315
2017-12-28,13065.4,13069.4,12965.2,12979.9,44365261
2017-12-29,12980,12980.7,12911.7,12917.6,43327473
2018-01-02,12897.6,12924.1,12745.1,12871.3,88487813
2018-01-03,12916.1,13023.5,12893,12978.2,87242718
2018-01-04,13065.9,13208.3,13062.6,13167.8,103899844
2018-01-05,13219.1,13332.8,13219.1,13319.6,115621245
2018-01-08,13399.6,13407.8,13334.1,13367.7,97642998
2018-01-09,13383.2,13425,13361.2,13385.5,97147833
2018-01-10,13355.2,13377.8,13227.5,13281.3,123608400
2018-01-11,13281.2,13298.6,13151.8,13202.9,113292293
2018-01-12,13241.2,13265.1,13168,13245,90322748
2018-01-15,13244.3,13250.3,13173.7,13200.5,59992424
2018-01-16,13228.6,13351,13196.5,13246.3,88129176
2018-01-17,13200.9,13251.4,13137.5,13183.9,90379032
2018-01-18,13250.2,13293.2,13201.3,13281.4,92200087
2018-01-19,13297.7,13445.4,13294.8,13434.4,111062476
2018-01-22,13435.1,13470,13410.9,13463.6,98010314
2018-01-23,13577.1,13596.8,13517.8,13559.6,99969164
2018-01-24,13572.7,13576.8,13414.7,13414.7,107852833
2018-01-25,13374.3,13443.3,13222.4,13298.3,108655632
2018-01-26,13297.5,13348.6,13268.3,13340.1,77883524
2018-01-29,13358.9,13370,13274.8,13324.4,80973714
2018-01-30,13223.9,13309.8,13171.9,13197.7,118222999
2018-01-31,13210.7,13268.4,13159.3,13189.4,115001092
2018-02-01,13235.1,13301.4,12971.7,13003.9,126079313
2018-02-02,12954.5,12954.5,12782,12785.1,144405695
2018-02-05,12687.7,12752.6,12622.4,12687.4,116920430
2018-02-06,12232.8,12550.1,12232.8,12392.6,210251418
2018-02-07,12478.6,12651.2,12414.8,12590.4,157687828
2018-02-08,12506.1,12541.3,12187.4,12260.2,158246391
2018-02-09,12263.1,12296.1,12003.3,12107.4,180322045
2018-02-12,12238.6,12379.1,12222.3,12282.7,123244383
2018-02-13,12282.7,12300.6,12196.2,12196.5,97277664
2018-02-14,12294.8,12393.7,12075.2,12339.1,134304449
2018-02-15,12425.4,12479.9,12275,12346.1,115104648
2018-02-16,12408.4,12484.1,12368.7,12451.9,106999232
2018-02-19,12495,12505.4,12361.8,12385.6,68711961
2018-02-20,12403.6,12496.1,12333.7,12487.9,89497953
2018-02-21,12457.2,12474.3,12372.2,12470.4,85619834
2018-02-22,12358.8,12497.7,12283.7,12461.9,107098366
2018-02-23,12491.7,12513.3,12431.9,12483.7,100674835
2018-02-26,12566,12601.4,12484.5,12527,80336624
2018-02-27,12573.6,12577.5,12436.1,12490.7,92343094
2018-02-28,12427.4,12516.9,12417.9,12435.8,95972886
2018-03-01,12386.4,12387.8,12143.1,12190.9,116577926
2018-03-02,12051.8,12081.4,11877.6,11913.7,123526763
2018-03-05,11831.5,12110.1,11830.9,12090.8,112907941
2018-03-06,12229.2,12259.5,12110.3,12113.8,107475269
2018-03-07,12060,12275.6,12020.6,12245.3,95454717
2018-03-08,12237.9,12382.6,12177.1,12355.5,100426532
2018-03-09,12331.6,12407.9,12284.5,12346.6,98673304
2018-03-12,12453.3,12454.9,12361,12418.3,140618237
2018-03-13,12425.6,12459.9,12162.4,12221,135549565
2018-03-14,12212.4,12322.8,12202.7,12237.7,107034787
2018-03-15,12284.1,12378.3,12239.9,12345.5,109590079
2018-03-16,12345.5,12454,12337.6,12389.5,218306268
2018-03-19,12346.5,12369.7,12183.7,12217,99635249
2018-03-20,12261.1,12320,12191.5,12307.3,74617816
2018-03-21,12336.7,12344,12250.3,12309.1,111981523
2018-03-22,12187.7,12267.1,12009.5,12100,142319559
2018-03-23,11995.5,12001.7,11818.7,11886.3,149646311
2018-03-26,11919.6,11984.5,11726.6,11787.2,102779009
2018-03-27,11996.3,12042.7,11927.9,11970.8,101501739
2018-03-28,11868,11961.1,11770.4,11940.7,116702254
2018-03-29,11956.3,12151.3,11942.2,12096.7,114172025
2018-04-03,11997.4,12069.4,11913.6,12002.4,97979611
2018-04-04,12000.4,12011.1,11792.3,11957.9,110191261
2018-04-05,12153.6,12322.3,12135.6,12305.1,112222647
2018-04-06,12242.9,12290,12202,12241.2,89658978
2018-04-09,12311,12371.1,12205.3,12261.7,79551849
2018-04-10,12389.9,12428.9,12334.9,12397.3,101910189
2018-04-11,12372,12381.5,12256.5,12293.9,101563647
2018-04-12,12282.3,12434.2,12263.7,12415,84303287
2018-04-13,12461.3,12523.9,12411.6,12442.4,78840337
2018-04-16,12478.9,12487,12375.6,12391.4,64842479
2018-04-17,12443.2,12614.2,12417.2,12585.5,87223541
2018-04-18,12597.5,12640.2,12548.4,12590.8,85124382
2018-04-19,12595.6,12595.6,12534.6,12567.4,72762791
2018-04-20,12555.9,12585.3,12490.7,12540.5,114636460
2018-04-23,12538.1,12588.2,12466.4,12572.3,80382459
2018-04-24,12602.4,12647.1,12481.3,12550.8,108974519
2018-04-25,12456.8,12484.7,12312.2,12422.3,110989366
2018-04-26,12395.9,12503.2,12383.9,12500.4,121289858
2018-04-27,12572.7,12627.7,12518,12580.8,109216647
2018-04-30,12606.2,12622.9,12563.7,12612.1,99103003
2018-05-02,12610.7,12827.5,12605.3,12802.2,113488057
2018-05-03,12775.6,12798.1,12665.3,12690.1,100924460
2018-05-04,12733.1,12819.6,12707.8,12819.6,97626495
2018-05-07,12827.4,12961,12813.5,12948.1,65559397
2018-05-08,12924.2,12933.6,12855,12912.2,94975814
2018-05-09,12917.8,12962.5,12890.3,12943,107774609
2018-05-10,12975,13034.2,12928.5,13022.8,74786472
2018-05-11,13023,13033.3,12964,13001.2,87690071
2018-05-14,13009.8,13015.1,12927.2,12977.7,79863323
2018-05-15,12947.9,13006.3,12918.2,12970,109415012
2018-05-16,12983.4,13030.7,12960.5,12996.3,107954675
2018-05-17,12985.1,13114.6,12981.8,13114.6,95826699
2018-05-18,13115.6,13133.1,13051.1,13077.7,127621312
2018-05-22,13132.5,13204.3,13061.7,13169.9,112648851
2018-05-23,13138.8,13148,12929.9,12976.8,108033062
2018-05-24,12955.9,13006.4,12801.8,12855,147732404
2018-05-25,12917.1,13002.4,12852.1,12938,106525044
2018-05-28,13016.5,13040.6,12828.2,12863.4,71640434
2018-05-29,12786.1,12803.2,12608.7,12666.5,158438956
2018-05-30,12693.3,12783.7,12663.3,12783.7,127589468
2018-05-31,12796.1,12803.6,12547.6,12604.8,188819712
2018-06-01,12678,12800.4,12660.7,12724.2,126691548
2018-06-04,12839.4,12846.2,12714,12770.7,86964888
2018-06-05,12766.1,12925.2,12753.3,12787.1,110517332
2018-06-06,12813.3,12872.9,12729.2,12830,110010492
2018-06-07,12877.8,12914.8,12760.5,12811,96860369
2018-06-08,12668.7,12795.6,12610.6,12766.5,118076314
2018-06-11,12816.3,12861.9,12751.6,12842.9,112256562
2018-06-12,12924,12948.5,12816,12842.3,103182741
2018-06-13,12857.1,12905.6,12781.2,12890.5,108747457
2018-06-14,12806,13135.9,12800.6,13107.1,139905014
2018-06-15,13115.8,13170,13010.5,13010.5,264366552
2018-06-18,12945.5,12982.9,12784.4,12834.1,90825213
2018-06-19,12647,12708.7,12594.5,12677.9,104966786
2018-06-20,12731.6,12760.2,12670.7,12695.1,91662816
2018-06-21,12699.7,12719.4,12472.9,12511.9,113631024
2018-06-22,12507.7,12579.7,12486.2,12579.7,85818212
2018-06-25,12497.4,12518.8,12270.3,12270.3,99100309
2018-06-26,12333.4,12355.8,12188.5,12234.3,99352840
2018-06-27,12247.7,12439.9,12124.8,12348.6,132391713
2018-06-28,12289.8,12375.3,12104.4,12177.2,110178818
2018-06-29,12322.6,12382.8,12260.9,12306,118100007
2018-07-02,12147.9,12301.9,12132.7,12238.1,96830734
2018-07-03,12321,12428.1,12278.3,12349.1,96367209
2018-07-04,12323.7,12350.6,12284.5,12317.6,80508630
2018-07-05,12363,12516.5,12361.8,12464.2,118097389
2018-07-06,12506.2,12508,12426.4,12496.1,122799199
2018-07-09,12542.2,12559.2,12490.6,12543.8,77302335
2018-07-10,12580.3,12639.7,12530.7,12609.8,84479908
2018-07-11,12506.9,12514.7,12398.4,12417.1,86820563
2018-07-12,12464,12505.2,12408.6,12492.9,75129580
2018-07-13,12549.2,12583.7,12499.3,12540.7,82393196
2018-07-16,12530.9,12604.2,12506.9,12561,99842952
2018-07-17,12566.9,12688.5,12522,12661.5,94500457
2018-07-18,12728.4,12778.9,12715.5,12765.9,90609202
2018-07-19,12740.6,12759.4,12658.3,12686.2,77623324
2018-07-20,12664.4,12706.8,12469.5,12561.4,109690442
2018-07-23,12510.2,12565.1,12489.3,12548.5,67084407
2018-07-24,12590.7,12755.2,12585.9,12689.3,93689976
2018-07-25,12685.6,12695.1,12538.1,12579.3,83460812
2018-07-26,12732.8,12827.7,12701.5,12809.2,108414148
2018-07-27,12825.7,12886.8,12815.1,12860.4,98741328
2018-07-30,12822.8,12848.9,12798.2,12798.2,73265203
2018-07-31,12809.7,12860.5,12739.8,12805.5,109912232
2018-08-01,12826.7,12833.1,12706.3,12737,96890125
2018-08-02,12617.6,12619.6,12493.2,12546.3,108897982
2018-08-03,12572.6,12644.5,12561.6,12615.7,82702313
2018-08-06,12631.4,12715.7,12538.3,12598.2,67090609
2018-08-07,12656.8,12738.5,12646.1,12648.1,89844086
2018-08-08,12622.9,12704.5,12586.2,12633.5,91952347
2018-08-09,12623.1,12696.5,12577.3,12676.1,73672968
2018-08-10,12574.2,12585.8,12390.4,12424.3,123841545
2018-08-13,12346.7,12396.8,12323.2,12358.7,95437703
2018-08-14,12444.6,12461.8,12294.9,12358.8,84574362
2018-08-15,12400.2,12428.5,12120.6,12163,102440104
2018-08-16,12202.1,12251.4,12168.9,12237.1,83773771
2018-08-17,12242,12244.6,12135.6,12210.5,88408855
2018-08-20,12263,12373.3,12245.5,12331.3,61496942
2018-08-21,12320.5,12432.6,12316.3,12384.4,70700518
2018-08-22,12355.5,12438.6,12345.3,12385.7,79667169
2018-08-23,12367.4,12411,12353.5,12365.5,65451574
2018-08-24,12396.6,12444.3,12344.4,12394.5,60845873
2018-08-27,12462.7,12562.3,12429.3,12538.3,53645966
2018-08-28,12578.6,12597,12527.4,12527.4,74392007
2018-08-29,12553.8,12569,12499.5,12561.6,59323267
2018-08-30,12516.5,12529.3,12400.1,12494.2,75619155
2018-08-31,12418.2,12426.8,12348.9,12364,93032883
2018-09-03,12338.3,12358.1,12300.4,12346.4,51995435
2018-09-04,12389.4,12402.8,12162.7,12210.2,86534833
2018-09-05,12161.6,12167.3,12035.7,12040.4,111731670
2018-09-06,11995.8,12091.9,11944.5,11955.2,90072570
2018-09-07,11960.1,11990.8,11888.5,11959.6,104602225
2018-09-10,11950.5,12039.2,11930.3,11986.3,83564822
2018-09-11,12013,12017.7,11865.4,11970.2,95134959
2018-09-12,11989.2,12046.6,11952.4,12032.3,113559742
2018-09-13,12036.7,12129.8,12017.4,12055.5,99444962
2018-09-14,12109.3,12134.5,12075.5,12124.3,79712979
2018-09-17,12056.3,12123,12040.8,12096.4,70310901
2018-09-18,12097.1,12184.4,12064.4,12157.6,86006618
2018-09-19,12168.2,12241.1,12165,12219,101663011
2018-09-20,12210.9,12354.3,12210.5,12326.4,112552792
2018-09-21,12402.7,12458.3,12373.9,12430.8,403313360
2018-09-24,12383.4,12409.9,12349.3,12350.8,82834426
2018-09-25,12341.8,12416.8,12322.1,12374.6,91886406
2018-09-26,12395.2,12395.9,12329.5,12385.8,81243070
2018-09-27,12329.4,12456.6,12272.6,12435.5,99851170
2018-09-28,12381.3,12394.1,12190.5,12246.7,127006294
2018-10-01,12265.8,12373.2,12263.1,12339,83419286
2018-10-02,12229,12310.7,12203.6,12287.5,90425141
2018-10-04,12275,12348.8,12174.6,12244.1,113056909
2018-10-05,12236.2,12245.4,12103.5,12111.9,99656546
2018-10-08,12044.9,12072.2,11938.8,11947.1,85463979
2018-10-09,11963.6,11998.6,11803.1,11977.2,83619833
2018-10-10,11976.7,11978.8,11712.2,11712.5,114189575
2018-10-11,11558.9,11700.5,11518.5,11539.3,154079648
2018-10-12,11691.4,11693.8,11514.5,11523.8,107079049
2018-10-15,11523.8,11625,11459,11614.1,78063536
2018-10-16,11637.6,11790.1,11606.9,11776.5,92599882
2018-10-17,11811.4,11847.7,11669.9,11715,99721921
2018-10-18,11695.1,11791.2,11586.3,11589.2,104790923
2018-10-19,11578.8,11617.2,11498.6,11553.8,141141622
2018-10-22,11665.6,11677.4,11497,11524.3,79876368
2018-10-23,11367.5,11394.2,11228.5,11274.2,124575866
2018-10-24,11298.6,11391.9,11166.8,11191.6,127206985
2018-10-25,11098.6,11324.9,11078.3,11307.1,127756799
2018-10-26,11180.9,11205.8,11051,11200.6,127110314
2018-10-29,11270.6,11444.8,11218.9,11335.4,105924208
2018-10-30,11391.7,11394.3,11212.5,11287.3,106973354
2018-10-31,11417,11499.3,11391.6,11447.5,135887927
2018-11-01,11419.6,11575.4,11416.3,11468.5,105147926
2018-11-02,11636.3,11689.9,11518.8,11518.9,117225334
2018-11-05,11522.3,11555.9,11479.1,11494.9,73672221
2018-11-06,11518.1,11528.5,11436.5,11484.3,93585706
2018-11-07,11542,11634.8,11532.3,11579.1,94120345
2018-11-08,11629,11648.7,11503.3,11527.3,104206164
2018-11-09,11489.1,11549,11418.3,11529.1,118784314
2018-11-12,11591.5,11598.5,11310.7,11325.4,103776670
2018-11-13,11374.1,11495.6,11349.9,11472.2,107882111
2018-11-14,11393.7,11566.7,11315.5,11412.5,113646285
2018-11-15,11447.8,11500.6,11254.9,11353.6,106001873
2018-11-16,11425.8,11448.5,11233.2,11341,123050177
2018-11-19,11384,11419.5,11231.5,11244.5,83448218
2018-11-20,11157.6,11187.1,11009.2,11066.4,125276761
2018-11-21,11138.2,11257.8,11113.3,11244.1,97099282
2018-11-22,11216.2,11221.7,11119,11138.4,69122274
2018-11-23,11146.5,11205.9,11093.5,11192.6,67272627
2018-11-26,11315.9,11390.9,11301.8,11354.7,97947995
2018-11-27,11380.7,11400,11264.6,11309.1,82603195
2018-11-28,11355.8,11357.1,11279.8,11298.8,77933210
2018-11-29,11377.3,11403,11276,11298.2,98911865
2018-11-30,11311.6,11315.3,11208.6,11257.2,120032263
2018-12-03,11534.7,11566.9,11457.6,11465.4,108597664
2018-12-04,11429.8,11442.1,11330.4,11335.3,91427373
2018-12-05,11204.3,11266.2,11177.1,11200.2,80206793
2018-12-06,11053.5,11063.4,10762.4,10810.9,144885457
2018-12-07,10876.3,10927.3,10788,10788,110842288
2018-12-10,10726.1,10757.7,10585.7,10622,131877455
2018-12-11,10711.4,10884.6,10684.6,10780.5,112161553
2018-12-12,10832,10971.1,10815.5,10929.4,124269401
2018-12-13,10978.6,10988.7,10887.2,10924.7,99815166
2018-12-14,10809.5,10903.3,10733.7,10865.7,94014888
2018-12-17,10852.9,10886.8,10700.6,10772.2,95497750
2018-12-18,10744.2,10841.4,10714.9,10740.8,109917196
2018-12-19,10777.4,10831.4,10749.5,10766.2,106911339
2018-12-20,10621.1,10686.3,10563.4,10611.1,137877930
2018-12-21,10573,10654.6,10512.6,10633.8,242675070
2018-12-27,10607.4,10635.4,10279.2,10381.5,115292707
2018-12-28,10452,10586.8,10431.3,10558.9,60785772
2019-01-02,10477.7,10612.7,10386.9,10580.1,88647113
2019-01-03,10467.1,10538.6,10400.1,10416.6,94224637
2019-01-04,10533.9,10786.3,10483.9,10767.6,107631181
2019-01-07,10814.3,10814.4,10681.2,10747.8,79833900
2019-01-08,10750.1,10910.7,10745,10803.9,103258308
2019-01-09,10884.7,10961.9,10839,10893.3,105708361
2019-01-10,10843.8,10927.1,10788,10921.5,83397789
2019-01-11,10949.1,10959,10829.9,10887.4,85086032
2019-01-14,10820.8,10886.2,10786.7,10855.9,71938713
2019-01-15,10962.9,10994.8,10812.5,10891.7,90121776
2019-01-16,10940.3,10947.8,10866.3,10931.2,94168151
2019-01-17,10852.5,10929.3,10822.2,10918.6,90585670
2019-01-18,11001.3,11216.8,10993.8,11205.5,132199117
2019-01-21,11176.1,11179.9,11125.5,11136.2,71819395
2019-01-22,11076.9,11142.2,11034.5,11090.1,78988180
2019-01-23,11043.6,11135.7,11007.2,11071.5,96800532
2019-01-24,11045.6,11149.3,11032.5,11130.1,120905909
2019-01-25,11234,11321.6,11218.3,11281.7,108738648
2019-01-28,11233.1,11275.2,11196.4,11210.3,81715205
2019-01-29,11191.5,11276.2,11159.1,11218.8,81122144
2019-01-30,11210.6,11215.2,11132.3,11181.6,74290819
2019-01-31,11257.9,11311.3,11051.1,11173.1,129779779
2019-02-01,11198.4,11218.5,11116,11180.6,104516987
2019-02-04,11180.4,11209.3,11100.3,11176.5,73680791
2019-02-05,11178.7,11371.7,11177.7,11367.9,95740453
2019-02-06,11337.5,11347.9,11297.4,11324.7,81359101
2019-02-07,11262.9,11286.4,11022,11022,113898523
2019-02-08,10991.7,11045.4,10863.5,10906.7,101805120
2019-02-11,10955.8,11041.9,10944.5,11014.5,76441732
2019-02-12,11123.4,11164.3,11116.8,11126,78932395
2019-02-13,11174.8,11217.3,11125.5,11167.2,77025692
2019-02-14,11257.8,11260.5,11077.7,11089.7,97752847
2019-02-15,11044.8,11323,11018.9,11299.8,122377648
2019-02-18,11287.7,11318.1,11256.2,11299.2,60484980
2019-02-19,11280.7,11371.4,11244.5,11309.2,76527260
2019-02-20,11338.7,11437.4,11318.7,11401.9,77674070
2019-02-21,11448.6,11454.4,11392.2,11423.2,86944581
2019-02-22,11422.6,11504.7,11420.7,11457.7,72867195
2019-02-25,11517.7,11544.3,11480.4,11505.3,74124120
2019-02-26,11446.2,11556.8,11441.8,11540.7,80084741
2019-02-27,11493.8,11521.2,11442.9,11487.3,96827830
2019-02-28,11431.5,11524.9,11419.4,11515.6,97238652
2019-03-01,11584.2,11676.8,11583,11601.6,84233218
2019-03-04,11646.2,11650.4,11591.7,11592.6,66846261
2019-03-05,11570.9,11627.7,11551.4,11620.7,71930465
2019-03-06,11593.2,11652.7,11565.2,11587.6,73392391
2019-03-07,11546.4,11612.9,11452.8,11517.8,114442939
2019-03-08,11429.7,11475.5,11405.2,11457.8,90978420
2019-03-11,11497.9,11550.5,11462.9,11543.4,84907367
2019-03-12,11612.4,11618.7,11499.4,11524.1,99821650
2019-03-13,11499.3,11586.9,11486.7,11572.4,84094074
2019-03-14,11573.4,11635.7,11541.1,11587.4,95046765
2019-03-15,11608.6,11725.6,11575.3,11685.6,206510720
2019-03-18,11685.5,11712.3,11635.8,11657,75508619
2019-03-19,11672.7,11823.2,11652,11788.4,94580655
2019-03-20,11704.4,11721.4,11596.2,11603.8,109193454
2019-03-21,11566.8,11582.5,11467.7,11549.9,103657574
2019-03-22,11578.3,11623.9,11356.4,11364.1,125871403
2019-03-25,11323.2,11392,11312.5,11346.6,83648774
2019-03-26,11374.1,11447.1,11299.8,11419.4,85825517
2019-03-27,11439,11502.3,11368.1,11419,117815619
2019-03-28,11422.1,11494.1,11414.6,11428.1,101158888
2019-03-29,11492,11549.4,11442.1,11526,98591611
2019-04-01,11617.1,11706.6,11612.7,11681.9,106963647
2019-04-02,11703.2,11777.6,11659.1,11754.7,85435878
2019-04-03,11855.4,11961.3,11854.2,11954.4,104980390
2019-04-04,11924.6,12029.2,11916.5,11988,93925144
2019-04-05,11993.2,12024.2,11967.7,12009.7,86206625
2019-04-08,11979.7,11989.5,11948.2,11963.4,74279992
2019-04-09,11927,11988.5,11850.5,11850.5,73850034
2019-04-10,11864.4,11937.1,11863.8,11905.9,77669594
2019-04-11,11914.5,11963.4,11846.6,11935.2,87674012
2019-04-12,11912.5,12031.1,11889.9,11999.9,101098224
2019-04-15,12011.1,12029.9,11983.3,12020.2,72797610
2019-04-16,12026.7,12116.2,12025.6,12101.3,91165283
2019-04-17,12100.4,12195,12086.8,12153,111106988
2019-04-18,12138.1,12243.6,12100,12222.3,115191054
2019-04-23,12224.3,12251.8,12182.9,12235.5,81740181
2019-04-24,12232.9,12349.8,12223.9,12313.1,107726587
2019-04-25,12304.5,12321.7,12236.1,12282.6,108083677
2019-04-26,12284.4,12323.6,12259.7,12315.1,97432211
2019-04-29,12308.9,12376,12266.3,12328,76857783
2019-04-30,12313.9,12345.3,12281.7,12344,87874134
2019-05-02,12349.1,12402.8,12303.9,12345.4,102399367
2019-05-03,12345.3,12435.6,12344.2,12412.7,83423121
2019-05-06,12171.9,12298.6,12135.4,12286.8,91783011
2019-05-07,12298.7,12319,12056.8,12092.7,114024334
2019-05-08,12110.8,12208.4,12063.7,12179.9,102557956
2019-05-09,12098,12125.9,11957.3,11973.9,116556294
2019-05-10,12105.2,12140.6,12009.7,12059.8,148186963
2019-05-13,12044.1,12052.9,11844.4,11876.6,113903397
2019-05-14,11908.7,11991.8,11897.9,11991.6,118641151
2019-05-15,12018.4,12099.5,11862.2,12099.5,132211968
2019-05-16,12077.3,12310.3,12030.3,12310.3,112220317
2019-05-17,12252.6,12270.8,12150.3,12238.9,107699980
2019-05-20,12226.8,12246.5,11993.9,12041.2,110330619
2019-05-21,12111.8,12178.2,12066.9,12143.4,94600056
2019-05-22,12141.4,12211,12055.5,12168.7,93090054
2019-05-23,12064.2,12082.7,11926.3,11952.4,122014122
2019-05-24,12027.3,12082,11990.7,12011,87930356
2019-05-27,12077.8,12124.5,12050.4,12071.1,46415309
2019-05-28,12100.3,12113.3,11992.4,12027,142966538
2019-05-29,11906,11927.6,11828.7,11837.8,95008593
2019-05-30,11885,11924.6,11858.2,11902,50943618
2019-05-31,11742.2,11755.1,11662,11726.8,102071824
2019-06-03,11661.1,11793.6,11620.6,11792.8,108041077
2019-06-04,11716.5,11987.8,11713.8,11971.1,112785562
2019-06-05,11981.1,12057.7,11928.8,11980.8,86919144
2019-06-06,11987.9,12076.9,11899.8,11953.1,98110259
2019-06-07,12003.9,12096.6,11987.1,12045.3,86196131
2019-06-11,12133.6,12227.4,12117.3,12155.8,101374272
2019-06-12,12093.9,12132.2,12068.1,12115.6,75756409
2019-06-13,12095.2,12201.7,12079.6,12169,73505318
2019-06-14,12124.3,12136.6,12049.7,12096.4,73877659
2019-06-17,12112.4,12124.6,12059.9,12085.8,88343591
2019-06-18,12069.3,12358,11987.5,12331.7,161114290
2019-06-19,12321.4,12346.7,12291.1,12308.5,108513576
2019-06-20,12409.5,12438.3,12355.3,12355.3,101635026
2019-06-21,12351.9,12425.2,12316.4,12339.9,220976529
2019-06-24,12308.1,12341.5,12250.7,12274.5,93644820
2019-06-25,12226.8,12284.5,12213.4,12228.4,78509487
2019-06-26,12210.5,12315.8,12189.4,12245.3,93625544
2019-06-27,12308.2,12334.5,12209.3,12271,90835165
2019-06-28,12302.7,12408.2,12297.6,12398.8,104346886
2019-07-01,12616.3,12619.6,12519.3,12521.3,96458302
2019-07-02,12546.9,12548.2,12484.2,12526.7,71892249
2019-07-03,12548.3,12631.8,12545.7,12616.2,76562974
2019-07-04,12644.3,12656,12616.2,12629.9,58461654
2019-07-05,12632.1,12632.1,12522.1,12568.5,85734167
2019-07-08,12541.1,12587.4,12507.7,12543.5,97635804
2019-07-09,12436.9,12477.5,12364.1,12436.5,109793939
2019-07-10,12412.9,12448.8,12356.8,12373.4,86237247
2019-07-11,12401,12417.9,12307.3,12332.1,80164584
2019-07-12,12318.5,12354.8,12304.9,12323.3,85157903
2019-07-15,12346.5,12434.1,12301,12387.3,73081982
2019-07-16,12392.1,12465.1,12366.9,12430.9,79013383
2019-07-17,12429.8,12453.3,12324.3,12341,78822533
2019-07-18,12194.3,12296.3,12172.5,12227.8,79250361
2019-07-19,12302.6,12340.1,12211.6,12260,85759537
2019-07-22,12243.5,12346,12236.7,12289.4,61708451
2019-07-23,12384.6,12531.1,12369.1,12490.7,101625381
2019-07-24,12510.5,12550.3,12476.5,12522.8,99229129
2019-07-25,12576,12599.9,12299.1,12362.1,128560807
2019-07-26,12363.8,12428,12356.1,12419.9,75609356
2019-07-29,12398.2,12473.9,12387.5,12417.4,68772600
2019-07-30,12398.2,12404.5,12115.2,12147.2,126343016
2019-07-31,12149,12226.4,12139,12189,97983742
2019-08-01,12134.7,12254,12129.3,12253.1,94365195
2019-08-02,12033.6,12034.9,11836.7,11872.4,151112945
2019-08-05,11758.4,11797.5,11628.5,11658.5,125651798
2019-08-06,11690.2,11748.8,11567.9,11567.9,90668864
2019-08-07,11636.3,11747.7,11559.7,11650.1,128072241
2019-08-08,11752.9,11845.4,11683.9,11845.4,116090872
2019-08-09,11806.8,11865.6,11674.1,11693.8,121470064
2019-08-12,11801,11836.9,11647,11679.6,86028309
2019-08-13,11632.8,11835.8,11539.6,11750.1,125812607
2019-08-14,11758.7,11759.5,11459.3,11492.6,118831997
2019-08-15,11522.4,11530,11266.4,11412.6,125758008
2019-08-16,11460.6,11578.8,11447.3,11562.7,133089078
2019-08-19,11679.7,11759,11625.6,11715.3,85520595
2019-08-20,11711.7,11764.9,11618.9,11651.1,75766542
2019-08-21,11673.6,11824.6,11673.3,11802.8,64908012
2019-08-22,11756.2,11853.1,11715.2,11747,78672135
2019-08-23,11805.4,11823.1,11611.5,11611.5,92990925
2019-08-26,11619.6,11696.7,11551.9,11658,62642662
2019-08-27,11638.5,11778.6,11616,11730,85064646
2019-08-28,11704.6,11717.7,11573.6,11701,64699764
2019-08-29,11686.8,11853.9,11661.7,11838.8,81494737
2019-08-30,11850.3,11989.4,11845.1,11939.2,76624441
2019-09-02,11939.9,11994.1,11929.9,11953.7,48943072
2019-09-03,11921.9,11956.6,11869.2,11910.8,70537001
2019-09-04,12043.9,12078.4,11999.8,12025,67926616
2019-09-05,12117.9,12151.3,12084.1,12126.7,94567981
2019-09-06,12146,12205.1,12131.2,12191.7,86571345
2019-09-09,12210.8,12245.1,12189.6,12226.1,80161147
2019-09-10,12210.8,12292.1,12179.8,12268.7,117781805
2019-09-11,12341.8,12394.2,12317.6,12359,100238114
2019-09-12,12399.4,12471.8,12311.8,12410.2,122037218
2019-09-13,12412.7,12494.2,12408.9,12468.5,102841061
2019-09-16,12387.6,12421.2,12362.9,12380.3,88040629
2019-09-17,12370.9,12392.9,12303.5,12372.6,88341181
2019-09-18,12361.2,12416,12354.4,12389.6,71233546
2019-09-19,12355.9,12466.7,12354.8,12457.7,86977796
2019-09-20,12462.5,12490.8,12418.5,12468,183378529
2019-09-23,12432.3,12441,12264.1,12342.3,99813761
2019-09-24,12368.9,12375.3,12307.1,12307.1,70709118
2019-09-25,12250,12261,12141.8,12234.1,85620673
2019-09-26,12227.7,12313.1,12223.2,12288.5,88649376
2019-09-27,12327.7,12404.4,12324.7,12380.9,77940250
2019-09-30,12367.8,12441,12346.9,12428,78741458
2019-10-01,12469.6,12497.2,12263.8,12263.8,91040572
2019-10-02,12221.7,12226.8,11925.2,11925.2,106464357
2019-10-04,11958.3,12012.9,11878.9,12012.8,99927808
2019-10-07,12008.7,12105,11969.3,12097.4,73684557
2019-10-08,12097.8,12097.9,11933,11970.2,93933772
2019-10-09,11973.8,12165.5,11953.1,12094.2,74878914
2019-10-10,12082.8,12202.7,12029.4,12164.2,102763418
2019-10-11,12248.8,12511.6,12240.9,12511.6,117308568
2019-10-14,12468.7,12495.2,12387.9,12486.5,66813642
2019-10-15,12565.6,12682.4,12511.9,12629.7,93830196
2019-10-16,12644.1,12698.3,12603.8,12670.1,113827666
2019-10-17,12655.3,12814.4,12647.8,12654.9,109349980
2019-10-18,12637,12700.3,12603.1,12633.6,92062421
2019-10-21,12661.9,12787.3,12646.2,12747.9,94141384
2019-10-22,12757.7,12791.3,12730.7,12754.6,86397885
2019-10-23,12702.9,12819.2,12699.8,12798.1,85795390
2019-10-24,12860.6,12914.2,12820.6,12872.1,95715219
2019-10-25,12886.4,12895.8,12834,12894.5,58952038
2019-10-28,12897.4,12986.4,12892.8,12941.7,69024077
2019-10-29,12946.3,12951.8,12897.3,12939.6,76593910
2019-10-30,12929.4,12944.2,12830.3,12910.2,100397429
2019-10-31,12937.5,12953.3,12795,12866.7,100660900
2019-11-01,12912,12992,12896.7,12961,65905381
2019-11-04,13022.9,13171.1,13019.1,13136.2,84782354
2019-11-05,13134.3,13166,13112.6,13148.5,83190419
2019-11-06,13150.9,13187.6,13110.9,13179.8,80045585
2019-11-07,13258.2,13300.7,13227.3,13289.4,117100572
2019-11-08,13248.6,13278.1,13195.8,13228.5,95599185
2019-11-11,13170.1,13225.6,13144,13198.3,72597180
2019-11-12,13243.5,13308.2,13214.6,13283.5,82741364
2019-11-13,13244,13273.8,13139.2,13230,77193800
2019-11-14,13198.3,13219.3,13159.6,13180.2,81582668
2019-11-15,13261.7,13261.7,13172.8,13241.7,81039788
2019-11-18,13255.7,13282.4,13137.8,13207,69775214
2019-11-19,13235.2,13374.2,13187.9,13221.1,68664212
2019-11-20,13127.4,13182.2,13071.3,13158.1,68735334
2019-11-21,13083,13171.8,13043.9,13137.7,74515753
2019-11-22,13145.7,13244.5,13120.6,13163.8,74716242
2019-11-25,13247.5,13268.9,13210.2,13246.4,54920184
2019-11-26,13256.4,13261.9,13193.7,13236.4,89580084
2019-11-27,13291,13314.9,13219.4,13287,67304331
2019-11-28,13247.6,13259.2,13215.7,13245.5,36771003
2019-11-29,13179.2,13290.3,13165,13236.3,71753741
2019-12-02,13264.9,13338.2,12954.5,12964.6,105692185
2019-12-03,13039.6,13086,12927,12989.2,87003124
2019-12-04,12998.6,13157.3,12995.3,13140.5,68441918
2019-12-05,13144.3,13188.6,13054.8,13054.8,54216405
2019-12-06,13087.5,13171.2,13055.9,13166.5,60141661
2019-12-09,13147.5,13170.7,13100.2,13105.6,50345087
2019-12-10,13065.8,13091.7,12886.5,13070.7,80063951
2019-12-11,13075.4,13169.7,13042.7,13146.7,69220499
2019-12-12,13167.5,13287.8,13105,13221.6,83998794
2019-12-13,13383.2,13423.4,13255.5,13282.7,106137124
2019-12-16,13349.8,13425.8,13338.3,13407.6,71200805
2019-12-17,13391.2,13394.4,13269.4,13287.8,79260456
2019-12-18,13266.3,13286,13215.8,13222.1,71000997
2019-12-19,13226.7,13248.9,13140.2,13211.9,84018156
2019-12-20,13210.2,13324.1,13201.8,13318.9,170723223
2019-12-23,13304.7,13331.8,13285.5,13300.9,56215375
2019-12-27,13338.3,13381.4,13311.5,13337.1,43758558
2019-12-30,13301.4,13316.6,13244.1,13249,31427409
2020-01-02,13233.7,13425,13225.1,13385.9,75341368
2020-01-03,13266.3,13282.7,13120.7,13219.1,80793402
2020-01-06,13085.4,13143.1,12948.1,13126.9,71778648
2020-01-07,13199.5,13283.8,13166.4,13226.8,78282325
2020-01-08,13140.4,13334,13106.2,13320.1,88178791
2020-01-09,13474.7,13523.3,13456.7,13495,86965605
2020-01-10,13533.4,13548.2,13483.3,13483.3,77941022
2020-01-13,13521.8,13529.2,13404.7,13451.5,67208343
2020-01-14,13439.2,13487.9,13362.2,13456.4,74555365
2020-01-15,13444.9,13458.9,13388.4,13432.3,72046445
2020-01-16,13463.4,13492.7,13382.9,13429.4,71071235
2020-01-17,13513.4,13557.7,13497.3,13526.1,86342758
2020-01-20,13503.8,13550.8,13487.2,13548.9,52882445
2020-01-21,13456.9,13560.6,13443.2,13555.8,64630880
2020-01-22,13601.6,13640,13498,13515.7,73130717
2020-01-23,13455.9,13486.1,13382.2,13388.4,90749929
2020-01-24,13512.8,13604.8,13510.7,13576.6,85645279
2020-01-27,13374.9,13399.4,13195.2,13204.7,101409189
2020-01-28,13274,13327.1,13163.3,13323.6,91825265
2020-01-29,13316.4,13371.3,13296,13345,67876754
2020-01-30,13186.4,13262.1,13118.9,13157.1,100706051
2020-01-31,13196.8,13208.4,12973.7,12981.9,106903828
2020-02-03,13033.1,13077.5,12987.5,13045.1,81389097
2020-02-04,13135.6,13282.6,13131,13281.7,80887430
2020-02-05,13224.2,13488.5,13223.1,13478.3,108453850
2020-02-06,13570.3,13606.9,13533.6,13574.8,114567932
2020-02-07,13530.7,13551,13463.9,13513.8,87036924
2020-02-10,13476,13501.7,13445.4,13494,60456491
2020-02-11,13604.7,13668.4,13557.9,13627.8,104753454
2020-02-12,13671.1,13758.7,13658.1,13749.7,86733293
2020-02-13,13695.9,13745.4,13576.9,13745.4,92086968
2020-02-14,13756.4,13788.5,13728.1,13744.2,66314909
2020-02-17,13770.6,13795.2,13754,13783.8,57400064
2020-02-18,13668.9,13731.3,13660.4,13681.1,82088707
2020-02-19,13751,13789,13710.7,13789,90192858
2020-02-20,13774.4,13788.4,13664,13664,86435175
2020-02-21,13609.9,13689.2,13500.5,13579.3,108765356
2020-02-24,13231.3,13236.5,12982.1,13035.2,165148940
2020-02-25,13132,13132,12778.6,12790.4,129552457
2020-02-26,12682.1,12849.1,12368,12774.8,163618876
2020-02-27,12526.6,12593.6,12211.6,12367.4,191240879
2020-02-28,11891.8,12008.5,11724.1,11890.3,274623736
2020-03-02,12030.2,12121.6,11624.6,11857.8,207214106
2020-03-03,12013,12272.9,11906.8,11985.3,195936581
2020-03-04,11992.5,12199.8,11929.2,12127.6,147845684
2020-03-05,12191.4,12207.7,11844.8,11944.7,148085992
2020-03-06,11694.5,11769.8,11447.2,11541.8,195038510
2020-03-09,10690,10995.2,10556.6,10625,303034343
2020-03-10,10724.9,11032.2,10423.9,10475.4,267400777
2020-03-11,10601.8,10761.4,10390.5,10438.6,216708903
2020-03-12,9863.99,9932.56,9139.12,9161.13,390476955
2020-03-13,9480.78,9985.74,9064.68,9232.08,321571982
2020-03-16,8728.48,8967.11,8255.65,8742.25,302202377
2020-03-17,9141.17,9145.93,8423.56,8939.1,219831057
2020-03-18,8613.35,8670.41,8400.18,8441.71,207558917
2020-03-19,8495.94,8668.48,8257.53,8610.43,197661806
2020-03-20,9080.49,9201.07,8838.3,8928.95,275377138
2020-03-23,8536.33,9071.14,8480.28,8741.15,196955328
2020-03-24,9242.06,9700.57,9102.17,9700.57,203840659
2020-03-25,9987.37,10137.6,9460.91,9874.26,204692472
2020-03-26,9621.24,10000.9,9526.17,10000.9,159043548
2020-03-27,9793.5,9886.18,9541.83,9632.52,153649376
2020-03-30,9725.88,9817.51,9453.79,9815.97,130838090
2020-03-31,9970.79,10096.4,9703.88,9935.84,149898492
2020-04-01,9610.67,9686.46,9498.05,9544.75,132862244
2020-04-02,9587.45,9650.27,9337.02,9570.82,143970510
2020-04-03,9535.27,9626.72,9470.2,9525.77,116245349
2020-04-06,9889.03,10097.3,9841.49,10075.1,126427605
2020-04-07,10464.1,10590.4,10225,10356.7,149513081
2020-04-08,10301.5,10340.7,10198.2,10332.8,102430717
2020-04-09,10490.6,10649.7,10311.7,10564.7,134477129
2020-04-14,10733.9,10820.1,10658.9,10696.5,106043697
2020-04-15,10678.1,10678.1,10243.1,10279.7,133088517
2020-04-16,10420.2,10438.3,10236.2,10301.5,106131503
2020-04-17,10607.3,10756.7,10542.7,10625.7,143237310
2020-04-20,10704.3,10707.3,10444.5,10675.9,103611138
2020-04-21,10519.4,10524.7,10249.8,10249.8,117447038
2020-04-22,10370.2,10425,10321.2,10415,92389540
2020-04-23,10437.3,10608.3,10325.1,10513.7,97479659
2020-04-24,10299.3,10486.4,10299.3,10336,120035017
2020-04-27,10551,10660.3,10523.1,10659.9,122476571
2020-04-28,10658.4,10897.8,10651.5,10795.6,146280906
2020-04-29,10812.7,11125.3,10789.5,11107.7,143532353
2020-04-30,11195.2,11235.5,10839.3,10861.6,162128912
2020-05-04,10543.3,10578.4,10426,10466.8,139568727
2020-05-05,10627,10736.9,10518.9,10729.4,102664087
2020-05-06,10716.5,10773.8,10598.9,10606.2,94383622
2020-05-07,10640.7,10761.8,10617.2,10759.2,101837535
2020-05-08,10882.4,10918.3,10819,10904.4,81795682
2020-05-11,10948.2,10986.2,10740.8,10824.9,87818443
2020-05-12,10777.7,10886,10772.5,10819.5,88363245
2020-05-13,10669.9,10698.1,10530.3,10542.6,107169194
2020-05-14,10418,10474,10160.8,10337,133623603
2020-05-15,10470.8,10547.1,10382.5,10465.1,115586629
2020-05-18,10683.8,11089.5,10677.5,11058.8,117494791
2020-05-19,11200.9,11201.1,10936,11075.2,125423950
2020-05-20,11029.3,11246.9,10978.5,11223.7,98827181
2020-05-21,11088.1,11194.9,11036.9,11065.9,73570348
2020-05-22,10896.2,11138.1,10867.1,11073.8,85650095
2020-05-25,11186,11391.2,11118.1,11391.2,72133528
2020-05-26,11488.9,11544.3,11429.8,11504.6,124580891
2020-05-27,11530.2,11747.2,11519.7,11657.6,167713580
2020-05-28,11746.7,11813.1,11654.8,11781.1,123606112
2020-05-29,11649.3,11729.9,11575.7,11586.8,170079651
2020-06-02,11896.7,12055.5,11850.3,12021.2,143102693
2020-06-03,12147.1,12507.4,12133.7,12487.3,151702087
2020-06-04,12390,12558.2,12326.4,12430.5,136731705
2020-06-05,12565.1,12858.7,12560.1,12847.6,168928477
2020-06-08,12722.6,12913.1,12670.9,12819.5,140371693
2020-06-09,12859.8,12864.9,12502.4,12617.9,145984256
2020-06-10,12719.1,12763.8,12471,12530.1,112489365
2020-06-11,12223.4,12301.9,11970.2,11970.2,132181288
2020-06-12,11876.3,12172.6,11828.6,11949.2,115896307
2020-06-15,11661.3,11968,11597.8,11911.3,98521591
2020-06-16,12168.3,12434.2,12132.8,12315.6,122780389
2020-06-17,12312.4,12432.2,12288.1,12382.1,102040365
2020-06-18,12347.4,12483.8,12189.6,12281.5,154821676
2020-06-19,12375.1,12447.1,12319.1,12330.7,227975203
2020-06-22,12194.4,12399.3,12172.1,12262.9,99250308
2020-06-23,12360,12616.1,12332.1,12523.7,119595267
2020-06-24,12459.8,12489.2,12093.9,12093.9,109713333
2020-06-25,12102.2,12236.4,11957.3,12177.8,144116926
2020-06-26,12308.4,12347.4,12060.8,12089.3,121131516
2020-06-29,12090.4,12297.6,12045.2,12232.1,126962770
2020-06-30,12287.9,12350.3,12188,12310.9,127777867
2020-07-01,12391.7,12391.7,12095.1,12260.5,84188066
2020-07-02,12378.8,12658.1,12370.7,12608.4,109828375
2020-07-03,12644.6,12649.9,12476.1,12528.1,57538844
2020-07-06,12774.7,12842.5,12655.2,12733.4,81946674
2020-07-07,12660,12661.1,12525.1,12616.8,82949014
2020-07-08,12542.5,12670.1,12463.2,12494.8,82788080
2020-07-09,12639.1,12709.6,12459.1,12489.4,79559724
2020-07-10,12442.2,12649.9,12416.6,12633.7,77074189
2020-07-13,12817.1,12836.4,12688.9,12799.9,74790371
2020-07-14,12642.2,12697.9,12535.9,12697.3,78939390
2020-07-15,12812.1,12999.8,12773.4,12930.9,85440157
2020-07-16,12857.3,12919.2,12805.4,12874.9,71240723
2020-07-17,12915.2,12954.2,12870.2,12919.6,77945543
2020-07-20,12898.1,13063.6,12811.7,13046.9,63344982
2020-07-21,13194.9,13313.9,13147.3,13171.8,93341213
2020-07-22,13165.2,13197.9,13067,13104.2,69683318
2020-07-23,13183.5,13217.7,13072.8,13103.3,66177668
2020-07-24,12919.3,12935.5,12812,12838,67296321
2020-07-27,12865.7,12908.6,12811.4,12838.6,67215416
2020-07-28,12886.2,12936,12746.4,12835.2,60655443
2020-07-29,12819.6,12864.3,12789.9,12822.2,70714212
2020-07-30,12762.1,12768.7,12253.9,12379.6,106017933
2020-07-31,12403.1,12524.7,12313.3,12313.3,84993997
2020-08-03,12374.4,12698.5,12365.6,12646.9,75729114
2020-08-04,12744.1,12768.5,12528,12600.8,69704130
2020-08-05,12667.1,12757,12632.9,12660.2,71884119
2020-08-06,12664.5,12799.2,12519.8,12591.6,73651479
2020-08-07,12634.7,12691.6,12517.4,12674.8,60925812
2020-08-10,12729.1,12753.1,12605.8,12687.5,53444446
2020-08-11,12806.9,13046.1,12802,12946.8,83716348
2020-08-12,12917.3,13101.1,12879.1,13058.6,66008037
2020-08-13,13044.4,13075.2,12956.3,12993.7,62242303
2020-08-14,12965.2,12971,12797.5,12901.3,56786157
2020-08-17,12924.8,12960.8,12847.8,12920.6,46629823
2020-08-18,12836.8,13052.8,12807,12881.7,59024521
2020-08-19,12838.6,12980.7,12833.8,12977.3,55404879
2020-08-20,12829.3,12891.1,12755.5,12830,56187179
2020-08-21,12879.4,12911.2,12633.7,12764.8,74604908
2020-08-24,12945.9,13104.3,12924.7,13066.5,65677774
2020-08-25,13136.7,13221.8,13060.8,13061.6,59646427
2020-08-26,13041.8,13192.3,13010.5,13190.1,51277657
2020-08-27,13206.5,13218,13087.3,13096.3,56148105
2020-08-28,13140.6,13147.2,12951.2,13033.2,69204619
2020-08-31,13103.9,13148.1,12923.7,12945.3,67595646
2020-09-01,13037.2,13127.2,12850.3,12974.2,69628432
2020-09-02,13071.6,13303.1,13062.1,13243.4,99412672
2020-09-03,13354.7,13460.4,13004.8,13057.7,99529845
2020-09-04,12916.1,13127,12753.6,12842.6,102287119
2020-09-07,12931.4,13117.6,12920.9,13100.2,59548727
2020-09-08,13126.2,13147.5,12856.5,12968.3,76149612
2020-09-09,12990.5,13257.5,12973.4,13237.2,79509977
2020-09-10,13265.5,13297.7,13161.9,13208.8,57650210
2020-09-11,13198.7,13255.4,13117.4,13202.8,60372211
2020-09-14,13329.6,13339.1,13159.7,13193.6,50668605
2020-09-15,13220.8,13262.8,13138.2,13217.6,61824057
2020-09-16,13224.1,13277.2,13181.5,13255.3,66555517
2020-09-17,13060.1,13245.8,13035.9,13208.1,60883735
2020-09-18,13210.8,13263.4,13116.2,13116.2,184364568
2020-09-21,12998.9,12998.9,12505.1,12542.4,124897542
2020-09-22,12629.7,12698.1,12592.9,12594.3,77065982
2020-09-23,12737.3,12830.7,12642.9,12642.9,65691672
2020-09-24,12520.4,12684.8,12512.5,12606.5,62828669
2020-09-25,12615.9,12622.7,12341.5,12469.2,73784254
2020-09-28,12673.7,12873.4,12660.1,12870.8,75214324
2020-09-29,12817.7,12859.1,12738.3,12825.8,51582893
2020-09-30,12754.7,12869.9,12698.4,12760.7,66899163
2020-10-01,12812,12836.6,12671.2,12730.7,88687746
2020-10-02,12558.7,12690.2,12539.8,12689,72575112
2020-10-05,12824,12842.4,12727.7,12828.3,59958562
2020-10-06,12858.9,12966,12779.6,12906,65462353
2020-10-07,12901.2,12959,12837.1,12928.5,65872967
2020-10-08,13011.2,13100.8,12956.6,13042.2,70150384
2020-10-09,13070,13096.4,13009.9,13051.2,63106021
2020-10-12,13086,13151.8,13058.3,13138.4,51615462
2020-10-13,13132.9,13132.9,12959.7,13018.9,56497288
2020-10-14,13012.6,13066.4,12975.1,13028,55433361
2020-10-15,12826.1,12839.5,12599.8,12703.7,82862732
2020-10-16,12773.3,12955.8,12733,12908.9,82935797
2020-10-19,12948.6,13028.7,12820.2,12854.6,52916059
2020-10-20,12819.1,12850.2,12725.4,12736.9,71556016
2020-10-21,12764.4,12765,12545.5,12557.6,67215665
2020-10-22,12429.4,12583,12345.4,12543,63353528
2020-10-23,12517.9,12718.2,12514.9,12645.7,62389167
2020-10-26,12303.4,12404.5,12174.2,12177.1,86587167
2020-10-27,12206.4,12223.6,12034.8,12063.5,92250270
2020-10-28,11848.3,11852,11457.1,11560.5,142663099
2020-10-29,11631,11707.4,11458.5,11598,102043179
2020-10-30,11472.6,11614.1,11450,11556.4,87347650
2020-11-02,11602.9,11838,11551.3,11788.2,0
2020-11-03,11858.8,12088.9,11851,12088.9,0
2020-11-04,11896.1,12329.9,11848.2,12324.2,0
2020-11-05,12420.8,12591.3,12398.5,12568,0
2020-11-06,12531.7,12595.8,12370,12480,0
2020-11-09,12713.1,13297,12670.5,13095.9,0
2020-11-10,13109.7,13237.5,13018.4,13163.1,0
2020-11-11,13205.9,13244.3,13138.7,13216.1,0
2020-11-12,13073.4,13168,13022.2,13052.9,0
2020-11-13,13036.9,13145.4,13004.8,13076.7,0
2020-11-16,13170.5,13277.4,13081.1,13138.6,0
2020-11-17,13130.5,13151,13050.4,13133.4,0
2020-11-18,13086.4,13213.6,13074.6,13201.8,0
2020-11-19,13101.7,13138.1,13034.5,13086.1,0
2020-11-20,13054.6,13172.9,13054.6,13137.2,0
2020-11-23,13215.4,13312.4,13126.9,13126.9,0
2020-11-24,13254.4,13296.7,13192.3,13292.4,0
2020-11-25,13346.7,13346.9,13235.8,13289.8,0
2020-11-26,13315.2,13316.1,13274.8,13286.5,0
2020-11-27,13280.5,13364.1,13272.7,13335.6,0
2020-11-30,13270.5,13445.1,13256.7,13291.1,0
2020-12-01,13371.6,13434.3,13334.9,13382.3,0
2020-12-02,13341.9,13359.2,13272.4,13313.2,0
2020-12-03,13304.8,13307.5,13223.9,13252.8,0
2020-12-04,13230.6,13315.3,13225,13298.9,0
2020-12-07,13255.7,13289.4,13163.2,13271,0
2020-12-08,13248,13297.4,13199.4,13278.4,0
2020-12-09,13344.1,13454.1,13327.8,13340.2,0
2020-12-10,13341.6,13370.4,13213,13295.7,0
2020-12-11,13255.2,13265.6,13009.4,13114.3,0
2020-12-14,13224.2,13292.3,13190.5,13223.1,0
2020-12-15,13216.4,13374.9,13210.1,13362.8,0
2020-12-16,13416.2,13596.7,13412.4,13565.9,0
2020-12-17,13691.4,13725.8,13649.5,13667.2,0
2020-12-18,13649.6,13774.4,13624.2,13630.5,0
2020-12-21,13398.2,13399.9,13060.3,13246.3,0
2020-12-22,13311,13441.5,13310.4,13418.1,0
2020-12-23,13456.6,13601.7,13456.6,13587.2,0
2020-12-28,13779,13818.6,13740.2,13790.2,0
2020-12-29,13873.3,13903.1,13747,13761.3,0
2020-12-30,13750.9,13797,13717.4,13718.7,0
2021-01-04,13890.2,13907.1,13647.7,13726.7,0
2021-01-05,13680.6,13768.1,13566.4,13651.2,0
2021-01-06,13687,13919.2,13617.1,13891.9,0
2021-01-07,13946.5,14007.4,13902.2,13968.2,0
2021-01-08,14106.6,14131.5,14007.7,14049.5,0
2021-01-11,13986.4,14007.6,13806.6,13936.6,0
2021-01-12,13985.8,13999.5,13871.4,13925,0
2021-01-13,13899,13978.4,13868.8,13939.7,0
2021-01-14,13973.7,14030.2,13942.8,13988.7,0
2021-01-15,13904.3,13958.1,13672.6,13787.7,0
2021-01-18,13701.9,13850.4,13701.7,13848.3,0
2021-01-19,13935.9,13940,13804.4,13815,0
2021-01-20,13848.7,13952.2,13835.9,13921.3,0
2021-01-21,13997.7,14026.3,13878.8,13906.6,0
2021-01-22,13858,13897.7,13744.2,13873.9,0
2021-01-25,13943.9,13946.8,13599.7,13643.9,0
2021-01-26,13687.3,13925.7,13670.2,13870.9,0
2021-01-27,13827.4,13851.8,13475,13620.4,0
2021-01-28,13500.6,13698.5,13310.9,13665.9,0
2021-01-29,13474.2,13593,13403.7,13432.8,0
2021-02-01,13559.9,13648,13518.4,13622,0
2021-02-02,13724.1,13844.9,13693.9,13835.1,0
2021-02-03,13986.7,13988.1,13866.3,13933.6,0
2021-02-04,13971.9,14069.8,13955.7,14060.2,0
2021-02-05,14061.6,14114.4,14013.1,14056.7,0
2021-02-08,14156.8,14169.4,14056.5,14059.9,0
2021-02-09,14055.6,14061.6,13962.1,14011.8,0
2021-02-10,14063.1,14063.1,13830.1,13932.9,0
2021-02-11,13958.3,14053,13916.6,14040.9,0
2021-02-12,13976.1,14050.9,13916.7,14049.8,0
2021-02-15,14109,14131.2,14074.2,14109.4,0
2021-02-16,14105.1,14130.7,14049.9,14064.6,0
2021-02-17,14028.1,14036.9,13894,13909.2,0
2021-02-18,13926.8,13961,13853.7,13886.9,0
2021-02-19,13941.4,14026.1,13892.7,13993.2,0
2021-02-22,13858.5,13975,13802.5,13950,0
2021-02-23,13984.9,13989.2,13664.7,13864.8,0
2021-02-24,13855.8,13998.3,13855.8,13976,0
2021-02-25,14045,14051,13879.1,13879.3,0
2021-02-26,13685.8,13881.2,13673,13786.2,0
2021-03-01,13962.4,14022,13873.8,14012.8,0
2021-03-02,13962,14101.7,13961.6,14039.8,0
2021-03-03,14130.8,14197.4,13979.7,14080,0
2021-03-04,14015.4,14095.8,13959.2,14056.3,0
2021-03-05,13958.5,14068,13868.2,13920.6,0
2021-03-08,14024.5,14402.9,13977.1,14380.9,0
2021-03-09,14345.5,14475.6,14309.3,14437.9,0
2021-03-10,14439.4,14560.9,14408.5,14540.2,0
2021-03-11,14553.5,14595,14515,14569.3,0
2021-03-12,14492.4,14527.4,14450.7,14502.3,0
2021-03-15,14504.4,14572.2,14409.3,14461.4,0
2021-03-16,14519.7,14601.7,14511.3,14557.5,0
2021-03-17,14565.2,14601.6,14539.7,14596.6,0
2021-03-18,14673.7,14804,14669.9,14775.5,0
2021-03-19,14697.2,14747.5,14563.2,14621,0
2021-03-22,14551.1,14677.1,14539.2,14657.2,0
2021-03-23,14582,14707.3,14516.2,14662,0
2021-03-24,14543.5,14619,14523.1,14610.3,0
2021-03-25,14550.4,14621.3,14422.6,14621.3,0
2021-03-26,14714.5,14776.3,14693.9,14748.9,0
2021-03-29,14809.8,14845.4,14756,14817.7,0
2021-03-30,14897.6,15029.7,14890.2,15008.6,0
2021-03-31,14982.1,15026.4,14973.5,15008.3,0
2021-04-01,15053.7,15110.9,15032.5,15107.1,0
2021-04-06,15289.9,15311.8,15209.9,15212.6,0
2021-04-07,15221.2,15242.7,15160.2,15176.3,0
2021-04-08,15236.4,15247.7,15144.1,15202.6,0
2021-04-09,15198.1,15243.5,15157.2,15234.1,0
2021-04-12,15238.8,15275.3,15212.2,15215,0
2021-04-13,15244.6,15281.6,15184.9,15234.3,0
2021-04-14,15253.5,15255.9,15191.5,15209.1,0
2021-04-15,15238.6,15271.6,15227.6,15255.3,0
2021-04-16,15277.8,15473.8,15274.2,15459.7,0
2021-04-19,15496.8,15501.8,15368.1,15368.3,0
2021-04-20,15361.1,15393.1,15109.5,15129.5,0
2021-04-21,15179.9,15210.6,15071.7,15195.9,0
2021-04-22,15252,15328.3,15230.2,15320.5,0
2021-04-23,15267.7,15309,15149.3,15279.6,0
2021-04-26,15297.9,15325.8,15237,15296.3,0
2021-04-27,15282.8,15293.8,15186.7,15249.2,0
2021-04-28,15320.4,15355.2,15266.6,15292.1,0
2021-04-29,15326.2,15329.7,15085,15154.2,0
2021-04-30,15204.3,15244.2,15135.9,15135.9,0
2021-05-03,15191.7,15268.5,15111.3,15236.4,0
2021-05-04,15259.5,15260.7,14845.2,14856.4,0
2021-05-05,14969.6,15170.7,14963.7,15170.7,0
2021-05-06,15170.7,15281.4,15092.7,15196.7,0
2021-05-07,15348.3,15406.4,15290.2,15399.6,0
2021-05-10,15417.5,15419.4,15347.9,15400.4,0
2021-05-11,15253.3,15255.8,15006.7,15119.7,0
2021-05-12,15144,15226.3,15058.1,15150.2,0
2021-05-13,14967.8,15235.8,14816.3,15199.6,0
2021-05-14,15301.7,15417.2,15214.6,15416.6,0
2021-05-17,15432.3,15482.2,15353.6,15396.6,0
2021-05-18,15514.7,15538,15344.1,15386.5,0
2021-05-19,15238.8,15266.5,14961.2,15113.5,0
2021-05-20,15207.3,15370.2,15102.3,15370.2,0
2021-05-21,15411,15467.1,15364.4,15437.5,0
2021-05-25,15548.2,15568.6,15465,15465,0
2021-05-26,15520.4,15541.8,15407.4,15450.7,0
2021-05-27,15419.2,15490,15350.6,15406.7,0
2021-05-28,15443.1,15548.7,15435.7,15519.9,0
2021-05-31,15496.4,15499.6,15414.3,15421.1,0
2021-06-01,15513.1,15685.4,15512.3,15567.3,0
2021-06-02,15570.7,15631,15554,15602.7,0
2021-06-03,15591.5,15657.1,15477.3,15632.6,0
2021-06-04,15651.6,15705.8,15607.9,15692.9,0
2021-06-07,15661.5,15732,15614.1,15677.1,0
2021-06-08,15674.4,15727.2,15638.3,15640.6,0
2021-06-09,15642.7,15669.1,15505.1,15581.1,0
2021-06-10,15610,15637.9,15513.3,15571.2,0
2021-06-11,15583.2,15703.8,15548.3,15693.2,0
2021-06-14,15739.8,15802.6,15673.6,15673.6,0
2021-06-15,15744.7,15792.3,15714.9,15729.5,0
2021-06-16,15756.8,15759.6,15674.6,15710.5,0
2021-06-17,15655.3,15752.3,15649.2,15727.6,0
2021-06-18,15720.5,15736.9,15426.7,15448,0
2021-06-21,15391.5,15606.5,15309.4,15603.2,0
2021-06-22,15587.5,15652.7,15518.3,15636.3,0
2021-06-23,15674.3,15675.9,15456.3,15456.3,0
2021-06-24,15528.5,15606.8,15476.6,15589.2,0
2021-06-25,15584.9,15612.6,15533.4,15607.9,0
2021-06-28,15570.8,15668,15542.1,15554.1,0
2021-06-29,15565.8,15752.9,15555.4,15690.5,0
2021-06-30,15700,15709.3,15461.2,15531,0
2021-07-01,15624.2,15708.7,15488.4,15603.8,0
2021-07-02,15644.8,15705.5,15616.4,15650,0
2021-07-05,15628.4,15673.8,15535.2,15661.9,0
2021-07-06,15615,15647.8,15466.6,15511.3,0
2021-07-07,15606.9,15700.9,15604.5,15692.7,0
2021-07-08,15584.7,15591.6,15304.4,15420.6,0
2021-07-09,15497.9,15687.9,15479.4,15687.9,0
2021-07-12,15675.4,15806.9,15631.8,15790.5,0
2021-07-13,15769.5,15806.5,15747.5,15789.6,0
2021-07-14,15733.1,15810.6,15717.8,15788.9,0
2021-07-15,15737.3,15737.3,15592,15629.6,0
2021-07-16,15682.7,15699.9,15476.9,15540.3,0
2021-07-19,15420.1,15423.8,15048.5,15133.2,0
2021-07-20,15234.8,15300.2,15091.9,15216.2,0
2021-07-21,15239.9,15443.7,15194.5,15422.5,0
2021-07-22,15533.2,15578.7,15471.4,15514.5,0
2021-07-23,15603.6,15681.4,15583.6,15669.2,0
2021-07-26,15586.6,15641.6,15544.9,15618.9,0
2021-07-27,15537.8,15586.9,15423.5,15519.1,0
2021-07-28,15538.7,15577.1,15497.1,15570.3,0
2021-07-29,15608.8,15659.2,15563.6,15640.4,0
2021-07-30,15493.7,15613.6,15440.8,15544.3,0
2021-08-02,15631.7,15702.8,15511.2,15568.7,0
2021-08-03,15537.6,15608,15492.5,15555,0
2021-08-04,15653.6,15712.2,15600.8,15692.1,0
2021-08-05,15691.7,15751.8,15672.2,15744.6,0
2021-08-06,15770.8,15808.2,15737.1,15761.4,0
2021-08-09,15773.5,15798.5,15699.2,15745.4,0
2021-08-10,15734.1,15802.1,15733.6,15770.7,0
2021-08-11,15792.1,15887.1,15724.9,15826,0
2021-08-12,15829.2,15964.3,15823.5,15937.5,0
2021-08-13,15948.1,16030.3,15940.8,15977.4,0
2021-08-16,15875.7,15961.1,15851.2,15925.7,0
2021-08-17,15872.1,15937.4,15811.5,15921.9,0
2021-08-18,15935.2,15969.8,15872.9,15965.9,0
2021-08-19,15737.1,15804.8,15621.9,15765.8,0
2021-08-20,15734.6,15808,15656.2,15808,0
2021-08-23,15930.7,15930.7,15799.5,15852.7,0
2021-08-24,15897.8,15918.7,15856,15905.8,0
2021-08-25,15912.8,15932.6,15853.3,15860.6,0
2021-08-26,15773.7,15834.9,15701.8,15793.6,0
2021-08-27,15778.9,15859.7,15752,15851.7,0
2021-08-30,15856.7,15896.7,15847.6,15887.3,0
2021-08-31,15929.2,16006.7,15761.5,15835,0
2021-09-01,15958.4,15981.7,15773.4,15824.2,0
2021-09-02,15813.5,15874.6,15810.7,15840.5,0
2021-09-03,15841.4,15868.6,15690,15781.2,0
2021-09-06,15818.4,15959.7,15814.6,15932.1,0
2021-09-07,15896.5,15927.7,15826.8,15843,0
2021-09-08,15714.6,15755.3,15590.4,15610.2,0
2021-09-09,15499.4,15693.2,15453.9,15623.1,0
2021-09-10,15648.8,15702.6,15574.9,15609.8,0
2021-09-13,15681.1,15787.6,15674.1,15701.4,0
2021-09-14,15697.7,15763.5,15663.4,15722.9,0
2021-09-15,15731.4,15740,15613.7,15616,0
2021-09-16,15666.6,15745.1,15638.2,15651.7,0
2021-09-17,15774.5,15791.9,15455.5,15490.1,0
2021-09-20,15259.5,15262.7,15019.4,15132,0
2021-09-21,15265,15394.3,15205.7,15348.5,0
2021-09-22,15463.2,15508.4,15378.9,15506.7,0
2021-09-23,15630,15695.6,15593.7,15643.9,0
2021-09-24,15562.1,15573.4,15497.1,15531.7,0
2021-09-27,15699,15704,15552,15573.8,0
2021-09-28,15542,15542.4,15232.9,15248.5,0
2021-09-29,15357,15422.7,15301.3,15365.2,0
2021-09-30,15434.3,15448.5,15246,15260.6,0
2021-10-01,15041.6,15262.7,14983.8,15156.4,0
2021-10-04,15061.8,15175.2,15016.9,15036.5,0
2021-10-05,15055.4,15202.2,15011.4,15194.4,0
2021-10-06,15040.1,15049.4,14818.7,14973.3,0
2021-10-07,15162.7,15253.2,15116.4,15250.8,0
2021-10-08,15242.7,15267.9,15184.7,15206.1,0
2021-10-11,15115.4,15202.7,15094.4,15199.1,0
2021-10-12,15025.3,15174.2,15012,15146.8,0
2021-10-13,15130.8,15302.4,15109.6,15249.3,0
2021-10-14,15350.7,15464.3,15303.3,15462.7,0
2021-10-15,15481.2,15598.5,15465.9,15587.3,0
2021-10-18,15518.5,15542.1,15416,15474.4,0
2021-10-19,15510.9,15527.9,15457.4,15515.8,0
2021-10-20,15473.5,15567,15465,15522.9,0
2021-10-21,15408.8,15532.9,15406.5,15472.5,0
2021-10-22,15507.9,15614.7,15492.2,15542.9,0
2021-10-25,15580.5,15618.8,15531.9,15599.2,0
2021-10-26,15652.9,15781,15650.3,15757,0
2021-10-27,15725.4,15744.7,15671.5,15705.8,0
2021-10-28,15681.5,15706.3,15629.3,15696.3,0
2021-10-29,15579.9,15689.6,15495.5,15688.7,0
2021-11-01,15764.5,15849.4,15760.3,15806.2,0
2021-11-02,15825.2,15960.2,15824.1,15954.4,0
2021-11-03,15957.1,15972.7,15922.1,15959.9,0
2021-11-04,16035.9,16064.7,15997.6,16029.6,0
2021-11-05,16011.5,16084.9,16008.4,16054.3,0
2021-11-08,16040.8,16068.7,16016.2,16046.5,0
2021-11-09,16026.7,16104.1,16022.6,16040.4,0
2021-11-10,16053,16076.5,15985.9,16067.8,0
2021-11-11,16067.3,16114.5,16032.5,16083.1,0
2021-11-12,16100,16122.7,16065,16094,0
2021-11-15,16109.4,16149.8,16072.2,16148.6,0
2021-11-16,16174.3,16266.2,16157.5,16247.8,0
2021-11-17,16248.3,16283.5,16240.5,16251.1,0
2021-11-18,16262.2,16290.1,16193.3,16221.7,0
2021-11-19,16269.2,16282.8,16092.6,16159.9,0
2021-11-22,16188.5,16202.7,16090.5,16115.6,0
2021-11-23,15987.2,16054.3,15866,15937,0
2021-11-24,15942.2,15974.3,15740.6,15878.3,0
2021-11-25,15928.3,15962.5,15865.4,15917.9,0
2021-11-26,15383.9,15540.2,15244.4,15257,0
2021-11-29,15418.2,15441.9,15237.8,15280.8,0
2021-11-30,15117.6,15280,15015.4,15100.1,0
2021-12-01,15233.3,15509.4,15187,15472.6,0
2021-12-02,15300.7,15373.5,15172.9,15263.1,0
2021-12-03,15422.9,15422.9,15101.7,15169.9,0
2021-12-06,15323.2,15415.4,15150.5,15380.7,0
2021-12-07,15546.7,15827.9,15544.7,15813.9,0
2021-12-08,15781,15834,15683.6,15687,0
2021-12-09,15705.9,15721.4,15613.4,15639.2,0
2021-12-10,15572.6,15689.5,15550.4,15623.3,0
2021-12-13,15653.5,15794.3,15591.6,15621.7,0
2021-12-14,15680.3,15697.9,15448.4,15453.5,0
2021-12-15,15503.6,15531,15451.7,15476.3,0
2021-12-16,15708.9,15780.9,15621.5,15636.4,0
2021-12-17,15599.7,15609.5,15419.5,15531.6,0
2021-12-20,15152.5,15296,15060.1,15239.6,0
2021-12-21,15379,15452.4,15305.6,15447.4,0
2021-12-22,15474.8,15593.4,15425.1,15593.4,0
2021-12-23,15660.7,15768.4,15622.6,15756.3,0
2021-12-27,15705.5,15854.6,15697.4,15835.2,0
2021-12-28,15839.1,15974.7,15832.9,15963.7,0
2021-12-29,15952.4,15955,15803.5,15852.2,0
2021-12-30,15837.5,15890.7,15834.5,15884.8,0
2022-01-03,15947.4,16069.3,15943.1,16020.7,0
2022-01-04,16069.8,16202.5,16036.5,16152.6,0
2022-01-05,16177.4,16285.3,16161.7,16271.7,0
2022-01-06,16076.1,16156.5,15988.6,16052,0
2022-01-07,15999,16044.2,15862.7,15947.7,0
2022-01-10,16006.4,16015.3,15724.2,15768.2,0
2022-01-11,15918.8,15979.9,15880.3,15941.8,0
2022-01-12,16054.9,16061.5,15955.5,16010.3,0
2022-01-13,15959.8,16090.2,15941.7,16031.5,0
2022-01-14,15929.3,15970.7,15833.7,15883.2,0
2022-01-17,15948.9,15962.7,15894.7,15933.7,0
2022-01-18,15839.1,15843.5,15669.3,15772.5,0
2022-01-19,15639.4,15898,15629.8,15809.7,0
2022-01-20,15837.2,15912.3,15737.3,15912.3,0
2022-01-21,15694.8,15728.2,15456.8,15603.8,0
2022-01-24,15499.6,15587.3,14952.6,15011.1,0
2022-01-25,15139,15205.7,14979.1,15123.8,0
2022-01-26,15273,15524.9,15272.8,15459.3,0
2022-01-27,15229.9,15582.4,15197.5,15524.2,0
2022-01-28,15411.8,15416.5,15122.6,15318.9,0
2022-01-31,15506.7,15566.3,15338.1,15471.2,0
2022-02-01,15620.5,15687.9,15537,15619.3,0
2022-02-02,15689.1,15736.5,15604.9,15613.7,0
2022-02-03,15565.9,15602.5,15367.1,15368.4,0
2022-02-04,15410.7,15423.9,15060.4,15099.5,0
2022-02-07,15220,15256,15076.8,15206.6,0
2022-02-08,15221.7,15338,15158.8,15242.3,0
2022-02-09,15356.9,15513.9,15351.4,15482,0
2022-02-10,15597,15614.4,15413.3,15490.4,0
2022-02-11,15353.8,15511.3,15308.6,15425.1,0
2022-02-14,15065.7,15150.5,14844.1,15113.9,0
2022-02-15,15077.3,15418.4,15068.3,15412.7,0
2022-02-16,15431.2,15542.8,15327.9,15370.3,0
2022-02-17,15404.1,15440,15206.4,15267.6,0
2022-02-18,15278.6,15317.3,14989,15042.5,0
2022-02-21,15186.6,15192.4,14617.6,14731.1,0
2022-02-22,14365,14782.1,14357.8,14693,0
2022-02-23,14754.2,14901,14586.3,14631.3,0
2022-02-24,13989.4,14221.7,13807.2,14052.1,0
2022-02-25,14230,14567.6,14027.9,14567.2,0
2022-02-28,14263.7,14510.7,14106.8,14461,0
2022-03-01,14404.2,14448.6,13904.8,13904.8,0
2022-03-02,13836.9,14114.7,13707.8,14000.1,0
2022-03-03,13990.2,14057.1,13669.1,13698.4,0
2022-03-04,13485.9,13562.6,13094.5,13094.5,0
2022-03-07,12614,13150.3,12438.8,12834.6,0
2022-03-08,12673.8,13106.7,12672,12831.5,0
2022-03-09,13215,13847.9,13199.6,13847.9,0
2022-03-10,13819.4,13829.9,13341.7,13442.1,0
2022-03-11,13479.6,13943.9,13407.9,13628.1,0
2022-03-14,13827.2,14082,13815.8,13929.1,0
2022-03-15,13768.4,13974.8,13577.8,13917.2,0
2022-03-16,14245.7,14553.1,14183.2,14440.7,0
2022-03-17,14500,14509.2,14243.9,14388,0
2022-03-18,14374.4,14413,14109.7,14413,0
2022-03-21,14385.8,14457.3,14306.2,14326.9,0
2022-03-22,14365.6,14508,14343.3,14473.2,0
2022-03-23,14532.8,14539.3,14226.4,14283.6,0
2022-03-24,14305.8,14375.8,14187.8,14273.7,0
2022-03-25,14332.2,14428,14247.3,14305.7,0
2022-03-28,14376,14627.5,14371.9,14417.3,0
2022-03-29,14592.7,14925.2,14553.7,14820.3,0
2022-03-30,14712.3,14744.7,14555.8,14606,0
2022-03-31,14674.8,14732,14404,14414.7,0
2022-04-01,14447.7,14506,14403,14446.4,0
2022-04-04,14503.9,14535,14334.1,14518.1,0
2022-04-05,14504.8,14603.4,14347.3,14424.3,0
2022-04-06,14402.1,14437.9,14027.1,14151.6,0
2022-04-07,14187.1,14315.3,14069.5,14078.1,0
2022-04-08,14275.8,14321.8,14178.2,14283.6,0
2022-04-11,14162.9,14298,14094.8,14192.7,0
2022-04-12,13956.5,14180,13887.1,14124.9,0
2022-04-13,14062.7,14100,13961.9,14076.4,0
2022-04-14,14098.4,14198.7,14038.3,14163.8,0
2022-04-19,14057.4,14199,13991.7,14153.4,0
2022-04-20,14154.4,14362,14149.6,14362,0
2022-04-21,14376,14598.1,14374.5,14502.4,0
2022-04-22,14320.5,14372.4,14142,14142,0
2022-04-25,13908,14037.6,13863.3,13924.1,0
2022-04-26,14087,14112.8,13749.6,13756.4,0
2022-04-27,13760.2,13849.4,13566.2,13793.9,0
2022-04-28,13907,14074.7,13822.1,13979.8,0
2022-04-29,14095.9,14187,14038.5,14097.8,0
2022-05-02,13996.8,14036.1,13778.1,13939,0
2022-05-03,13958.9,14081.1,13920.4,14039.4,0
2022-05-04,14020.9,14073.2,13970.6,13970.8,0
2022-05-05,14282.7,14315.2,13857.5,13902.5,0
2022-05-06,13832.6,13851.4,13592.1,13674.2,0
2022-05-09,13624.9,13697.9,13380.6,13380.6,0
2022-05-10,13550,13719.9,13514.4,13534.7,0
2022-05-11,13587.2,13829.1,13508.5,13828.6,0
2022-05-12,13512.1,13808,13479.3,13739.6,0
2022-05-13,13837.4,14034.1,13795.6,14027.9,0
2022-05-16,13986.1,14043.1,13864.9,13964.3,0
2022-05-17,14072.6,14203,14056.9,14185.9,0
2022-05-18,14197.1,14226.4,13999.5,14007.7,0
2022-05-19,13822.3,13882.3,13683.5,13882.3,0
2022-05-20,13968.2,14161.3,13944.1,13981.9,0
2022-05-23,14179.8,14217.4,14026.1,14175.4,0
2022-05-24,14043.2,14105,13917,13919.7,0
2022-05-25,14022.2,14053.5,13871.4,14007.9,0
2022-05-26,14025.4,14253.6,14025.4,14231.2,0
2022-05-27,14289.5,14463.5,14246.8,14462.1,0
2022-05-30,14572.8,14589.4,14509.5,14575.9,0
2022-05-31,14513.3,14547,14359.3,14388.3,0
2022-06-01,14478.3,14489,14329.5,14340.4,0
2022-06-02,14394.3,14492.7,14393,14485.1,0
2022-06-03,14585.1,14589.9,14443.1,14460,0
2022-06-06,14576.8,14709.3,14548.2,14653.8,0
2022-06-07,14569.3,14590.6,14458.3,14556.6,0
2022-06-08,14595.7,14602,14378.5,14445.9,0
2022-06-09,14364.5,14420.7,14186.9,14198.8,0
2022-06-10,14110,14121,13749.7,13761.8,0
2022-06-13,13564.4,13648.8,13379.8,13427,0
2022-06-14,13557.4,13569.9,13294,13304.3,0
2022-06-15,13480.5,13566.8,13358.4,13485.2,0
2022-06-16,13440.4,13443.3,13007.9,13038.4,0
2022-06-17,13092.8,13237.7,13020.4,13126.2,0
2022-06-20,13207.7,13265.6,13106.3,13265.6,0
2022-06-21,13335.1,13443.7,13273.2,13292.4,0
2022-06-22,13062.2,13206.1,12965.6,13144.2,0
2022-06-23,13082.6,13120.3,12912.5,12912.5,0
2022-06-24,12949.8,13160.7,12904.8,13118.1,0
2022-06-27,13217.9,13378.4,13126.8,13186,0
2022-06-28,13264.6,13358.6,13221,13231.8,0
2022-06-29,13089.9,13132.3,12946.7,13003.3,0
2022-06-30,12795.2,12811.4,12618.6,12783.7,0
2022-07-01,12627.6,12894.3,12623.2,12813,0
2022-07-04,12904,12919.7,12741.6,12773.3,0
2022-07-05,12851.2,12870.2,12390.9,12401.2,0
2022-07-06,12587.5,12668.6,12509.2,12594.5,0
2022-07-07,12757.6,12867.7,12693.6,12843.2,0
2022-07-08,12814.1,13019.1,12766.8,13015.2,0
2022-07-11,12783,12934.8,12774.2,12832.4,0
2022-07-12,12751.3,12905.4,12655,12905.4,0
2022-07-13,12800.8,12851.9,12625.2,12756.3,0
2022-07-14,12759.2,12788,12434.2,12519.6,0
2022-07-15,12562.1,12875.6,12532.9,12864.7,0
2022-07-18,12935,13062.2,12913.6,12959.8,0
2022-07-19,12884.8,13351.2,12827.8,13308.4,0
2022-07-20,13356.6,13399.4,13129.1,13281.9,0
2022-07-21,13261.8,13318.6,13097.7,13246.6,0
2022-07-22,13179.5,13367,13171.1,13253.6,0
2022-07-25,13183.2,13337,13151.8,13210.3,0
2022-07-26,13181.9,13197.9,13042.4,13096.9,0
2022-07-27,13158.6,13204.5,13089.9,13166.3,0
2022-07-28,13214.4,13289.3,13091.2,13282.1,0
2022-07-29,13353.2,13515,13340.5,13484,0
2022-08-01,13471.2,13570.2,13464.9,13479.6,0
2022-08-02,13419.1,13484.5,13335.3,13449.2,0
2022-08-03,13398.7,13595,13388.3,13587.5,0
2022-08-04,13629.7,13792.8,13628.5,13662.6,0
2022-08-05,13642.9,13693.3,13562.6,13573.9,0
2022-08-08,13703.3,13745.5,13604.5,13687.6,0
2022-08-09,13703.3,13745.5,13514.7,13534.9,0
2022-08-10,13482.6,13715.5,13455.7,13700.9,0
2022-08-11,13747,13763.2,13661.1,13694.5,0
2022-08-12,13709.8,13813,13705,13795.8,0
2022-08-15,13847.8,13857.9,13736,13816.6,0
2022-08-16,13849.6,13947.8,13824.9,13910.1,0
2022-08-17,13928.1,13930.5,13610.4,13626.7,0
2022-08-18,13653.8,13775.6,13638.1,13697.4,0
2022-08-19,13591.2,13660.3,13525.6,13544.5,0
2022-08-22,13471.4,13510.2,13189.2,13230.5,0
2022-08-23,13163.5,13298.2,13156.4,13194.2,0
2022-08-24,13131.1,13238.6,13085.2,13220,0
2022-08-25,13328.4,13364.5,13210.9,13271.9,0
2022-08-26,13335.1,13375,12939.9,12971.4,0
2022-08-29,12838.4,12942.4,12758.4,12892.9,0
2022-08-30,12919.4,13154.1,12885,12961.1,0
2022-08-31,13018.4,13020.5,12814.8,12834.9,0
2022-09-01,12713.7,12743,12603.5,12630.2,0
2022-09-02,12768.4,13051.5,12736,13050.2,0
2022-09-05,12827.5,12827.5,12617.4,12760.7,0
2022-09-06,12807.2,12927.7,12760,12871.4,0
2022-09-07,12770.7,12953.9,12736,12915.9,0
2022-09-08,12985.6,13008.8,12688.8,12904.3,0
2022-09-09,12926.1,13121.1,12925.5,13088.2,0
2022-09-12,13171.9,13441.5,13165.7,13402.2,0
2022-09-13,13450.3,13564.8,13183.1,13188.9,0
2022-09-14,13131.3,13192.8,12952,13028,0
2022-09-15,13040.3,13111.3,12927.2,12956.6,0
2022-09-16,12814.9,12815.3,12699.2,12741.2,0
2022-09-19,12685.2,12866.7,12606.6,12803.2,0
2022-09-20,12849.7,12936.5,12638.2,12670.8,0
2022-09-21,12555.3,12771.7,12520.8,12767.1,0
2022-09-22,12531.6,12781.5,12526.6,12531.6,0
2022-09-23,12506.6,12521.2,12180.7,12284.1,0
2022-09-26,12231.8,12368.4,12184,12227.9,0
2022-09-27,12332.8,12414,12139.6,12139.6,0
2022-09-28,12025.4,12198.3,11862.8,12183.2,0
2022-09-29,12143.2,12147.3,11866.9,11975.5,0
2022-09-30,12063,12137.7,11973.9,12114.3,0
2022-10-03,11951.8,12227.8,11893.9,12209.4,0
2022-10-04,12360.7,12673.3,12358.9,12670.4,0
2022-10-05,12611,12661.8,12455.3,12517.1,0
2022-10-06,12593.4,12643.2,12421.8,12470.7,0
2022-10-07,12414.7,12497.5,12272.5,12273,0
2022-10-10,12175.5,12410.8,12174.6,12272.9,0
2022-10-11,12168.6,12258.1,12097.6,12220.2,0
2022-10-12,12207.9,12298.6,12104.6,12172.2,0
2022-10-13,12114.2,12379.2,12000.4,12355.5,0
2022-10-14,12549,12676.4,12395.9,12437.8,0
2022-10-17,12467.5,12716.8,12398,12649,0
2022-10-18,12788.5,12931.7,12746.3,12765.6,0
2022-10-19,12817.6,12819.1,12705.2,12741.4,0
2022-10-20,12685.1,12818.3,12628.7,12767.4,0
2022-10-21,12641.1,12775.5,12548.1,12730.9,0
2022-10-24,12868.7,13020.4,12747.3,12931.4,0
2022-10-25,12965.1,13053.2,12789.2,13052.9,0
2022-10-26,13054.4,13203.2,13023.4,13195.8,0
2022-10-27,13152.9,13259.4,13062,13211.2,0
2022-10-28,13072.9,13250.6,13051.2,13243.3,0
2022-10-31,13254.3,13307,13216.4,13253.7,0
2022-11-01,13344.8,13444,13287,13338.7,0
2022-11-02,13369.3,13398.6,13255,13256.7,0
2022-11-03,13130.9,13194.3,13022.6,13130.1,0
2022-11-04,13201.2,13542.3,13193.5,13459.8,0
2022-11-07,13398.7,13611.3,13391,13533.5,0
2022-11-08,13506.6,13689.6,13487.9,13688.7,0
2022-11-09,13653.9,13691.1,13557,13666.3,0
2022-11-10,13603.7,14157.2,13599.3,14146,0
2022-11-11,14179.3,14263.5,14172.4,14224.8,0
2022-11-14,14295.8,14431.1,14243.3,14313.3,0
2022-11-15,14372.4,14440.7,14266.4,14378.5,0
2022-11-16,14374.8,14382.6,14195.3,14234,0
2022-11-17,14348.4,14384.5,14149.7,14266.3,0
2022-11-18,14320.6,14457.7,14300.2,14431.8,0
2022-11-21,14395.5,14425.9,14321.8,14379.9,0
2022-11-22,14352.5,14485.4,14343.8,14422.3,0
2022-11-23,14438.2,14446.3,14363.5,14427.5,0
2022-11-24,14456.1,14570.7,14447.5,14539.5,0
2022-11-25,14547.5,14571.6,14498,14541.3,0
2022-11-28,14471.1,14514.7,14374.1,14383.3,0
2022-11-29,14404.6,14429.8,14327,14355.4,0
2022-11-30,14429.2,14487.7,14363.3,14397,0
2022-12-01,14543.8,14563.7,14423.7,14490.3,0
2022-12-02,14465.7,14584.5,14372.4,14529.3,0
2022-12-05,14487.4,14507.1,14394.3,14447.6,0
2022-12-06,14406.8,14471.5,14305.2,14343.1,0
2022-12-07,14304.9,14372.3,14218.1,14261.1,0
2022-12-08,14277.7,14298.8,14196.7,14264.5,0
2022-12-09,14325.8,14385.5,14217.9,14370.7,0
2022-12-12,14300.4,14366.3,14262.6,14306.6,0
2022-12-13,14345.8,14675.8,14302.4,14497.8,0
2022-12-14,14453.5,14470.7,14375.9,14460.2,0
2022-12-15,14351.3,14363.1,13982.5,13986.2,0
2022-12-16,13978.4,14011.2,13815.2,13893,0
2022-12-19,13934.7,14001.3,13927,13942.8,0
2022-12-20,13829.9,13931.2,13791.5,13884.6,0
2022-12-21,13944.6,14099.7,13912.1,14097.8,0
2022-12-22,14113,14160.8,13890.5,13914,0
2022-12-23,13945.5,14000.6,13874.5,13940.9,0
2022-12-27,14047.4,14063.1,13966.3,13995.1,0
2022-12-28,14013.7,14018.4,13914.6,13925.6,0
2022-12-29,13890.8,14071.7,13871.3,14071.7,0
2022-12-30,14005.8,14008.9,13922.5,13923.5,0
2023-01-02,13992.7,14095.9,13976.4,14069.2,0
2023-01-03,14116,14293.8,14083.7,14181.6,0
2023-01-04,14266.9,14492.7,14264.6,14490.7,0
2023-01-05,14451.2,14501.6,14403.7,14436.3,0
2023-01-06,14476.7,14610.2,14388.9,14610,0
2023-01-09,14650.7,14832.8,14628.6,14792.8,0
2023-01-10,14741.9,14790.8,14692.7,14774.6,0
2023-01-11,14805.4,14965.4,14794.9,14947.9,0
2023-01-12,14972.2,15095,14934.5,15058.3,0
2023-01-13,15063.2,15132.3,15041.1,15086.5,0
2023-01-16,15112,15153.1,15083.9,15134,0
2023-01-17,15130,15269.7,15083.9,15187,0
2023-01-18,15182.9,15250.3,15156.8,15181.8,0
2023-01-19,15115.5,15134,14906.2,14920.3,0
2023-01-20,14986.5,15034.4,14940.6,15033.5,0
2023-01-23,15077.4,15145.9,15022.8,15102.9,0
2023-01-24,15140.5,15147.4,15022.5,15093.1,0
2023-01-25,15095.7,15114.4,14969.6,15081.6,0
2023-01-26,15146.2,15151.5,15068.7,15132.8,0
2023-01-27,15115.7,15186.4,15077.6,15150,0
2023-01-30,15070.3,15161,14988.9,15126,0
2023-01-31,15081.1,15136.2,14993.5,15128.2,0
2023-02-01,15125.1,15222.3,15107.8,15180.7,0
2023-02-02,15275,15520.9,15264.3,15509.1,0
2023-02-03,15408.4,15476.6,15347.8,15476.4,0
2023-02-06,15367,15406.9,15275.5,15345.9,0
2023-02-07,15359.5,15363.4,15273.6,15320.8,0
2023-02-08,15450.6,15486.1,15371.9,15412,0
2023-02-09,15560.1,15658.5,15519.6,15523.4,0
2023-02-10,15438.9,15487.9,15246.3,15307.9,0
2023-02-13,15322,15409.2,15305.9,15397.3,0
2023-02-14,15419,15526.2,15366.3,15380.5,0
2023-02-15,15394.4,15520.3,15388.8,15506.3,0
2023-02-16,15612.4,15634,15417.1,15533.6,0
2023-02-17,15372,15514.7,15300.4,15482,0
2023-02-20,15524.1,15532.4,15436.7,15477.5,0
2023-02-21,15450.6,15470.5,15286.7,15397.6,0
2023-02-22,15342.6,15408.5,15247.5,15399.8,0
2023-02-23,15453.2,15552.7,15433.9,15475.6,0
2023-02-24,15501.8,15530.4,15162.4,15209.7,0
2023-02-27,15351.6,15481,15351.6,15381.4,0
2023-02-28,15299.7,15443.1,15289.4,15365.1,0
2023-03-01,15399.9,15478.8,15254.1,15305,0
2023-03-02,15171,15329.2,15150.6,15327.6,0
2023-03-03,15430.6,15590.4,15409.9,15578.3,0
2023-03-06,15597.9,15677.9,15587.7,15653.5,0
2023-03-07,15638.4,15706.3,15544,15559.5,0
2023-03-08,15528.8,15667.2,15524.8,15631.8,0
2023-03-09,15619.7,15667,15535.1,15633.2,0
2023-03-10,15369.6,15495.8,15316.3,15427.9,0
2023-03-13,15435.1,15435.8,14887.4,14959.4,0
2023-03-14,15016.5,15272.1,14951.7,15232.8,0
2023-03-15,15175.4,15246.1,14702.9,14735.2,0
2023-03-16,14973.8,15018.3,14664.1,14967.1,0
2023-03-17,15073.7,15153.1,14694.2,14768.2,0
2023-03-20,14715.4,14980.4,14458.3,14933.3,0
2023-03-21,15062,15253.1,15055.9,15195.3,0
2023-03-22,15174.6,15298.4,15166.9,15216.1,0
2023-03-23,15178.2,15244.3,15078.7,15210.3,0
2023-03-24,15135.5,15135.6,14809.8,14957.2,0
2023-03-27,15133.6,15185.3,15020,15127.6,0
2023-03-28,15255.9,15261.4,15103.7,15142,0
2023-03-29,15242.5,15342.2,15186.7,15328.7,0
2023-03-30,15429.3,15536.4,15424.6,15522.4,0
2023-03-31,15568.3,15659,15499.8,15628.8,0
2023-04-03,15623.4,15659.3,15553.9,15580.9,0
2023-04-04,15639,15736.5,15601.4,15603.4,0
2023-04-05,15611.6,15627.2,15482.8,15520.1,0
2023-04-06,15530.2,15601.4,15509,15597.8,0
2023-04-11,15710.4,15726,15625.7,15655.1,0
2023-04-12,15689.1,15827.2,15668.2,15703.6,0
2023-04-13,15708.2,15754.9,15675.1,15729.4,0
2023-04-14,15789.7,15841.4,15760.3,15807.5,0
2023-04-17,15838.8,15903.2,15764.3,15789.5,0
2023-04-18,15841.5,15916.2,15802.7,15882.6,0
2023-04-19,15850.5,15908.4,15829.5,15895.2,0
2023-04-20,15864.1,15883.3,15734.2,15795.9,0
2023-04-21,15782.5,15899.6,15706.8,15881.6,0
2023-04-24,15852.2,15919.1,15831.1,15863.9,0
2023-04-25,15836.7,15891.7,15794.8,15872.1,0
2023-04-26,15804.5,15826,15694.3,15795.7,0
2023-04-27,15739.3,15859.2,15706.6,15800.4,0
2023-04-28,15884.7,15922.3,15688.1,15922.3,0
2023-05-02,15950.3,16011.5,15707.5,15726.9,0
2023-05-03,15774,15868.8,15745.9,15815,0
2023-05-04,15781.4,15796.7,15662.3,15734.2,0
2023-05-05,15837.4,15961.5,15755.9,15961,0
2023-05-08,15967.5,15996.1,15933.6,15952.8,0
2023-05-09,15950.8,15962.6,15879.5,15955.4,0
2023-05-10,15973.3,15984.8,15848.6,15896.2,0
2023-05-11,15943.8,15970.5,15754.7,15834.9,0
2023-05-12,15918.2,15938,15852.1,15913.8,0
2023-05-15,15966.9,15982.1,15874.2,15917.2,0
2023-05-16,15892.7,15968.4,15862.3,15897.9,0
2023-05-17,15883.6,15992.7,15862.1,15951.3,0
2023-05-18,16069.4,16230.4,16069.4,16163.3,0
2023-05-19,16233.1,16331.9,16203.6,16275.3,0
2023-05-22,16235.9,16267.9,16196.3,16223.9,0
2023-05-23,16186.4,16224.3,16143.9,16152.8,0
2023-05-24,16008.5,16013.2,15802.8,15842.1,0
2023-05-25,15872.4,15872.6,15726.5,15793.8,0
2023-05-26,15850,16008.5,15726.7,15983.9,0
2023-05-29,16064.1,16079.7,15925.2,15952.7,0
2023-05-30,15962.3,16058.4,15889.4,15908.9,0
2023-05-31,15757.4,15871.7,15629.1,15664,0
2023-06-01,15744,15863.4,15734.8,15853.6,0
2023-06-02,15949,16071.3,15922.6,16051.2,0
2023-06-05,16079.8,16114.8,15928.4,15963.8,0
2023-06-06,15939.3,16009.2,15925.5,15992.4,0
2023-06-07,15998.1,16020.2,15909.8,15960.5,0
2023-06-08,15951.6,16019,15913.9,15989.9,0
2023-06-09,15993,15998.9,15924.5,15949.8,0
2023-06-12,16052.9,16126.3,16021.5,16097.8,0
2023-06-13,16218.2,16232.7,16088.4,16230.6,0
2023-06-14,16219,16336.2,16217.4,16310.7,0
2023-06-15,16275.7,16301.7,16165.6,16290.1,0
2023-06-16,16306.6,16427.4,16276.7,16357.6,0
2023-06-19,16272.2,16302.2,16189.5,16201.2,0
2023-06-20,16100.2,16184.3,16069.1,16111.3,0
2023-06-21,16082.7,16145.2,16002.2,16023.1,0
2023-06-22,15867.6,15988.2,15810.4,15988.1,0
2023-06-23,15862.7,15917.1,15733.1,15829.9,0
2023-06-26,15874.1,15874.9,15713.7,15813,0
2023-06-27,15873.7,15895.7,15758.1,15846.8,0
2023-06-28,15922.7,15994.3,15906.8,15949,0
2023-06-29,15960.4,15998.6,15920,15946.7,0
2023-06-30,15989.4,16176.5,15978.9,16147.9,0
2023-07-03,16187.9,16209.2,16070.4,16081,0
2023-07-04,16082.9,16103.9,16023.7,16039.1,0
2023-07-05,15930.1,15982.9,15901.3,15937.5,0
2023-07-06,15816.1,15846.2,15495.8,15528.5,0
2023-07-07,15515,15661.4,15456.1,15603.4,0
2023-07-10,15585.3,15722,15545.3,15673.1,0
2023-07-11,15716.2,15807.6,15659.1,15790.3,0
2023-07-12,15842.2,16044.2,15806.2,16023,0
2023-07-13,16009.2,16185.1,16000.3,16141,0
2023-07-14,16123.1,16149.1,16071.7,16105,0
2023-07-17,16013.5,16102.5,15995.4,16068.6,0
2023-07-18,16042,16140.2,16031,16125.4,0
2023-07-19,16190,16240.7,16075.1,16108.9,0
2023-07-20,16059.2,16211.4,16050.9,16204.2,0
2023-07-21,16125.2,16181.3,16103.4,16177.2,0
2023-07-24,16126.7,16208.7,16121.2,16190.9,0
2023-07-25,16169.7,16225.8,16135.6,16211.5,0
2023-07-26,16183.7,16212.9,16000,16131.4,0
2023-07-27,16162.1,16408.8,16131.6,16406,0
2023-07-28,16356.3,16490.1,16336.4,16469.7,0
2023-07-31,16434.6,16528.9,16427.4,16446.8,0
2023-08-01,16414.7,16430.6,16240.4,16240.4,0
2023-08-02,16027.6,16140.7,15955.3,16020,0
2023-08-03,15879,15920.3,15807.8,15893.3,0
2023-08-04,15917,15973.9,15784.5,15951.8,0
2023-08-07,15877.5,15962.6,15824.7,15950.7,0
2023-08-08,15868.3,15946.5,15706.3,15774.9,0
2023-08-09,15918,15983.7,15831,15852.5,0
2023-08-10,15921.4,16060.2,15880.4,15996.5,0
2023-08-11,15927.7,15962.4,15803,15832.1,0
2023-08-14,15818.2,15937.7,15817.5,15904.2,0
2023-08-15,15909.5,15923.1,15703,15767.2,0
2023-08-16,15737,15814.6,15725.1,15789.4,0
2023-08-17,15712.9,15793.5,15664.3,15676.9,0
2023-08-18,15597.1,15612.8,15468.6,15574.2,0
2023-08-21,15573.9,15710.2,15571.8,15603.2,0
2023-08-22,15684.6,15799.3,15677.4,15705.6,0
2023-08-23,15761.2,15820.9,15672.4,15728.4,0
2023-08-24,15876.2,15896.7,15618.6,15621.4,0
2023-08-25,15582.9,15739.7,15578.9,15631.8,0
2023-08-28,15756.4,15804.9,15673.8,15792.6,0
2023-08-29,15844.7,15942.1,15805.4,15930.8,0
2023-08-30,15956.9,15960.4,15823.3,15891.9,0
2023-08-31,15937.3,16042.6,15914.4,15947,0
2023-09-01,15936.3,15984.5,15840.2,15840.3,0
2023-09-04,15904.6,15958.7,15795.9,15824.8,0
2023-09-05,15729.7,15838.4,15691.4,15771.7,0
2023-09-06,15712.5,15781.8,15676.5,15741.3,0
2023-09-07,15661.6,15794.7,15661.3,15718.6,0
2023-09-08,15777.5,15783.3,15577,15740.3,0
2023-09-11,15799.4,15867.5,15771,15800.9,0
2023-09-12,15804,15808.3,15686.3,15715.5,0
2023-09-13,15648.9,15726.6,15564.6,15654,0
2023-09-14,15652.4,15824,15588.1,15805.2,0
2023-09-15,15940.3,15989.3,15871.1,15893.5,0
2023-09-18,15858.8,15870.6,15693.8,15727.1,0
2023-09-19,15688,15743.9,15630.9,15664.4,0
2023-09-20,15703,15810.3,15699.3,15781.5,0
2023-09-21,15650.9,15696.6,15548.6,15571.8,0
2023-09-22,15473.8,15592.2,15471.7,15557.2,0
2023-09-25,15513.3,15572.1,15329.4,15405.4,0
2023-09-26,15330.9,15360.4,15229.3,15255.8,0
2023-09-27,15225.5,15299.6,15194.6,15217.4,0
2023-09-28,15229.1,15323.7,15138.6,15323.5,0
2023-09-29,15394.8,15515.9,15382.5,15386.5,0
2023-10-02,15439.9,15476.3,15192,15247.2,0
2023-10-03,15184.4,15257.8,15074.8,15085.2,0
2023-10-04,14979.8,15174.6,14948,15099.9,0
2023-10-05,15113.9,15157.7,15048.4,15070.2,0
2023-10-06,15109.1,15230.8,15033.5,15229.7,0
2023-10-09,15143.2,15201,15077.6,15128.1,0
2023-10-10,15272.5,15443.4,15272.5,15423.5,0
2023-10-11,15366.7,15486.1,15361.7,15460,0
2023-10-12,15537.8,15575.2,15413.2,15425,0
2023-10-13,15400,15409.8,15178,15186.6,0
2023-10-16,15219.4,15271.5,15103.1,15237.9,0
2023-10-17,15211.2,15288.3,15117.2,15251.6,0
2023-10-18,15244,15271.1,15081.6,15094.9,0
2023-10-19,15060.6,15104.3,14984.5,15045.2,0
2023-10-20,14872,14936.4,14798.4,14798.4,0
2023-10-23,14823,14838,14630.2,14800.7,0
2023-10-24,14802.5,14916.6,14750.3,14879.9,0
2023-10-25,14870.6,14933.6,14789.6,14892.1,0
2023-10-26,14696.2,14795.4,14655,14731,0
2023-10-27,14757.1,14824.2,14667.3,14687.4,0
2023-10-30,14770.9,14798,14678.7,14716.5,0
2023-10-31,14741.4,14829.6,14722.3,14810.3,0
2023-11-01,14851.9,14949.5,14786.3,14923.2,0
2023-11-02,15033.6,15202.4,15028,15143.6,0
2023-11-03,15203.8,15269.5,15149.7,15189.2,0
2023-11-06,15219.3,15223.4,15110.8,15135.9,0
2023-11-07,15084.7,15194.5,15068.2,15152.6,0
2023-11-08,15093.4,15287.7,15086.4,15229.6,0
2023-11-09,15246.5,15364.4,15212.9,15352.5,0
2023-11-10,15296.5,15309.5,15171.5,15234.3,0
2023-11-13,15285.1,15346.7,15252.2,15345,0
2023-11-14,15358.5,15632.4,15337.6,15614.4,0
2023-11-15,15631.6,15759.8,15628.1,15748.1,0
2023-11-16,15806.9,15862,15783.5,15786.6,0
2023-11-17,15828.7,15952.4,15826.6,15919.1,0
2023-11-20,15915.2,15929.9,15854.8,15901.3,0
2023-11-21,15911,15948,15891.3,15900.5,0
2023-11-22,15965.1,15998.4,15931.7,15957.8,0
2023-11-23,15976.6,16005.4,15958,15994.7,0
2023-11-24,15988.1,16041.1,15972.6,16029.4,0
2023-11-27,16007.2,16039.4,15957.9,15966.3,0
2023-11-28,15939.1,15993.4,15915.4,15992.6,0
2023-11-29,16013.1,16208.9,16010.4,16166.4,0
2023-11-30,16204.7,16262.9,16169.1,16215.4,0
2023-12-01,16296.9,16399,16279.4,16397.5,0
2023-12-04,16390.1,16455.6,16386.8,16404.7,0
2023-12-05,16405.1,16551.3,16394,16533.1,0
2023-12-06,16565.6,16727,16536.1,16656.4,0
2023-12-07,16623.8,16655.3,16595.1,16628.9,0
2023-12-08,16644.6,16782.7,16630.1,16759.2,0
2023-12-11,16760.5,16817.8,16734.2,16794.4,0
2023-12-12,16823,16837.1,16753.8,16791.7,0
2023-12-13,16811.5,16836.4,16760.1,16766,0
2023-12-14,16948.7,17003.2,16670.3,16752.2,0
2023-12-15,16822.5,16890.1,16713.7,16751.4,0
2023-12-18,16683.6,16744.2,16624.6,16650.5,0
2023-12-19,16657.4,16750.5,16656.6,16744.4,0
2023-12-20,16779.4,16789.9,16694.5,16733,0
2023-12-21,16667.3,16708.3,16624.1,16687.4,0
2023-12-22,16673.3,16735.3,16651.7,16706.1,0
2023-12-27,16727.7,16775.7,16697.5,16742,0
2023-12-28,16780.9,16783.7,16688.5,16701.5,0
2023-12-29,16729.2,16758.5,16726.9,16751.6,0
2024-01-02,16828.7,16963.4,16648.8,16769.3,0
2024-01-03,16771.3,16784,16479.9,16538.3,0
2024-01-04,16563.6,16626.8,16501.4,16617.2,0
2024-01-05,16504.8,16645.8,16448.7,16594.2,0
2024-01-08,16618.5,16716.4,16517.4,16716.4,0
2024-01-09,16743.2,16743.2,16611.5,16688.3,0
2024-01-10,16703.1,16753.6,16654.9,16689.8,0
2024-01-11,16775.9,16839.4,16541.3,16547,0
2024-01-12,16649.4,16752.2,16608,16704.5,0
2024-01-15,16723.2,16736.1,16609.2,16622.2,0
2024-01-16,16497.5,16581.9,16476,16571.6,0
2024-01-17,16400.4,16435.6,16345,16431.6,0
2024-01-18,16440.6,16579.1,16421.2,16567.3,0
2024-01-19,16626.5,16647.8,16513.4,16555.1,0
2024-01-22,16684.1,16705.4,16607.7,16683.3,0
2024-01-23,16753,16753,16626.5,16627,0
2024-01-24,16793.2,16921.4,16760.9,16889.9,0
2024-01-25,16849.7,16916.6,16785.6,16906.9,0
2024-01-26,16879,16967.7,16849.3,16961.3,0
2024-01-29,16925.3,16941.7,16860,16941.7,0
2024-01-30,16991.3,16999.5,16946.5,16972.3,0
2024-01-31,16972.4,16991.8,16884.8,16903.7,0
2024-02-01,16834.1,16915.9,16821.6,16859,0
2024-02-02,16977.7,17004.5,16894.6,16918.2,0
2024-02-05,16925.9,16972.6,16859,16904,0
2024-02-06,16965.8,17049.5,16871.3,17033.2,0
2024-02-07,17020.7,17021.5,16907.1,16921.9,0
2024-02-08,16936.1,17029.5,16889.1,16963.8,0
2024-02-09,16973.5,16993.1,16876.3,16926.5,0
2024-02-12,16975.9,17042.7,16958.8,17037.3,0
2024-02-13,16987,16991.6,16831.5,16880.8,0
2024-02-14,16872.8,16957.7,16857.3,16945.4,0
2024-02-15,17022.5,17089.1,17003.8,17046.6,0
2024-02-16,17117.3,17198.4,17060.3,17117.4,0
2024-02-19,17075.7,17098.6,17049.2,17092.2,0
2024-02-20,17066.2,17084.8,17019.1,17068.4,0
2024-02-21,17102,17157.9,17063.2,17118.1,0
2024-02-22,17326.7,17429.6,17279.7,17370.4,0
2024-02-23,17372,17443.7,17354.7,17419.3,0
2024-02-26,17396.7,17460.5,17396.4,17423.2,0
2024-02-27,17431.3,17563.4,17428.1,17556.4,0
2024-02-28,17569.6,17605.6,17552.9,17601.2,0
2024-02-29,17634.6,17742.4,17620.1,17678.1,0
2024-03-01,17793.4,17816.5,17690.8,17735,0
2024-03-04,17743.4,17756.3,17684.7,17716.1,0
2024-03-05,17682.7,17746.5,17643.1,17698.4,0
2024-03-06,17685.9,17745.1,17682.5,17716.7,0
2024-03-07,17648.8,17879.1,17619.4,17842.8,0
2024-03-08,17849.8,17860.5,17795.1,17814.5,0
2024-03-11,17690.9,17750.7,17662.5,17746.2,0
2024-03-12,17810.1,17973.2,17746.8,17965.1,0
2024-03-13,17984.5,18001.4,17939.5,17961.3,0
2024-03-14,18002.9,18039,17899.9,17942,0
2024-03-15,17938.1,18038.1,17926.7,17936.6,0
2024-03-18,17936.3,18015.4,17902.9,17932.6,0
2024-03-19,17932.1,17998,17914.1,17987.4,0
2024-03-20,17987.9,18044.4,17955.6,18015.1,0
2024-03-21,18019.8,18179.8,18019.8,18179.2,0
2024-03-22,18175,18225.9,18140.9,18205.9,0
2024-03-25,18206.3,18285.5,18176.8,18261.3,0
2024-03-26,18262.1,18411.9,18256.8,18384.3,0
2024-03-27,18385.1,18511.1,18385.1,18477,0
2024-03-28,18477.4,18513.8,18468.8,18492.4,0
2024-04-02,18492.3,18567.1,18275.9,18283.1,0
2024-04-03,18281.8,18376,18281.8,18367.7,0
2024-04-04,18366.3,18427.4,18340.2,18403.1,0
2024-04-05,18401.8,18401.8,18088,18175,0
2024-04-08,18163.3,18326.3,18163.3,18318.9,0
2024-04-09,18318.4,18318.5,18058.2,18076.6,0
2024-04-10,18078.8,18239.5,17975.8,18097.3,0
2024-04-11,18096.5,18101.3,17864.6,17954.4,0
2024-04-12,17965.9,18162.5,17860.7,17930.3,0
2024-04-15,17937.6,18191.9,17937.6,18026.5,0
2024-04-16,18022.1,18022.6,17713.5,17766.2,0
2024-04-17,17764,17907.5,17731.7,17770,0
2024-04-18,17775.4,17863.3,17716.9,17837.4,0
2024-04-19,17834.8,17834.8,17626.9,17737.3,0
2024-04-22,17738,17889.4,17738,17860.8,0
2024-04-23,17861.2,18144.6,17861.2,18137.6,0
2024-04-24,18140.1,18226.3,18060.2,18088.7,0
2024-04-25,18088.1,18100.7,17795.9,17917.2,0
2024-04-26,17920.7,18199.7,17920.7,18161,0
2024-04-29,18162.1,18235.8,18103.4,18118.3,0
2024-04-30,18119.9,18153.6,17920.7,17932.1,0
2024-05-02,17935.7,17981,17875.9,17896.5,0
2024-05-03,17900.1,18105.8,17900,18001.6,0
2024-05-06,18001.1,18199.1,18001.1,18175.2,0
2024-05-07,18175.2,18442.4,18175.2,18430,0
2024-05-08,18430.2,18542.1,18427.2,18498.3,0
2024-05-09,18498,18699.2,18488,18686.6,53613627
2024-05-10,18686.8,18845.8,18686.8,18772.8,87914075
2024-05-13,18773.2,18799.7,18706,18742.2,66373080
2024-05-14,18735.8,18748.7,18629,18716.4,73288557
2024-05-15,18719.8,18892.9,18719.8,18869.3,81628668
2024-05-16,18874.8,18890.7,18716.3,18738.8,76322099
2024-05-17,18713.2,18724,18627.9,18704.4,75994081
2024-05-20,18710.1,18804,18710.1,18768.9,41185388
2024-05-21,18768.6,18768.6,18638.1,18726.7,65727778
2024-05-22,18731.6,18731.6,18642.2,18680.2,57984163
2024-05-23,18682.4,18766.6,18639.1,18691.3,63719282
2024-05-24,18687.6,18706.6,18515.8,18693.3,53855862
2024-05-27,18703.1,18775.1,18680.8,18774.7,37335424
2024-05-28,18775.5,18855,18635,18677.8,52670426
2024-05-29,18677.7,18677.7,18438,18473.2,59553559
2024-05-30,18465.4,18531.8,18394.4,18496.7,52348329
2024-05-31,18495.2,18542.2,18426.7,18497.9,144013823
2024-06-03,18503.7,18697,18503.7,18608.1,54181609
2024-06-04,18608.3,18608.3,18365.5,18405.6,81414755
2024-06-05,18406,18624.3,18406,18575.9,63882078
2024-06-06,18576.5,18784.6,18576.5,18652.6,60876635
2024-06-07,18649,18649,18424.6,18557.2,61383205
2024-06-10,18550.3,18550.3,18359.4,18494.8,53451597
2024-06-11,18497.8,18543,18281.5,18369.9,63755533
2024-06-12,18368.5,18651.7,18368.5,18630.8,61490027
2024-06-13,18632,18632,18253.4,18265.6,72490884
2024-06-14,18267.6,18304.7,17951.1,18002,92522587
2024-06-17,18008.2,18149.3,17969.5,18068.2,57818778
2024-06-18,18073.4,18214.2,18073.2,18131.9,50842965
2024-06-19,18131.3,18148,18055.6,18067.9,52036853
2024-06-20,18068.6,18254.1,18068.5,18254.1,59523624
2024-06-21,18254.5,18257.9,18090,18163.5,154535257
2024-06-24,18165.5,18354.7,18165.5,18325.5,61738679
2024-06-25,18300.4,18307.6,18075.7,18177.6,54133540
2024-06-26,18176.8,18363.3,18045.5,18155.2,56452282
2024-06-27,18154.9,18265.5,18141.2,18210.5,54448473
2024-06-28,18211.9,18352.6,18198.1,18235.4,64588116
2024-07-01,18236.3,18460.7,18236.2,18290.6,55846538
2024-07-02,18286.8,18286.8,18030.4,18164,57146834
2024-07-03,18181.7,18395.6,18181.7,18374.5,59157824
2024-07-04,18375.9,18468.1,18375.6,18450.4,34330864
2024-07-05,18450.5,18650.3,18420.5,18475.4,45501291
2024-07-08,18474.2,18631.6,18444,18472,45306579
2024-07-09,18471.3,18473,18213.9,18236.1,56403117
2024-07-10,18236.7,18420.1,18236.7,18407.2,49277264
2024-07-11,18409.7,18578.4,18409.6,18534.5,50928518
2024-07-12,18534.4,18779.4,18528.3,18748.1,49829885
2024-07-15,18736.1,18743.6,18581,18590.8,42769147
2024-07-16,18586.4,18586.4,18448.2,18518,45194949
2024-07-17,18512.1,18532.6,18347.2,18437.3,49011579
2024-07-18,18439.3,18536.2,18352.3,18354.7,52139732
2024-07-19,18340.8,18341.8,18162.3,18171.9,58262319
2024-07-22,18270.8,18468.6,18231.4,18407,46821136
2024-07-23,18500.6,18647.1,18464.2,18557.7,48611009
2024-07-24,18394.3,18456.3,18348.9,18387.4,71705700
2024-07-25,18209.4,18326.1,18096.6,18298.7,70728312
2024-07-26,18255.3,18428.8,18218.5,18417.5,46952621
2024-07-29,18542.4,18546.3,18309.2,18320.6,42845457
2024-07-30,18363.9,18469,18341.4,18411.1,43049685
2024-07-31,18503.1,18564.3,18434.8,18508.6,62448056
2024-08-01,18432.5,18440.9,18069.6,18083,71404346
2024-08-02,17884.8,17918,17623.9,17661.2,93521907
2024-08-05,17525.5,17525.5,17024.8,17339,101880262
2024-08-06,17422.5,17505.2,17233,17354.3,78115270
2024-08-07,17438.6,17666.8,17386.8,17615.1,73601420
2024-08-08,17516,17696.6,17439.8,17680.4,61730756
2024-08-09,17672.9,17788.7,17618.4,17722.8,47959363
2024-08-12,17784,17829.1,17677.7,17726.4,38708583
2024-08-13,17799.6,17817,17669.6,17812,40715154
2024-08-14,17882.1,17921.9,17827,17885.6,48456474
2024-08-15,17977.8,18198,17909.7,18183.2,53289670
2024-08-16,18236,18344.2,18226.6,18322.4,63794899
2024-08-19,18312.5,18454.9,18284.8,18421.6,43769709
2024-08-20,18473.2,18495.2,18349.9,18357.5,42911975
2024-08-21,18358.7,18476.6,18352.1,18448.9,36068083
2024-08-22,18459.2,18551.3,18458.6,18493.3,40950913
2024-08-23,18538.8,18670.4,18519.2,18633.1,41122454
2024-08-26,18589.9,18638.9,18554.5,18617,23952311
2024-08-27,18637.2,18724.3,18622.6,18681.8,35308151
2024-08-28,18745.1,18856.5,18731.4,18782.2,37615090
2024-08-29,18791.1,18936,18781.1,18912.5,39421492
2024-08-30,18891.3,18970.7,18886,18906.9,95583036
2024-09-02,18913.5,18937.9,18778.5,18930.8,36654734
2024-09-03,18979.5,18990.7,18728.4,18747.1,51866742
2024-09-04,18531.9,18654.2,18531.9,18591.8,52360556
2024-09-05,18539.1,18677.6,18536.5,18576.5,57259508
2024-09-06,18534.8,18607.7,18274.9,18301.9,60804906
2024-09-09,18379.5,18484.2,18353.2,18443.5,43109501
2024-09-10,18417.1,18490.6,18233.8,18265.9,70039511
2024-09-11,18342.5,18434.6,18208.8,18330.2,87371767
2024-09-12,18533.4,18595.8,18382.2,18518.3,61591144
2024-09-13,18546.2,18722.1,18542.2,18699.4,69687629
2024-09-16,18621.7,18672.2,18599.5,18633.1,51208635
2024-09-17,18686.7,18805,18671.6,18726,60260506
2024-09-18,18729.6,18756.5,18695.3,18711.4,56152848
2024-09-19,18877.5,19044.9,18806.1,19002.3,80223004
2024-09-20,18895.8,18900.4,18710.3,18720,155117389
2024-09-23,18766.9,18857.3,18684.3,18846.7,67192688
2024-09-24,18982.4,19029.4,18903.4,18996.6,57329661
2024-09-25,18845.9,18965,18840.1,18918.5,52174636
2024-09-26,19107.8,19253,19088.4,19238.3,78292916
2024-09-27,19257.6,19491.9,19239.8,19473.6,77616711
2024-09-30,19412.3,19449.9,19314.3,19324.9,67084490
2024-10-01,19409.3,19448.9,19143.7,19213.1,69875307
2024-10-02,19221.6,19250.8,19059.6,19164.7,49480844
2024-10-03,19074.4,19110.3,18964.3,19015.4,46992814
2024-10-04,18968.8,19171.5,18952.4,19120.9,58395363
2024-10-07,19150.2,19151.9,19011.9,19104.1,46285516
2024-10-08,18937.7,19098.4,18911.7,19066.4,49308370
2024-10-09,19065.1,19259.1,19007.8,19254.9,53333543
2024-10-10,19242.8,19285.1,19145.4,19210.9,52366470
2024-10-11,19206.3,19377.1,19175.7,19373.8,54978172
2024-10-14,19409.6,19518.4,19392.6,19508.2,43005794
2024-10-15,19581.5,19633.9,19457.4,19486.1,69656187
2024-10-16,19465.3,19510.2,19401.5,19432.8,51088744
2024-10-17,19509.7,19674.6,19499.4,19583.3,49000664
2024-10-18,19543.7,19667.3,19540.2,19657.3,57112263
2024-10-21,19609.4,19645,19451.7,19461.1,41631540
2024-10-22,19528.9,19591.4,19368.6,19421.9,54437962
2024-10-23,19399.3,19464.5,19330.1,19377.6,52258394
2024-10-24,19417.7,19555.4,19417.7,19443,55469100
2024-10-25,19419.5,19516.2,19388.9,19463.5,46013411
2024-10-28,19528.6,19570.9,19399.1,19531.6,46669128
2024-10-29,19634.3,19643.1,19465,19478,46982440
2024-10-30,19403.4,19420.9,19201.2,19257.3,59541098
2024-10-31,19096.6,19184.3,19004.9,19077.5,63370356
2024-11-01,19093.9,19297.6,19082.1,19254.9,45756600
2024-11-04,19231.8,19286,19147.7,19147.8,43111604
2024-11-05,19170.1,19263.1,19104.5,19256.2,47179815
2024-11-06,19360.7,19563.9,19007.8,19039.3,112726701
2024-11-07,19157.2,19437.8,19148.7,19362.5,83268905
2024-11-08,19411.5,19411.6,19146.5,19215.4,69792496
2024-11-11,19386.7,19546.9,19382.4,19448.6,59016819
2024-11-12,19260.5,19339.8,19019.6,19033.6,92931094
2024-11-13,19024.2,19125.6,18838.6,19003.1,92679550
2024-11-14,19072.1,19307.5,19060.4,19263.7,77861901
2024-11-15,19135.6,19288.8,19121.1,19210.8,67439847
2024-11-18,19249.2,19279.1,19091.9,19189.1,51554303
2024-11-19,19175.8,19211.8,18812.5,19060.3,62320368
2024-11-20,19153,19198.7,18962.1,19004.7,53795442
2024-11-21,19060.9,19152.6,18900,19146.1,55646812
2024-11-22,19240.2,19338.1,19036.4,19322.5,71163965
2024-11-25,19462.2,19468.3,19329.8,19405.2,121851793
2024-11-26,19309.1,19385.3,19239.3,19295.9,60758153
2024-11-27,19257.7,19287,19145,19261.7,51794509
2024-11-28,19366.7,19437.5,19346.5,19425.7,42531069
2024-11-29,19400.3,19640.1,19380.2,19626.4,52514011
2024-12-02,19586.1,19933.6,19568.5,19933.6,63250144
2024-12-03,19947.1,20038,19926.2,20016.7,63234727
2024-12-04,20103.8,20260.6,20085.3,20232.1,63418896
2024-12-05,20218.2,20373.4,20216.3,20358.8,58274507
2024-12-06,20374.5,20425.8,20331.2,20384.6,61609983
2024-12-09,20461.8,20461.8,20318.2,20345.9,58794893
2024-12-10,20278.7,20393.8,20277.6,20329.1,66183845
2024-12-11,20296.1,20415.4,20292.8,20399.1,59737946
2024-12-12,20440,20453.4,20388,20426.2,55684980
2024-12-13,20450.9,20522.8,20367.1,20405.9,52015923
2024-12-16,20360.7,20387.8,20304.7,20313.8,64212734
2024-12-17,20290.9,20356.5,20241.5,20246.3,70862391
2024-12-18,20273.8,20329.6,20241.9,20242.5,62488129
2024-12-19,20032,20105.1,19959.1,19969.8,70045669
2024-12-20,19822.8,19924.7,19649.8,19884.7,135977885
2024-12-23,19847.9,19901.3,19805.5,19848.7,38341594
2024-12-27,19831.6,19984.3,19801.3,19984.3,43396356
2024-12-30,19892.9,19978,19882.6,19909.1,26662242
2025-01-02,19923,20024.7,19833.8,20024.6,52445568
2025-01-03,20028.4,20031.1,19868.1,19906,44372879
2025-01-06,19982.6,20216.1,19921.1,20216.1,70784860
2025-01-07,20206,20391.1,20152.7,20340.5,62020034
2025-01-08,20322.1,20480.4,20242.5,20329.9,62954898
2025-01-09,20284.2,20360.3,20245.9,20317.1,50177095
2025-01-10,20316.5,20400.5,20187.9,20214.7,76245504
2025-01-13,20157.2,20176.1,20025.2,20132.8,56263562
2025-01-14,20266.1,20362.5,20234.2,20271.3,65394124
2025-01-15,20305.2,20629.7,20290.6,20574.6,81035083
2025-01-16,20665.6,20675,20580,20655.3,66273449
2025-01-17,20732,20924.5,20716.3,20903.3,76253109
2025-01-20,20900.6,21054.6,20880.5,20990.3,49988707
2025-01-21,20925.7,21045.6,20922.8,21042,49305505
2025-01-22,21169.6,21330.8,21162.3,21254.2,63282258
2025-01-23,21277.5,21423,21254,21411.5,56353219
2025-01-24,21463.1,21520.5,21353,21394.9,67380512
2025-01-27,21201.9,21344.9,21081.6,21282.1,79343810
2025-01-28,21374.2,21475.9,21296.3,21430.5,68020257
2025-01-29,21511.4,21671.5,21475.6,21637.5,69568839
2025-01-30,21676.2,21732,21650.7,21727.2,81446400
2025-01-31,21771.4,21800.5,21689.2,21732,70233927
2025-02-03,21301.5,21462.7,21252.7,21428.2,80512815
2025-02-04,21474.7,21518.5,21298.7,21505.7,63711381
2025-02-05,21429.8,21585.9,21387.7,21585.9,61173729
2025-02-06,21718.1,21921,21691.5,21902.4,75964253
2025-02-07,21908.4,21945.3,21759.9,21787,68673703
2025-02-10,21830.9,21945.5,21785,21911.7,54330738
2025-02-11,21909.9,22046.4,21884.3,22037.8,55759641
2025-02-12,22077.8,22193.6,21971.6,22148,73775608
2025-02-13,22410.5,22624.5,22306.3,22612,96482368
2025-02-14,22526.8,22609.9,22467.3,22513.4,68291573
2025-02-17,22589.9,22804.2,22550.7,22798,49597126
2025-02-18,22851.3,22882.7,22715.2,22844.5,61526121
2025-02-19,22875.9,22935,22416.1,22433.6,72215853
2025-02-20,22501.2,22574.5,22280.2,22314.6,70289468
2025-02-21,22329.2,22393.5,22226.3,22287.5,73524466
2025-02-24,22470.6,22515.3,22235.2,22425.9,72044349
2025-02-25,22362.8,22576.1,22332.1,22410.2,71533099
2025-02-26,22571.9,22833.2,22554.3,22794.1,81091115
2025-02-27,22587.2,22686.4,22378,22550.8,74227184
2025-02-28,22409.2,22551.4,22329,22551.4,119058512
2025-03-03,22682.9,23307.9,22531.6,23147,93856779
2025-03-04,22852.7,22869.9,22320,22326.8,108160073
2025-03-05,22804.8,23176.3,22790.8,23081,143963504
2025-03-06,23245.3,23475.8,23061.5,23419.4,149033328
2025-03-07,23195.2,23234.2,22860,23008.9,106635079
2025-03-10,23163.7,23164.2,22519.2,22620.9,108707032
2025-03-11,22680.3,22835.1,22258.3,22328.7,97374759
2025-03-12,22525.7,22813.8,22461.7,22676.4,80929093
2025-03-13,22578.1,22752.8,22417.5,22567.1,78955580
2025-03-14,22501.3,23049.4,22465.1,22986.8,93287423
2025-03-17,22998.5,23154.5,22933.5,23154.5,67151958
2025-03-18,23266.6,23476,23240.5,23380.7,80663343
2025-03-19,23272.1,23372,23136.5,23288,79641371
2025-03-20,23295.7,23315.4,22819.7,22999.1,92465760
2025-03-21,22926.4,22956.9,22723.1,22891.6,146780701
2025-03-24,23075.7,23137.4,22813.1,22852.6,66759290
2025-03-25,22913.4,23182.7,22845.5,23109.7,60671100
2025-03-26,23202.2,23204.5,22826.3,22839,57800034
2025-03-27,22574.4,22740.4,22469.8,22678.7,74817476
2025-03-28,22558.8,22614.9,22377.9,22461.5,81650762
2025-03-31,22253,22320,21978.4,22163.4,83869142
2025-04-01,22343.4,22573.7,22297.3,22539.9,67890113
2025-04-02,22483.9,22485.4,22139.2,22390.8,61146867
2025-04-03,21842,22147.4,21670.9,21717.3,117129291
2025-04-04,21543.4,21642.1,20437.3,20641.7,188111402
2025-04-07,18751.7,20799.6,18489.9,19789.6,246456413
2025-04-08,20039.6,20468.4,19884.4,20280.2,137321858
2025-04-09,19833.5,20025.3,19384.3,19670.8,141645251
2025-04-10,21207.7,21300.3,20562.7,20562.7,135458883
2025-04-11,20787,20796.4,20114.5,20374.1,100475675
2025-04-14,20802.4,21048.3,20698.9,20954.8,74524540
2025-04-15,21076,21288.1,21042.2,21253.7,66925418
2025-04-16,21117.7,21315.9,20956.3,21311,62776351
2025-04-17,21433.5,21436.6,21142.2,21205.8,66669868
2025-04-22,21150.5,21296.9,21044.6,21293.5,62154762
2025-04-23,21801.6,22043.7,21722.8,21961.9,88573217
2025-04-24,21890.1,22081.5,21731.7,22064.5,62636793
2025-04-25,22210.5,22318.3,22078.3,22242.4,70917436
2025-04-28,22339.8,22443.4,22255.3,22271.6,55883239
2025-04-29,22377.1,22455.6,22319.2,22425.8,75547126
2025-04-30,22520.4,22607.3,22235.7,22496.9,99189750
2025-05-02,22818.1,23086.6,22764.5,23086.6,84456332
2025-05-05,23064.2,23364.2,23064.2,23344.5,48831913
2025-05-06,23387.3,23389.8,22861.4,23249.6,67337442
2025-05-07,23252.9,23300.8,23100.9,23115.9,66669807
2025-05-08,23265.7,23408.5,23238.4,23352.6,68153319
2025-05-09,23480.3,23543.2,23428.8,23499.3,69225643
2025-05-12,23758.5,23911.9,23361.7,23566.5,92750029
2025-05-13,23583.7,23649.8,23543,23638.5,79961479
2025-05-14,23679,23702.2,23444.4,23527,80368921
2025-05-15,23422.1,23696.6,23338.8,23695.5,74787572
2025-05-16,23775.6,23887.1,23664.3,23767.4,71976607
2025-05-19,23705.9,23935,23676.3,23934.9,47855623
2025-05-20,24004.3,24082.4,23898.8,24036.1,66388290
2025-05-21,23966.4,24152.2,23871.4,24122.4,58543397
2025-05-22,24017,24040.2,23843,23999.1,56102048
2025-05-23,24026.6,24149,23274.8,23629.5,94211511
2025-05-26,24009.1,24050.6,23932,24027.6,37001252
2025-05-27,24054.1,24300.9,24027.7,24226.4,53474053
2025-05-28,24250.9,24325.9,24038.1,24038.1,57894043
2025-05-29,24255,24255,23917,23933.2,42765199
2025-05-30,23963.4,24181.5,23958.4,23997.4,110526999
2025-06-02,23865.3,23993.2,23740,23930.6,53147285
2025-06-03,24031.9,24101.5,23826.3,24091.6,50506787
2025-06-04,24253.6,24346.1,24129.3,24276.4,54182365
2025-06-05,24281.2,24479.4,24220.7,24323.5,53665737
2025-06-06,24304.3,24355,24214.5,24304.4,41235843
2025-06-09,24252.2,24289.5,24097,24174.3,35991447
2025-06-10,24156.5,24168.5,23964.7,23987.5,59033458
2025-06-11,23996.6,24151.3,23948.5,23948.9,62234229
2025-06-12,23768,23885,23618.8,23771.4,63798160
2025-06-13,23448.1,23557.7,23360.1,23516.2,73193596
2025-06-16,23589.4,23711.7,23505.5,23699.1,55479138
2025-06-17,23495,23550.9,23315,23434.6,55145205
2025-06-18,23426.9,23502.9,23262.6,23317.8,56994784
2025-06-19,23178.6,23254.8,23051.5,23057.3,41395296
2025-06-20,23197.1,23481.9,23187.4,23350.5,153405979
2025-06-23,23242.9,23385.6,23080.2,23269,50041424
2025-06-24,23689.1,23812.7,23580.2,23641.5,64086055
2025-06-25,23713.2,23713.2,23466.7,23498.3,57330600
2025-06-26,23609.3,23710.5,23521.1,23649.3,51563448
2025-06-27,23864.6,24040.5,23784.6,24033.2,57584630
2025-06-30,24109.1,24120.8,23854.3,23909.6,70785342
2025-07-01,23966.9,23978.3,23671.2,23673.2,61850162
2025-07-02,23789,23824.5,23620.4,23790.1,53394041
2025-07-03,23884.8,23944.1,23762.4,23934.1,46649516
2025-07-04,23833.1,23868.9,23702.6,23787.4,34239656
2025-07-07,23845.8,24073.6,23836.5,24073.6,39605982
2025-07-08,24135.7,24244,24063.4,24206.9,60829571
2025-07-09,24278.8,24609.1,24261,24549.5,60620386
2025-07-10,24638.5,24639.1,24450.9,24456.8,58767398
2025-07-11,24333.1,24369,24166.6,24255.3,45562570
2025-07-14,24038.2,24168.1,23975.4,24160.6,42197137
2025-07-15,24220.5,24266.8,24060.2,24060.2,41804808
2025-07-16,24011.9,24207.8,23968.9,24009.3,51694594
2025-07-17,24227.5,24374.5,24174.7,24370.9,47542118
2025-07-18,24483.6,24494.8,24251.3,24289.5,47707714
2025-07-21,24309.3,24335.2,24191.6,24307.8,42777095
2025-07-22,24236,24237.4,23921.8,24041.9,49151344
2025-07-23,24246.8,24310.9,24122.1,24240.8,80487821
2025-07-24,24502.9,24514.9,24235.4,24295.9,78043301
2025-07-25,24097.3,24252.5,24065.1,24217.5,54010418
2025-07-28,24424.6,24444.4,23942.1,23970.3,52660440
2025-07-29,24051.7,24310,24051.7,24217.3,50189594
2025-07-30,24169.2,24302.7,24138.2,24262.2,51182611
2025-07-31,24340.2,24433.4,24039.9,24065.4,61019179
2025-08-01,23786.9,23802.7,23380.9,23425.9,69500556
2025-08-04,23523.2,23783.7,23521.6,23757.6,50795957
2025-08-05,23914.3,23979.5,23785,23846,58127513
2025-08-06,23972,23996.8,23806.9,23924.3,66327837
2025-08-07,23910.8,24392,23899.4,24192.5,75743254
2025-08-08,24165.8,24268.8,24095.9,24162.8,55854680
2025-08-11,24206.2,24219,24030,24081.3,41591619
2025-08-12,24147,24156.2,23940.2,24024.7,55507091
2025-08-13,24156.5,24247.3,24138.7,24185.5,48580149
2025-08-14,24205.5,24409.3,24205.3,24377.5,47940937
2025-08-15,24530.7,24536.1,24327.6,24359.3,47125928
2025-08-18,24313.8,24336.7,24245.1,24314.7,40221604
2025-08-19,24357.2,24441,24283.5,24423,43710469
2025-08-20,24252.7,24369.8,24217.5,24276.9,44783580
2025-08-21,24274.4,24306,24179.9,24293.3,39351375
2025-08-22,24254.8,24444.4,24222.5,24363,44811726
2025-08-25,24232,24377.3,24224.1,24273.1,31480089
2025-08-26,24110,24263.1,24036.8,24152.8,78930627
2025-08-27,24174.6,24198.3,23977.9,24046.2,43590207
2025-08-28,24180.6,24206.5,23972.5,24039.9,42293032
2025-08-29,23949.4,24063.5,23881.9,23902.2,45696479
2025-09-01,24012,24046.8,23969.3,24037.3,26626358
2025-09-02,23975.3,23990.8,23482.6,23487.3,54299866
2025-09-03,23606.6,23705.9,23507.1,23594.8,53263969
2025-09-04,23664.7,23800.1,23610.4,23770.3,46982098
2025-09-05,23851.9,23854.6,23546.7,23596.9,46854556
2025-09-08,23771.8,23830.1,23655.4,23807.1,48616489
2025-09-09,23802.6,23859.5,23633.9,23718.4,44540289
2025-09-10,23837.1,23883.5,23600.4,23632.9,49060639
2025-09-11,23654.9,23787.1,23563.3,23703.6,47690873
2025-09-12,23767.3,23793,23604.3,23698.1,43830627
2025-09-15,23785.2,23855.3,23664.1,23748.8,40171139
2025-09-16,23711.9,23717.6,23317.3,23329.2,51217261
2025-09-17,23407.3,23476.7,23284.6,23359.1,50053919
2025-09-18,23577,23690.4,23557.8,23674.5,61099136
2025-09-19,23723.3,23785.2,23599.2,23639.4,212174087
2025-09-22,23567.4,23589.2,23424.4,23527,53681280
2025-09-23,23604.3,23723.2,23564.9,23611.3,48153513
2025-09-24,23601.5,23736.6,23499.9,23666.8,53341218
2025-09-25,23620.4,23629.3,23383.8,23534.8,55492699
2025-09-26,23601.1,23756,23579.2,23739.4,44731195
2025-09-29,23835.6,23835.6,23666.8,23745,38819989
2025-09-30,23726.4,23887.7,23676.3,23880.7,47602485
2025-10-01,23755.2,24162.2,23753,24113.6,53498998
2025-10-02,24293.8,24502.3,24247.4,24422.5,53588134
2025-10-03,24511.5,24524.1,24343.2,24378.8,38220204
2025-10-06,24357.5,24482.9,24269.9,24378.2,43413375
2025-10-07,24400.7,24452.9,24308,24385.7,41564735
2025-10-08,24382.6,24630.9,24360.6,24597.1,56849944
2025-10-09,24674.6,24771.3,24602.1,24611.2,41008517
2025-10-10,24664.2,24690.7,24241.4,24241.4,50177547
2025-10-13,24372.9,24448.7,24260.7,24387.9,36599781
2025-10-14,24169,24242.8,23986.9,24236.9,45092491
2025-10-15,24263.7,24339.2,24179.9,24181.3,43493522
2025-10-16,24188.1,24283.5,24051.8,24272.1,45218299
2025-10-17,23833.1,23987.7,23684.3,23830.9,68745486
2025-10-20,24035.1,24296.3,24026.5,24258.8,46610279
2025-10-21,24310.4,24384.2,24201.2,24330,42704192
2025-10-22,24296.1,24342.1,24138.2,24151.1,57734329
2025-10-23,24202.7,24222.8,24035.2,24207.7,51148153
2025-10-24,24275.9,24275.9,24145.2,24239.8,43268897
2025-10-27,24332.8,24348.5,24185.8,24308.7,43352745
2025-10-28,24228.1,24339.9,24188.3,24278.6,41976163
2025-10-29,24261,24322.9,24090.5,24124.2,63568214
2025-10-30,24187.8,24215.3,24034.7,24118.8,53698436
2025-10-31,24115.3,24119.6,23922.9,23958.3,42904351
2025-11-03,23990.3,24248.6,23982.2,24132.4,48002517
2025-11-04,23801.2,23974.3,23674.6,23949.1,51570118
2025-11-05,23774.5,24103.5,23732.3,24049.7,55196776
2025-11-06,23996.2,24058.7,23721.9,23734,58266991
2025-11-07,23801.9,23837.1,23452.8,23569.9,53123255
2025-11-10,23925.3,24022.6,23854.4,23959.9,52658873
2025-11-11,23990.1,24108.4,23952.4,24088,47222485
2025-11-12,24245.8,24441.2,24234.9,24381.4,75385342
2025-11-13,24367.7,24416.3,24027.9,24041.6,60792870
2025-11-14,23977.7,23992.1,23609,23876.5,64035987
2025-11-17,23890.4,23928.4,23529.7,23590.5,46448254
2025-11-18,23238.3,23358.7,23085.3,23180.5,61389371
2025-11-19,23180.9,23379.3,23105.5,23162.9,52349067
2025-11-20,23387.4,23512.4,23277,23278.8,47507294
2025-11-21,22963.1,23256.2,22943,23091.8,68913242
2025-11-24,23280.3,23392.2,23149.7,23239.1,129335852
2025-11-25,23254.4,23487.2,23139.2,23464.6,50045539
2025-11-26,23585.2,23727.2,23445.2,23726.2,45525255
2025-11-27,23732.8,23830.9,23708.4,23767.9,31160024
2025-11-28,23780.7,23883.9,23720.5,23836.7,37179105
2025-12-01,23731.2,23734.2,23433.4,23589.4,48999371
2025-12-02,23637.4,23792,23607.7,23710.8,50967216
2025-12-03,23788.8,23838,23646.4,23693.7,52921542
2025-12-04,23836.2,23930.5,23797.7,23882,52993448
2025-12-05,23942.7,24130.9,23929.2,24028.1,46889444
2025-12-08,24015.9,24116.9,23985.2,24046,46456677
2025-12-09,24094.9,24186.9,24092.5,24162.6,49105762
2025-12-10,24131.3,24168.7,24001.4,24130.1,47603079
2025-12-11,24055.1,24364,24007.9,24294.6,52093028
2025-12-12,24368.9,24474.6,24173.2,24186.4,45470258
2025-12-15,24297.6,24318.3,24170.4,24229.9,47055570
2025-12-16,24124.1,24191.6,24011.8,24076.8,53280599
2025-12-17,24159.6,24185.4,23949.1,23960.5,52418227
2025-12-18,23947,24215.9,23923.9,24199.5,51638948
2025-12-19,24196.1,24305.8,24153.2,24288.4,131439765
2025-12-22,24291.8,24356.1,24203.3,24283.9,32252786
2025-12-23,24297.6,24362,24257.4,24340,28299427
2025-12-29,24370.9,24389.1,24253.7,24351.1,35372295
2025-12-30,24343.1,24527.9,24328.4,24490.4,23179269
