date,open,high,low,close,volume
2012-01-02,371.28,377.73,371.28,373.35,12853
2012-01-03,377.83,379.09,374.91,376.46,23812
2012-01-04,382.31,383.02,377.32,378.28,26809
2012-01-05,378.28,379.71,376.19,378.74,23833
2012-01-06,378.78,379.69,376.18,379.69,15026
2012-01-09,381.04,382.01,378.14,378.84,14945
2012-01-10,378.73,381.49,378.73,381.49,13283
2012-01-11,381.47,381.83,378.42,379.37,14120
2012-01-12,380.04,383.3,379.69,379.69,11364
2012-01-13,379.73,382.11,379.66,382.08,20859
2012-01-16,382.71,382.71,376.94,377.06,9035
2012-01-17,378.87,381.33,378.75,379.59,19787
2012-01-18,379.6,379.6,377.74,378.91,13937
2012-01-19,379.54,382.32,379.45,380.95,17752
2012-01-20,381.45,382.06,379.79,380.07,10274
2012-01-23,381.15,381.4,379.64,380.17,11064
2012-01-24,380.91,382.51,379.96,380.42,18246
2012-01-25,379.65,382.51,379.44,382.27,15018
2012-01-26,382.4,384.53,381.15,381.27,17459
2012-01-27,381.02,382.22,380.34,380.56,28894
2012-01-30,382.28,386.67,380.62,386.61,20067
2012-01-31,386.61,386.69,381.73,381.86,29831
2012-02-01,381.86,385.12,381.86,382.98,25892
2012-02-02,382.98,387.55,382.86,387.54,8758
2012-02-03,386.87,389.7,385.19,387.57,37546
2012-02-06,386.69,390.47,386.02,386.02,10239
2012-02-07,386.99,389.05,386.32,388.68,16508
2012-02-08,388.7,393.99,388.06,392.52,130836
2012-02-09,392.69,394.89,390.82,394.74,21182
2012-02-10,394.92,395.77,390.75,392.79,127884
2012-02-13,389.68,396.47,389.08,392.63,12439
2012-02-14,393.43,394.45,391.32,392.04,13746
2012-02-15,391.94,395.18,391.94,392.03,10057
2012-02-16,391.54,395.38,389.85,394.2,15031
2012-02-17,394.21,394.23,391.41,392.41,21653
2012-02-20,392.32,395.22,392.32,392.44,11417
2012-02-21,391.52,395.75,390.85,395.37,11127
2012-02-22,395.37,395.37,390.1,391.11,14552
2012-02-23,391.46,392.49,383.7,392.49,29449
2012-02-24,392.5,392.5,389.05,391.31,13140
2012-02-27,389.25,390.42,388.76,389.93,11575
2012-02-28,389.37,394.77,389.37,394.77,15612
2012-02-29,396.8,396.9,390.96,396.72,56131
2012-03-01,396.79,401.49,396.79,401.49,32283
2012-03-02,401.54,401.91,398.65,398.72,7528
2012-03-05,399.05,400.16,397.13,398.41,8793
2012-03-06,399.94,399.95,396.59,397.62,63702
2012-03-07,397.57,397.59,393.02,395.26,10418
2012-03-08,395.26,395.93,395.17,395.6,15822
2012-03-09,395.6,398.66,394.39,398.65,14925
2012-03-12,398.54,400.44,394.6,394.94,17555
2012-03-13,395.58,400.46,394.58,394.76,70590
2012-03-14,394.61,395.87,393.41,393.41,12876
2012-03-15,393.5,396.34,393.5,394.94,53549
2012-03-16,394.93,397.21,392.54,395.89,45731
2012-03-19,395.89,398.49,388.6,389.42,78238
2012-03-20,389.25,394.82,389.02,392.6,165349
2012-03-21,393.04,393.04,388.84,388.84,36471
2012-03-22,392.84,392.89,388.65,389.36,43648
2012-03-23,389.36,391.58,387.22,391.58,4374
2012-03-26,391.83,392.16,390.65,391.4,28555
2012-03-27,388.9,391.28,387.95,388.69,66675
2012-03-28,388.31,389.97,386.55,387.77,15054
2012-03-29,387.77,392.65,387.17,390.03,3429
2012-03-30,392.34,392.4,386.56,391.44,7895
2012-04-02,390.78,391.68,386.72,388.67,48096
2012-04-03,388.36,389.42,388.34,389.42,22694
2012-04-04,388.61,391.41,388.61,389.89,8242
2012-04-05,392.49,393.08,389.86,390.14,16111
2012-04-10,392.46,393.1,390.64,390.95,108660
2012-04-11,390.95,391.39,390.09,390.49,10734
2012-04-12,391.17,393.75,390.96,392.53,24013
2012-04-13,396.95,397.81,393.08,393.29,17594
2012-04-16,393.28,393.46,392.13,392.17,9768
2012-04-17,393.51,394.84,391.34,392.15,18078
2012-04-18,392.27,399.52,392.27,394.09,100078
2012-04-19,394.76,396.85,391.26,396.85,19807
2012-04-20,396.85,398.38,392.41,392.89,92912
2012-04-23,393.39,393.5,391.52,393.07,12094
2012-04-24,394.6,397.92,392.25,393.92,16179
2012-04-25,393.24,396.57,392.88,395.41,4427
2012-04-26,396.6,396.65,393.9,394.64,7709
2012-04-27,394.42,394.42,390.22,390.96,4822
2012-05-02,390.76,391.38,387.48,391.31,8477
2012-05-03,391.98,392.29,389.42,389.6,17982
2012-05-07,389.59,391.86,388.87,388.94,25732
2012-05-08,388.49,389.42,387.28,387.28,18400
2012-05-09,387.17,391.28,384.66,386.02,29095
2012-05-10,385.62,386.56,384.22,385.45,61507
2012-05-11,384.69,386.39,384.69,386.39,10283
2012-05-14,385.54,386.48,383.13,383.79,6543
2012-05-15,383.68,383.99,381.03,381.5,14195
2012-05-16,381.5,381.5,374.97,375.32,16479
2012-05-18,378.81,378.87,373.05,373.05,51834
2012-05-21,372.93,381.42,372.6,380.57,13963
2012-05-22,380.57,381.08,374.64,377.3,9096
2012-05-23,377.47,377.47,374.87,375.12,6566
2012-05-24,375.22,375.23,375.06,375.09,6627
2012-05-25,377.25,377.25,373.47,373.47,24681
2012-05-28,375.08,375.58,372.07,372.53,4372
2012-05-29,372.45,376.97,369.12,374.37,49348
2012-05-30,374.38,374.62,371.14,374.08,10733
2012-05-31,373.68,375.07,364.95,375.07,10466
2012-06-01,375.38,375.38,369.3,369.92,24824
2012-06-04,372.56,372.56,363.41,364.4,11010
2012-06-05,364.64,366.22,363.17,363.17,7730
2012-06-06,363.26,365.04,361.28,362.53,16421
2012-06-07,365.17,369.41,363.85,367.51,14398
2012-06-08,367.46,367.81,358.99,366.99,214033
2012-06-11,367.02,369.34,366.16,366.2,108844
2012-06-12,365.61,369.01,363.28,369.01,6877
2012-06-13,365.11,369.16,365.11,366.31,13036
2012-06-14,366.31,369.83,366.31,368.68,6716
2012-06-15,368.76,369.31,365.66,366.22,21615
2012-06-18,366.22,366.56,362.42,366.28,30180
2012-06-19,366.2,367.64,365.38,367.2,20130
2012-06-20,370.28,370.52,367.95,368.09,30338
2012-06-21,368.1,368.24,367.54,367.9,62886
2012-06-22,367.89,368.92,367.14,368.89,10409
2012-06-25,369.11,370.65,365.88,370.2,15770
2012-06-26,369.26,370.31,369.26,370.31,6988
2012-06-27,368.55,370.42,367.7,367.7,5285
2012-06-28,367.65,368.71,367.65,368.49,1794
2012-06-29,369.16,373.38,369.16,373.26,24281
2012-07-02,371.77,375.81,371.77,373.32,33713
2012-07-03,372.57,373.94,371.95,373.82,10127
2012-07-04,376.91,377.88,376.83,377.33,110190
2012-07-05,377.68,378.04,373.57,375.02,4545
2012-07-06,375.02,380.78,375.02,378.74,8150
2012-07-09,378.62,381.3,378.62,380.52,13757
2012-07-10,380.52,385.36,380.47,384.63,16174
2012-07-11,383.12,388.03,383.11,385.35,36560
2012-07-12,383.72,383.79,380.35,380.35,9101
2012-07-13,381.01,384.43,380.09,383.33,7381
2012-07-16,382.96,388.17,382.84,385.25,14678
2012-07-17,384.73,384.82,382.4,382.52,10185
2012-07-18,384.58,386.54,383.18,385.45,235580
2012-07-19,385.09,385.09,380.77,384.89,10137
2012-07-20,384.57,384.57,378.82,382.08,27069
2012-07-23,380.4,382.17,379.23,381.42,13107
2012-07-24,381.42,384.64,378.93,382.73,17982
2012-07-25,382.81,382.99,378.46,381.55,15510
2012-07-26,379.38,383.33,379.38,380.89,7303
2012-07-27,381.02,384.28,380.83,383.32,18178
2012-07-30,383.32,384.26,382.58,384.26,10755
2012-07-31,383.11,384.58,380.59,383.18,21077
2012-08-01,384.12,388.45,382.31,383.16,7621
2012-08-02,383.15,383.41,379.35,379.35,0
2012-08-03,381.38,385.41,378.86,385.15,10354
2012-08-06,384.13,384.99,383.19,384.23,9822
2012-08-07,384.15,386.82,381.81,386.82,14095
2012-08-08,383.53,383.56,381.2,381.73,31067
2012-08-09,381.73,383.36,380.8,382.1,10434
2012-08-10,382.86,383.35,381.92,382.64,14436
2012-08-13,382.7,385.32,379.95,380.17,14863
2012-08-14,380.17,382.46,379.6,382.46,8009
2012-08-15,382.75,382.83,378.91,379.28,35627
2012-08-16,377.08,379.64,376.43,377.36,31403
2012-08-17,377.35,379.47,376.52,379.02,12566
2012-08-20,379.02,379.42,378.11,379.42,4639
2012-08-21,379.15,379.76,377.16,377.65,10603
2012-08-22,376.7,377.35,375.71,375.78,20658
2012-08-23,376.57,378.17,376.57,377.84,0
2012-08-24,378.45,380.15,377.72,379.62,124971
2012-08-27,381.16,381.87,380.32,380.34,35541
2012-08-28,380.42,383.25,380.1,381.54,72230
2012-08-29,381.53,386.78,381.11,384.95,26611
2012-08-30,384.43,384.43,380.15,383.96,15453
2012-08-31,383.95,385.87,383.67,385.87,14819
2012-09-03,385.33,385.51,380.3,383.96,10103
2012-09-04,384.04,388.12,383.38,383.38,34015
2012-09-05,383.46,383.46,380.86,381.14,42070
2012-09-06,382.46,384.19,381.3,384.19,0
2012-09-07,384.19,387.68,380.98,387.45,19521
2012-09-10,386.39,388.11,386.34,387.57,15716
2012-09-11,394.15,394.15,385.24,389.62,8007
2012-09-12,389.78,392.4,388.28,388.85,17672
2012-09-13,391.68,392.24,387.86,390.35,9098
2012-09-14,390.3,390.55,384.73,386.18,10931
2012-09-17,386.18,386.21,379.34,382.81,9717
2012-09-18,384.87,388.16,383.66,384.36,19930
2012-09-19,384.42,387.08,384.42,386.41,22913
2012-09-20,386.41,389.14,384.09,389.14,7135
2012-09-21,385.96,388.68,385.31,386.87,5027
2012-09-24,386.87,388.56,386.47,386.9,23379
2012-09-25,387.03,387.26,385.33,385.78,7172
2012-09-26,386.2,386.58,377.03,385.21,16040
2012-09-27,380.52,389.54,380.52,385.15,13074
2012-09-28,385.22,388.02,384.06,385.09,14743
2012-10-01,384,388.21,381.3,387.21,54978
2012-10-02,388.07,388.29,384.12,385.93,92008
2012-10-03,385.03,387.62,384.95,385.56,23426
2012-10-04,384.7,388.38,384.7,385.73,25941
2012-10-05,385.67,389.24,385.48,389.06,3797
2012-10-08,388.91,389.34,387.58,389.34,2462
2012-10-09,389.47,389.47,387.3,387.69,30387
2012-10-10,389.07,390.6,388.24,389.67,6818
2012-10-11,389.67,390.84,389.35,390.84,16383
2012-10-12,390.17,390.25,385.86,386.2,12757
2012-10-15,386.88,388.02,385.69,386.58,12996
2012-10-16,386.65,389.09,386.03,386.19,50178
2012-10-17,386.97,388.64,384.57,384.57,56448
2012-10-18,385.03,388.98,384.49,388.98,12712
2012-10-19,389.12,389.13,382.87,382.87,13213
2012-10-22,384.98,385.12,382.63,383.55,7047
2012-10-23,383.91,384,381.55,382.12,20359
2012-10-24,382.12,383.11,379.02,379.02,27888
2012-10-25,379.47,380.81,379.2,380.64,3808
2012-10-26,380.64,383.91,380.51,382.58,3427
2012-10-29,379.87,380.31,377.84,377.84,20827
2012-10-30,375.63,380.23,375.63,375.98,65285
2012-10-31,376.38,379.23,376.34,379.05,16614
2012-11-01,378.79,379.95,375.46,379.95,12149
2012-11-02,380.11,382.84,374.49,382.66,29524
2012-11-05,382.54,382.54,377.22,377.29,7331
2012-11-06,377.53,381.25,377.06,377.06,15422
2012-11-07,377.56,379.06,374.68,375.86,159343
2012-11-08,377.92,381.54,375.61,377.16,22616
2012-11-09,377.33,378.47,375.65,375.65,9235
2012-11-12,375.84,377.43,375.52,377.43,23238
2012-11-13,378.3,379.36,376.28,376.54,12786
2012-11-14,376.62,378.71,375.73,375.73,10030
2012-11-15,375.72,378.99,375.72,378.73,39849
2012-11-16,378.29,381.5,378.02,381.37,31975
2012-11-20,381.38,385.48,381.07,384.6,11273
2012-11-21,383.15,383.31,381.14,382.3,34189
2012-11-22,382.3,383.94,382.3,383.88,14967
2012-11-23,384.16,385.7,383.81,385.28,9737
2012-11-26,385.02,385.02,382.86,383.34,14280
2012-11-27,383.58,387.35,383.47,387.35,402364
2012-11-28,386.12,387.23,384.51,385.88,19942
2012-11-29,386.84,390.23,386.71,388.76,28402
2012-11-30,389.54,392.91,387.53,390.2,16117
2012-12-03,391.84,391.93,387.74,388.58,37539
2012-12-04,388.58,395.2,388.28,394.21,128958
2012-12-05,393.97,394.03,388.28,388.28,31210
2012-12-06,389.01,392.51,384.43,385.32,34924
2012-12-07,385.41,390.71,385.41,389.81,33963
2012-12-10,389.95,391.08,383.98,384.08,42741
2012-12-11,383.87,386.17,383.81,384.33,33075
2012-12-12,384.33,390.7,384.02,386.57,30048
2012-12-13,386.52,386.59,385.31,386.44,39370
2012-12-14,385.92,394.11,385.92,393.93,27149
2012-12-17,389.95,391.01,389.42,390.06,12810
2012-12-18,390.95,395.23,386.55,389.64,426433
2012-12-19,389.77,391.01,387.17,388.66,22444
2012-12-20,388.46,396.07,388.41,388.66,51759
2012-12-21,389.71,396.23,389.71,390.51,225454
2012-12-27,390.51,393.55,388.42,391.4,48946
2012-12-28,391.4,397.08,389.63,395.91,28586
2013-01-02,395.94,400.22,395.56,400.12,16697
2013-01-03,398.87,403.64,398.82,401.27,81943
2013-01-04,400.74,410.49,398.88,405.65,59359
2013-01-07,410.97,411.39,400.54,403.37,70317
2013-01-08,403.36,407.89,401.22,405.85,40120
2013-01-09,405.85,410.36,405.85,409.43,23309
2013-01-10,409.75,409.75,404.54,407.55,23496
2013-01-11,407.19,409.95,404.98,409.95,54866
2013-01-14,412.45,412.81,405.33,406.6,38727
2013-01-15,405.34,407.21,404.64,404.64,49291
2013-01-16,404.9,405.64,400.89,403.31,22450
2013-01-17,403.33,406.15,401.23,405.81,14648
2013-01-18,406.32,407.46,401.19,407.29,77891
2013-01-21,407.23,407.68,405.16,407.68,18652
2013-01-22,404.92,407.18,403.01,403.01,19677
2013-01-23,402.88,407.91,402.68,407.85,32703
2013-01-24,405.18,405.18,403.33,404.5,15501
2013-01-25,404.51,405.6,402.32,405.6,9790
2013-01-28,405.49,405.49,401.19,401.19,14262
2013-01-29,401.4,402.2,400.6,401.37,6954
2013-01-30,400.62,402.42,399.72,401.59,20351
2013-01-31,401.58,401.84,400.27,400.37,7917
2013-02-01,401.51,402.94,400.15,400.15,9260
2013-02-04,402.04,402.04,398.64,398.95,18482
2013-02-05,398.98,400.93,396.21,396.37,21993
2013-02-06,396.67,401.81,396.17,400.57,10548
2013-02-07,402.05,406.85,400.91,406.13,41879
2013-02-08,406.13,406.17,400.19,403.87,33310
2013-02-11,403.33,406.72,398.67,406.72,16372
2013-02-12,406.72,406.73,401.84,402.39,15085
2013-02-13,399.32,402.07,399.32,399.47,8786
2013-02-14,400.17,402.5,397.35,397.52,18151
2013-02-15,397.7,397.71,396.06,397.69,23561
2013-02-18,398.29,400.07,395.16,398.56,36364
2013-02-19,398.64,399.67,396.11,399.14,22421
2013-02-20,398.59,399.95,398.28,399.1,8916
2013-02-21,399.08,399.23,395.32,395.32,31256
2013-02-22,394.99,400.14,394.99,398.63,5474
2013-02-25,399.25,399.45,394.32,394.69,18324
2013-02-26,394.79,395.1,393.79,394.64,13011
2013-02-27,394.94,398.22,394.71,398.22,29342
2013-02-28,396.61,401.91,396.61,398.22,14656
2013-03-01,404.69,409.9,402.29,402.43,77222
2013-03-04,402.43,408.55,402.43,408.55,34754
2013-03-05,409.34,410.88,407.41,409.63,15543
2013-03-06,409.48,412.52,409.29,412.05,32689
2013-03-07,411.48,411.67,407.71,411.2,47458
2013-03-08,411.51,411.56,408.75,409.53,13889
2013-03-11,409.52,412.54,409.36,410.71,8935
2013-03-12,410.61,411.49,408.21,408.21,49182
2013-03-13,408.39,410.68,408.39,410.3,38421
2013-03-14,410.59,412.97,408.03,412.73,24667
2013-03-15,413.97,416.64,413.6,416.48,24544
2013-03-18,415.38,416.31,409.7,411.7,55836
2013-03-19,412.72,413.55,410.97,412.95,29768
2013-03-20,413.03,415.4,413.03,415.33,21453
2013-03-21,413.63,416.17,412.73,415,31324
2013-03-22,415,419.14,414.36,417.57,37263
2013-03-25,417.17,420.16,417.17,418.66,38900
2013-03-26,419.31,421.18,418.48,421.18,16221
2013-03-27,420.62,421.94,419.62,420.21,17725
2013-03-28,420.08,421.05,418.55,419.79,20787
2013-04-02,419.97,419.97,416.55,418.49,33938
2013-04-03,418.55,424.82,418.55,424.72,141316
2013-04-04,422.65,424.46,419.52,419.52,7270
2013-04-05,420.62,421.75,419.74,421.12,6458
2013-04-08,420.2,420.53,417.12,417.89,17213
2013-04-09,419.5,419.64,419,419.17,23995
2013-04-10,418.03,419.02,415.81,416.31,11132
2013-04-11,416.33,416.36,412.67,412.93,20996
2013-04-12,413.67,418.6,413.59,418.6,16912
2013-04-15,415.34,418.49,413.3,418.49,60327
2013-04-16,417.6,418.06,416.33,417.51,46533
2013-04-17,417.39,417.39,415.36,416.04,13095
2013-04-18,416.04,416.04,411.67,413.1,28800
2013-04-19,413,413.95,409.8,410.86,5449
2013-04-22,411.07,411.47,395.95,396.42,17907
2013-04-23,396.32,402,395.41,399.58,10302
2013-04-24,399.44,401.3,398.04,399.28,27904
2013-04-25,397.51,399.8,396.9,397.6,17809
2013-04-26,399.89,409.95,399.16,405.51,45970
2013-04-29,405.77,408.92,405.73,408.6,10172
2013-04-30,408.83,409.13,406.83,406.96,22901
2013-05-02,406.5,408.23,396.97,398.96,26067
2013-05-03,398.96,403.63,398.96,402.8,35147
2013-05-07,405,411.81,401.1,403.09,30557
2013-05-08,402.97,408.24,402.97,408,17411
2013-05-10,409.89,412.19,408.44,410.79,51775
2013-05-13,409.7,412.19,408.94,411.43,20825
2013-05-14,412.22,412.56,408.71,411.3,17561
2013-05-15,410.91,415.88,410.88,411.3,70742
2013-05-16,415.34,415.69,413.93,414.17,18602
2013-05-17,411.95,413.88,411.95,412.37,20649
2013-05-20,410.78,413.97,410.78,413.97,31417
2013-05-21,414.2,414.2,409.86,411.93,33155
2013-05-22,413.18,413.18,410.82,410.82,19170
2013-05-23,410.82,412.44,409.03,412.44,23146
2013-05-24,412.07,412.79,409.45,412.01,8393
2013-05-27,410.29,411.28,410.05,411.28,11843
2013-05-28,411.77,416.73,410.68,413.5,75735
2013-05-29,413.02,413.02,404.66,408.9,21290
2013-05-30,408.66,411,405.62,409.18,22329
2013-05-31,412.54,424.47,412.54,422.88,76788
2013-06-03,418.61,420.52,416.19,417.79,180691
2013-06-04,418.1,418.31,412.79,414.04,82700
2013-06-05,414.08,414.98,411.03,413.44,90296
2013-06-06,413.6,417.58,413.02,417.35,48580
2013-06-07,417.43,421.4,417.43,421.4,14177
2013-06-10,421.39,421.43,418.83,420.54,25023
2013-06-11,420.5,426.8,419.53,426.8,55233
2013-06-12,421.47,426.48,420.25,420.82,36247
2013-06-13,420.91,427.12,420.53,427.12,40103
2013-06-14,429.21,433.49,425.53,427.85,55254
2013-06-17,429.63,435.4,429.63,435.04,36699
2013-06-18,434.91,440.01,434.91,439.09,35554
2013-06-19,438.77,439.75,435.45,439.07,12199
2013-06-20,437.77,439.44,434.57,434.57,20618
2013-06-21,434.57,435.27,430.6,435.27,32839
2013-06-25,436.01,437.64,428.87,428.87,29451
2013-06-26,433.66,434.52,432.09,433.42,17105
2013-06-27,433.3,433.3,431.3,431.72,10806
2013-06-28,431.67,436.74,430.09,434.88,36057
2013-07-01,435.08,438.8,428.67,438.8,34928
2013-07-02,438.8,439.37,433.52,438.47,14984
2013-07-03,438.96,438.96,433.77,433.82,21886
2013-07-04,433.56,435.18,431.58,433.55,13464
2013-07-05,434.36,434.99,432.72,434.99,9110
2013-07-08,434.86,434.86,431.86,431.95,9836
2013-07-09,434.46,442.59,434.46,440.3,16364
2013-07-10,440.3,440.88,438.26,438.52,9547
2013-07-11,438.85,442.48,438.5,441.91,21470
2013-07-12,441.73,445.83,440.56,445.21,39321
2013-07-15,449.08,449.2,446.33,446.33,15752
2013-07-16,446.91,453.6,446.21,453.2,40259
2013-07-17,450.87,458.83,450.87,455.12,22275
2013-07-18,461.91,463.41,461.85,461.98,21962
2013-07-19,463.47,467.28,462.66,466.96,30999
2013-07-22,467.25,467.32,462.9,463.71,12105
2013-07-23,464.44,464.44,459.63,460.59,60460
2013-07-24,460.13,468.07,460.13,465.93,37730
2013-07-25,465.05,470.81,463.75,466.29,30147
2013-07-26,468.73,474.66,468.73,471.06,63092
2013-07-29,471.4,474.12,468.88,468.88,51111
2013-07-30,469.05,473.25,468.08,472.8,20201
2013-07-31,472.8,474.24,471.71,472.68,24300
2013-08-01,474.37,474.37,467.52,467.52,34374
2013-08-02,467.76,468.95,465.89,467.11,25313
2013-08-05,468.92,468.92,464.93,468.53,22858
2013-08-06,468.42,468.98,466.35,467.74,27242
2013-08-07,467.73,468.22,464.42,467.66,46724
2013-08-08,466.77,470.68,465.75,469.64,52909
2013-08-09,468.68,474.71,466.88,471.17,44727
2013-08-12,471.17,471.18,468.85,471.18,6229
2013-08-13,472.06,472.33,468.91,468.91,16891
2013-08-14,468.73,472.77,468.34,472.72,29683
2013-08-15,471.59,471.59,467.98,470.24,35369
2013-08-16,468.8,470,466.31,469.84,17222
2013-08-19,469.84,471.31,468.04,471.03,17272
2013-08-20,470.24,470.27,468.76,469.16,4983
2013-08-21,468.76,472.92,466.81,472.92,16697
2013-08-22,472.92,472.92,465.85,466.94,24029
2013-08-23,466.64,470.63,466.64,470.53,31245
2013-08-26,470.53,470.53,463.97,464.17,9701
2013-08-27,464.25,466.34,464.17,464.17,20255
2013-08-28,465.75,465.75,462.21,465.5,34238
2013-08-29,464.99,469.66,461.11,462.42,24493
2013-08-30,460.44,460.44,454.5,458.18,20059
2013-09-02,455.93,456.28,450.46,451.19,28027
2013-09-03,451.27,451.31,444.35,444.84,13409
2013-09-04,445.84,450.51,445.24,450.48,219261
2013-09-05,450.67,450.67,447.34,448.49,14056
2013-09-06,448.49,449.57,446.63,449.57,21540
2013-09-09,452.33,454.56,449.85,449.85,25843
2013-09-10,449.88,450.65,446.23,449.77,17212
2013-09-11,450.76,450.76,448.26,448.88,33188
2013-09-12,448.88,450.33,443.31,450.08,30455
2013-09-13,447.94,449.98,445.74,449.32,16905
2013-09-16,448.57,453.73,448.54,453.73,112993
2013-09-17,453.73,454.08,451.51,451.87,10467
2013-09-18,453.64,455.53,453.32,453.32,14835
2013-09-19,453.68,455.63,452.23,452.23,6116
2013-09-20,452.15,457.9,452.15,457.81,8628
2013-09-23,457.96,458.97,457.2,458.65,7353
2013-09-24,460.21,463.05,459.17,460.9,16160
2013-09-25,460.9,463,456.78,463,25599
2013-09-26,463,464.34,454.74,454.74,2868
2013-09-27,455.25,458.72,451.66,451.66,24253
2013-09-30,451.52,454.7,449.12,454.09,24767
2013-10-01,453.37,457.08,452.44,456.98,13303
2013-10-02,454.43,455.2,452.76,453.74,9646
2013-10-03,453.74,454.86,447.58,447.58,10196
2013-10-04,447.58,451.78,444.59,451.25,10551
2013-10-07,451.46,455.29,450.75,454.54,7127
2013-10-08,453.85,454.65,452.43,453.26,2544
2013-10-09,452.83,454.58,450.73,451.11,16171
2013-10-10,451.07,451.2,449.65,449.65,22217
2013-10-11,449.71,449.71,447.15,447.88,39135
2013-10-14,447.89,447.99,444.55,446.05,25875
2013-10-15,445.43,446.45,443.2,444.08,12920
2013-10-16,445.31,448.2,445.26,445.35,40406
2013-10-17,445.1,448.12,442.84,447,79997
2013-10-18,447.14,447.14,443.02,445.46,19084
2013-10-21,444.81,444.81,441.75,443.68,44770
2013-10-22,444.31,445.23,442.83,444.3,24614
2013-10-23,444.3,444.66,440.93,441.49,25267
2013-10-24,440.13,443.81,440.13,441.49,20083
2013-10-25,441.49,447.66,441.49,447.66,5608
2013-10-28,447.61,447.61,439.79,442.16,14218
2013-10-29,442.12,442.59,438.51,442.57,17939
2013-10-30,443.66,444.43,439.49,444.25,10431
2013-10-31,444.85,447.85,441.94,443.79,4210
2013-11-01,444,444,442.88,443.82,17088
2013-11-04,446.27,446.93,442.24,442.24,13391
2013-11-05,442.23,444.64,441.46,442.47,36808
2013-11-06,442.18,447.3,439.3,443.62,33073
2013-11-07,444.45,445.76,444.39,445.76,72588
2013-11-08,446.02,446.38,442.97,444.11,51390
2013-11-11,444.19,446.25,444.02,446.25,8262
2013-11-12,444.22,448.08,443.74,446.71,9598
2013-11-13,446.71,452.1,446.11,451.17,28090
2013-11-14,450.33,450.33,446.41,449.56,10598
2013-11-15,449.56,450.48,445.62,447.46,10232
2013-11-19,450.31,451.08,446.54,446.63,8724
2013-11-20,446.54,450.71,440.83,450.19,14108
2013-11-21,450.55,454.78,447.28,452.42,7752
2013-11-22,452.18,452.99,441.06,442.75,9146
2013-11-25,441.92,443.18,441.92,442.39,12274
2013-11-26,442.39,447.87,442.39,447.47,36482
2013-11-27,447.28,449.15,441.41,448.91,22011
2013-11-28,445.7,452.17,445.7,451.53,16673
2013-11-29,450.6,452.69,450.51,452.69,4297
2013-12-02,452.49,458.14,451.51,453.26,47659
2013-12-03,453.64,453.64,446.29,449.06,23722
2013-12-04,449.04,449.04,445.55,446.31,25635
2013-12-05,447.71,449.37,447.6,449.37,26136
2013-12-06,449.94,453.55,448.8,450.44,17025
2013-12-09,450.8,452.73,447.85,452.73,24700
2013-12-10,452.73,454.49,451.09,454.34,11795
2013-12-11,452.89,454.87,447.95,449.64,139429
2013-12-12,449.34,451.49,448.92,449.84,34684
2013-12-13,448.76,448.79,445.65,446.72,14487
2013-12-16,446.89,447.04,443.36,444.44,18033
2013-12-17,444.92,449.59,444.92,448.34,17606
2013-12-18,450.2,451.02,448.28,448.57,17861
2013-12-19,448.45,456.38,448.28,456.38,28888
2013-12-20,458.97,461.32,457.55,459.91,45220
2013-12-27,458.85,460.79,457.34,460.13,35322
2014-01-02,460.49,463.17,459.36,462.34,10123
2014-01-03,461.72,462.7,459.07,459.98,15651
2014-01-06,460.64,467.2,459.39,464.61,11085
2014-01-07,464.82,467.7,464.62,466.14,23876
2014-01-08,468.11,468.14,461.38,461.52,19478
2014-01-09,461.52,465.66,457.46,465.66,31746
2014-01-10,461.33,468.69,460.87,468.69,41565
2014-01-13,469.3,478.23,467.96,473.22,57899
2014-01-14,471.77,471.96,470.55,471.24,27961
2014-01-15,472.5,474.22,471.89,472.95,35072
2014-01-16,472.19,481.27,471.09,475.56,49298
2014-01-17,475.98,476.92,474.59,476.79,20103
2014-01-20,476.87,477.79,475.21,475.21,34007
2014-01-21,476.18,484.15,476.18,483.58,44952
2014-01-22,483.58,484.42,480.61,483.08,34668
2014-01-23,482.08,487.34,480.19,487.09,40526
2014-01-24,486.66,486.66,479.74,481.19,18963
2014-01-27,479.25,483.16,477.79,482.47,37410
2014-01-28,481.21,481.8,479.75,481.07,9717
2014-01-29,481.07,483,479.89,482.75,7280
2014-01-30,482.75,483.05,481.84,481.91,7766
2014-01-31,482.02,484.56,481.47,484.56,13711
2014-02-03,482.94,482.94,480.17,480.17,20336
2014-02-04,478.82,479.42,475.2,477.68,71577
2014-02-05,476.99,479.15,474.14,479.15,41922
2014-02-06,479.44,479.44,473.91,479.23,14634
2014-02-07,479.71,484.35,479.71,480.53,15985
2014-02-10,480.6,480.6,477.53,478.5,14056
2014-02-11,478.5,481.74,478.5,481.67,12895
2014-02-12,480.17,482.2,480.17,482.2,34537
2014-02-13,482.05,482.77,475.13,476.02,28407
2014-02-14,473.04,476.66,473.04,476.32,9410
2014-02-17,476.32,478.3,476.32,477.71,16468
2014-02-18,478.57,480.59,476.84,476.84,10945
2014-02-19,476.84,477.56,476.12,477.06,14557
2014-02-20,476.93,479.96,476.34,479.96,16717
2014-02-21,479,480.29,477.94,478.15,6004
2014-02-24,478.15,479.1,477.22,478.47,8550
2014-02-25,477.33,478.91,476.49,478.63,15122
2014-02-26,479.3,479.92,477.49,477.79,27782
2014-02-27,476.98,477.25,475.53,475.6,16863
2014-02-28,480.92,480.92,476.28,476.28,54728
2014-03-03,470.69,470.69,440.61,449.08,134929
2014-03-04,443.29,450.54,433.38,450.54,46008
2014-03-05,450.57,456.32,450.57,455.07,42811
2014-03-06,455.07,455.84,449.16,450.44,19898
2014-03-07,451.11,453.15,443.53,443.87,44207
2014-03-10,444.49,445.44,432.19,441.95,43571
2014-03-11,440.75,441.09,435.85,436.02,16483
2014-03-12,435.09,437.54,433.95,434.64,40723
2014-03-13,435.19,435.19,423.58,423.59,39917
2014-03-14,422.66,422.66,414.77,417.72,44673
2014-03-17,415.69,415.69,411.23,414.47,27927
2014-03-18,418.17,427.28,417.76,426.17,40580
2014-03-19,427.75,427.75,415.75,416.53,18036
2014-03-20,416.57,416.99,407.46,410.51,29007
2014-03-21,410.33,412.88,405.47,412.88,21178
2014-03-24,409.11,413.91,409.11,412.46,13268
2014-03-25,411.48,412.66,408.05,412.66,8743
2014-03-26,413.8,420.86,413.8,420.86,17087
2014-03-27,421.52,426.2,420.73,422.9,27233
2014-03-28,422.66,422.73,415.27,417.67,47127
2014-03-31,417.78,418.29,415.95,415.95,58750
2014-04-01,416.91,422.29,416.91,420.97,22704
2014-04-02,420.65,422.68,418.94,422.44,30482
2014-04-03,418.67,419.9,418.43,418.63,5626
2014-04-04,420.21,423.96,416.33,422.95,9653
2014-04-07,423.26,423.26,415.61,415.61,21371
2014-04-08,416.6,416.72,413.65,413.65,5744
2014-04-09,413.91,421.21,413.91,421,12427
2014-04-10,420.96,424.48,420.96,423.08,21619
2014-04-11,423.33,423.33,417.22,417.47,14089
2014-04-14,417.66,419.58,414.68,419.58,22668
2014-04-15,419.42,419.42,411.56,413.34,29416
2014-04-16,413.42,425.48,413.36,421.73,39531
2014-04-17,421.51,421.51,416.81,421.24,18687
2014-04-22,421.86,423.95,421.08,421.24,14762
2014-04-23,421.79,427.25,421.79,427.25,18752
2014-04-24,427.56,428.01,425.61,427.05,12943
2014-04-25,428.01,428.6,425.98,426.46,34681
2014-04-28,426.63,429.08,425.43,425.43,8177
2014-04-29,425.17,425.19,421.22,423.85,30105
2014-04-30,425.06,425.06,423.03,423.48,9815
2014-05-06,424.45,430.78,424.45,425.28,11141
2014-05-07,424.01,426.39,423.64,425.97,9155
2014-05-08,428.28,428.49,422.02,422.02,10227
2014-05-09,418.18,420.02,417.02,420.02,8428
2014-05-12,424.7,426.85,420.83,426.13,12956
2014-05-13,423.63,427.56,421.91,427.49,11445
2014-05-14,427.21,427.21,423.91,424.82,23567
2014-05-15,424.22,427.46,424.22,427.46,16731
2014-05-16,428.64,433.35,428.64,431.79,28246
2014-05-19,431.86,433.73,431.04,431.52,3155
2014-05-20,431.79,433.93,428.83,429.43,31495
2014-05-21,429.89,431.84,429.89,430.76,9079
2014-05-22,431.29,432.95,430.25,432.92,9816
2014-05-23,433.11,433.96,430.46,431.11,17464
2014-05-26,431.8,435.16,426.08,426.54,6794
2014-05-27,427.05,433.04,427.05,432.47,7827
2014-05-28,432.45,432.45,424.59,430.17,7059
2014-05-30,430.57,438.16,429.74,438.16,20031
2014-06-02,437.49,438.96,435.85,436.71,18010
2014-06-03,436.88,446.46,434.02,445.94,8829
2014-06-04,440.19,443.01,439.35,443.01,9824
2014-06-05,443.12,448.79,442.87,445.06,12412
2014-06-06,445.74,446.95,439.45,439.46,7537
2014-06-09,439.46,442.38,439.46,442.38,12960
2014-06-10,442.57,443.3,441.71,442.32,9604
2014-06-11,442.76,446.69,434.13,434.25,13984
2014-06-12,434.85,441.35,434.85,441.28,7091
2014-06-13,439.02,441.23,439.02,441.23,6078
2014-06-16,441.25,444.89,441.13,442.36,13085
2014-06-17,447.85,448.47,445.48,447.25,25421
2014-06-18,447.64,447.93,440.38,441.29,11853
2014-06-19,442.41,444.33,442.09,444.26,20795
2014-06-20,443.87,446.57,443.87,445.69,12504
2014-06-25,446.84,451.04,443.26,443.26,41635
2014-06-26,444.11,448.03,442.78,448.03,11738
2014-06-27,447.96,449.5,445.55,445.55,14413
2014-06-30,446.89,449.56,446.14,448.17,22340
2014-07-01,449.68,452.06,449.68,451.28,14965
2014-07-02,452.8,455.08,452.8,454.64,23788
2014-07-03,454.64,454.95,452.64,454.95,15208
2014-07-04,454.82,457.81,454.65,457.63,26381
2014-07-07,457.4,459.13,455.88,457.3,12262
2014-07-08,457.16,458.62,456.78,457.06,13453
2014-07-09,457.06,457.06,454.82,454.82,12404
2014-07-10,455.45,458.74,454.79,457.79,13128
2014-07-11,454.75,455.04,450.34,450.64,10596
2014-07-14,450.64,454.82,449.13,453.09,6384
2014-07-15,452.79,453.51,450.48,452.31,6901
2014-07-16,461.73,461.73,448.33,455.62,17829
2014-07-17,455.62,455.62,451.19,453.84,13105
2014-07-18,453.12,453.12,438.48,440.51,8414
2014-07-21,447.91,452.03,446.99,449.96,15114
2014-07-22,449.96,450.6,444.98,445.43,4532
2014-07-23,445.25,452.47,441.76,441.76,32139
2014-07-24,441.9,443.14,441.55,443.01,131819
2014-07-25,443.1,445.44,442.53,445.44,5954
2014-07-28,446.79,447.08,446.56,447.08,1855
2014-07-29,444.37,447.56,443.73,445.86,11049
2014-07-30,446.47,446.47,441.06,441.06,10171
2014-07-31,440.69,441.18,440.69,441.17,8096
2014-08-01,440.03,442.62,436.45,439.14,14438
2014-08-04,441.6,443.46,440.04,442.56,12049
2014-08-05,439.99,445.76,439.99,445.76,31168
2014-08-06,446.03,446.03,432.89,440.61,76799
2014-08-07,440.09,442.19,434,437.39,8787
2014-08-08,434.85,434.85,419.97,422.34,17399
2014-08-11,422.28,426.43,421.27,424.8,9262
2014-08-12,429.1,431.4,424.41,431.4,18482
2014-08-13,433.2,433.22,426.11,427.65,22879
2014-08-14,427.67,427.67,423.21,424.14,18316
2014-08-15,424.2,424.29,422.82,422.82,8146
2014-08-18,421.59,427.23,421.59,427.17,17674
2014-08-19,427.87,430.88,427.05,428.7,5568
2014-08-20,430,431.92,423.74,423.74,4029
2014-08-21,423.93,426.45,423.93,426.45,331
2014-08-22,426.78,429.49,425.62,427.25,8201
2014-08-25,427.25,427.28,422.36,422.36,11273
2014-08-26,422.36,425.78,422.36,425.78,3812
2014-08-27,425.6,427.74,425.23,426.56,9548
2014-08-28,426.14,426.24,419.19,419.19,13965
2014-08-29,419.78,430.06,419.58,430.06,11626
2014-09-01,429.73,434.98,429.08,430.97,10836
2014-09-02,430.97,435.31,430.97,433.87,5842
2014-09-03,434.02,434.72,428.49,428.49,8781
2014-09-04,427.97,431.82,427.97,430.97,4003
2014-09-05,430.77,431.84,429.76,429.82,8510
2014-09-08,429.18,435.75,429.06,429.62,5610
2014-09-09,432.33,433.34,426.99,426.99,21021
2014-09-10,429.25,431.41,428.2,428.95,8808
2014-09-11,427.67,430.24,425.86,426.56,26869
2014-09-12,426.04,426.05,422.65,423.19,7327
2014-09-15,422.95,424.84,422.17,424.84,995
2014-09-16,424.96,425.33,418.38,418.38,6933
2014-09-17,418.47,421.89,418.47,421.63,9848
2014-09-18,422.07,422.07,420.84,421.28,4871
2014-09-19,421.37,432.4,420.75,432.4,10792
2014-09-22,432.4,432.72,431.96,432.72,8881
2014-09-23,432.55,432.55,427.64,428.37,17634
2014-09-24,428.5,429.89,427.82,429.74,3592
2014-09-25,426.65,427.06,425.58,425.58,17072
2014-09-26,425.72,426.59,424.08,424.65,41138
2014-09-29,424.77,425.27,422.35,423.49,21292
2014-09-30,423.8,424.87,423.64,424.87,21583
2014-10-01,424.98,430,423.42,425.33,21115
2014-10-02,425.33,427.64,424.71,424.8,20032
2014-10-03,425.04,426.01,423.17,423.76,48616
2014-10-06,423.81,426.61,423.81,426.38,6141
2014-10-07,426.46,428.02,425.91,426.96,4490
2014-10-08,426.96,429.49,425.91,426.61,22910
2014-10-09,426.79,429.58,426.79,428.82,31502
2014-10-10,431,431,428.95,429.96,5887
2014-10-13,429.96,429.96,422.17,425.5,9115
2014-10-14,424.87,428.5,424.55,424.55,73371
2014-10-15,424.55,426.9,421.54,421.54,13867
2014-10-16,418.32,420.81,415.95,417.16,31014
2014-10-17,417.14,427.71,415.25,425.23,23268
2014-10-20,427.85,428.86,420.06,420.06,6275
2014-10-21,420.06,421.17,415.4,415.88,14456
2014-10-22,416.48,416.48,415.45,416.08,13298
2014-10-23,415.94,419.73,415.94,416.92,8871
2014-10-24,417.41,418.05,414.79,414.79,16218
2014-10-27,414.79,415.56,410.23,410.23,18763
2014-10-28,410.29,410.92,409.39,410.92,24898
2014-10-29,410.92,414.89,410.63,411.58,8649
2014-10-30,411.23,415.93,411.23,415.66,9471
2014-10-31,415.66,418.44,415.33,418.44,72174
2014-11-03,419.08,421.11,412.72,420.46,7762
2014-11-04,420.18,422.78,415.52,419.66,28940
2014-11-05,420.19,423.94,418.16,423.94,9185
2014-11-06,423.95,425.34,418.12,418.12,16076
2014-11-07,418.61,419.65,417.22,418.21,45004
2014-11-10,418.44,418.51,414.06,415.33,21790
2014-11-11,415.31,415.88,414.41,415.02,7964
2014-11-12,415.33,418.6,414.61,416.6,16506
2014-11-13,417.75,419.08,417.68,418.87,5461
2014-11-14,418.61,425.16,418.56,420.76,23056
2014-11-19,420.46,420.76,419.4,419.79,16561
2014-11-20,418.89,426.01,418.25,419.9,6362
2014-11-21,420.33,423.53,418.62,423.53,24954
2014-11-24,425.53,425.53,420.14,420.37,12732
2014-11-25,420.25,422.63,420.13,422.3,19530
2014-11-26,424.18,425.94,421.55,421.55,11294
2014-11-27,421.88,423.85,420.68,421.45,6368
2014-11-28,420.87,424.16,419.47,423.58,9882
2014-12-01,424.13,425.46,419.85,420.35,270592
2014-12-02,420.3,420.65,419.43,420.06,17185
2014-12-03,419.91,422,417.51,422,19314
2014-12-04,422.22,422.22,418.6,420.09,98720
2014-12-05,419.67,421.58,419.65,419.85,7249
2014-12-08,419.72,423.43,417.68,418.09,11368
2014-12-09,420.99,422.02,418.69,419.41,56776
2014-12-10,420.64,423.28,419.59,420.97,16431
2014-12-11,420.91,420.91,416.72,419.43,19510
2014-12-12,419.45,420.3,418.99,420.1,16972
2014-12-15,420.18,420.42,417.67,418.67,3170
2014-12-16,419.11,419.85,414.68,414.81,21255
2014-12-17,415.28,415.8,409.82,409.82,12283
2014-12-18,411.56,414.43,411.56,412.58,34843
2014-12-19,412.58,415.51,410.22,415.51,11350
2014-12-22,414.66,414.94,409.83,409.88,66694
2014-12-23,409.19,412.1,407.86,411.46,33842
2014-12-29,411.05,411.37,405.8,410.02,31787
2014-12-30,408.22,411.94,407.98,408.03,17415
2015-01-05,408.73,409.09,407.22,408.11,14768
2015-01-06,409.22,409.94,408.81,409.23,7405
2015-01-07,409.82,410.26,408.72,409.27,23543
2015-01-08,408.8,415.38,408.8,415.38,32606
2015-01-09,415.56,418.87,413.65,418.66,42240
2015-01-12,419.91,421.88,419.58,421.88,15493
2015-01-13,421.88,422.07,417.95,420.69,32532
2015-01-14,420.15,420.76,417.71,418.55,10470
2015-01-15,418.96,422.57,416.21,416.64,24854
2015-01-16,416.64,421.55,415.47,421.55,22030
2015-01-19,421.87,424.97,421.34,422.74,25562
2015-01-20,422.84,425.88,422.12,422.12,21010
2015-01-21,422.12,426.37,421.34,423.72,73278
2015-01-22,423.06,424.54,419.7,420.56,22016
2015-01-23,420.56,424.2,420.56,424.2,19848
2015-01-26,424.2,426.48,421.99,421.99,10182
2015-01-27,421.99,422.48,419.22,421.89,2132
2015-01-28,421.89,422.85,420.35,420.35,17870
2015-01-29,418.8,423.49,417.08,417.08,8045
2015-01-30,417.08,417.37,416.3,416.32,16257
2015-02-02,416.32,417.08,416.31,417.01,2376
2015-02-03,416.37,417.87,413.35,417.52,15437
2015-02-04,417.63,425.43,416.13,416.13,15085
2015-02-05,418.35,418.52,415.71,415.71,7822
2015-02-06,414.92,417,414.92,416.55,3802
2015-02-09,417.22,419.96,416.19,418.18,8572
2015-02-10,418.18,426.15,418.18,420.58,8006
2015-02-11,421,427.85,419.76,419.99,23708
2015-02-12,420.88,424.68,420.88,424.59,14989
2015-02-13,424.2,424.27,422.13,423.34,97149
2015-02-16,423.59,423.98,419.06,420.56,8768
2015-02-17,420.56,420.56,418.44,420.39,16647
2015-02-18,419.08,424.26,417.77,424.14,9871
2015-02-19,424.17,427.34,416.29,424.58,11521
2015-02-20,424.62,426.3,421.08,426.3,137569
2015-02-23,425.75,427.56,425.45,425.51,8278
2015-02-24,425.51,429.79,425.29,429.79,21601
2015-02-25,429.72,432.1,428.91,432.1,12575
2015-02-26,432.09,432.09,417.89,419.06,9803
2015-02-27,419.22,421.38,417.89,420.38,21715
2015-03-02,417.37,424.19,417.37,423.91,23465
2015-03-03,423.64,423.78,420.66,421.98,138875
2015-03-04,421.98,421.98,419.71,419.71,14236
2015-03-05,420.47,421.45,420.47,420.83,21460
2015-03-06,420.99,422.9,416.55,418.79,49623
2015-03-09,419.69,424.33,418.78,418.78,11829
2015-03-10,419.02,419.02,415.21,416.25,7103
2015-03-11,415.57,416.48,414.89,415.66,44201
2015-03-12,416.08,423.52,416.08,420.6,22086
2015-03-13,422.05,423.89,422.05,423.89,25398
2015-03-16,426.88,426.96,425.2,426.62,30570
2015-03-17,426.2,433.68,426.02,433.68,32062
2015-03-18,433.68,434.75,431.53,434.11,34708
2015-03-19,434.11,434.11,430.93,433.88,9190
2015-03-20,432.61,432.61,426.58,428.54,20140
2015-03-23,429.14,429.14,426.35,426.95,10237
2015-03-24,426.77,429.95,425,425.02,20060
2015-03-25,423.84,425.71,423.68,425.34,5773
2015-03-26,425.34,425.68,423.47,423.47,19982
2015-03-27,424.37,428.62,421.26,428.62,23567
2015-03-30,429.39,429.39,423.63,424.08,29798
2015-03-31,424.15,424.59,421.4,421.4,14825
2015-04-01,421.85,423.48,420.51,421.38,9690
2015-04-02,422.67,424.87,422.67,424.77,12307
2015-04-07,424.5,426.45,424.5,426.39,23011
2015-04-08,429.68,430.04,425.88,426.79,26870
2015-04-09,426.95,426.97,426.14,426.62,16390
2015-04-10,426.28,426.94,426.25,426.94,2824
2015-04-13,428.83,429.71,427.33,429.19,176739
2015-04-14,429.19,429.22,428.26,428.48,12044
2015-04-15,428.52,433.49,428.52,432.09,2054315
2015-04-16,432.79,435.78,432.79,435.13,23480
2015-04-17,436.05,437.18,433.93,434.63,38832
2015-04-20,434.63,436.09,433.66,436.09,6381
2015-04-21,436.16,436.62,435.53,435.97,25233
2015-04-22,434.55,438.38,434.53,438.38,13378
2015-04-23,438.38,438.45,435.14,435.78,16180
2015-04-24,435.73,437.07,435.73,436.55,35482
2015-04-27,437.22,440.11,437.22,438.79,35032
2015-04-28,438.87,440.02,437.27,438.51,14068
2015-04-29,438.04,440.98,437.68,439.93,16815
2015-04-30,439.79,440.92,439.5,440.88,7898
2015-05-05,439.7,444.29,439.18,441.65,20050
2015-05-06,441.86,442.07,440.24,442.07,15255
2015-05-07,441.14,443.82,440.86,440.86,31848
2015-05-08,444.66,444.66,438.97,438.97,12360
2015-05-11,439,439.3,437.88,438.33,20222
2015-05-12,439.39,439.65,437.4,437.84,5538
2015-05-13,438.34,440.95,438.34,440.29,34333
2015-05-15,441.63,441.63,438.36,440.68,15889
2015-05-18,440.59,440.59,438.33,438.33,13475
2015-05-19,438.17,441.75,437.69,441.75,16894
2015-05-20,442.26,444.02,442.26,443.79,29123
2015-05-21,442.54,446,442.54,443.54,22298
2015-05-22,443.48,445.63,442.46,445.63,19097
2015-05-25,444.92,444.92,441.46,441.94,37391
2015-05-26,441.94,445.47,439.76,440.15,15484
2015-05-27,442.67,447.23,442.67,443.85,15192
2015-05-28,443.37,445.09,441.62,445.09,38216
2015-05-29,443.51,451.28,442.53,451.28,83476
2015-06-01,455.71,459.17,447.18,447.18,73769
2015-06-02,448.12,448.12,444.79,444.8,21408
2015-06-03,444.79,449.49,444.79,446.69,63091
2015-06-04,446.72,446.84,444.47,445.47,51569
2015-06-05,446.89,447.63,445.3,446.51,60128
2015-06-08,446.75,448.01,446.27,447.08,29580
2015-06-09,447.35,447.35,444.54,444.8,17098
2015-06-10,444.8,446.4,444.76,444.76,4330
2015-06-11,444.72,444.77,442.38,443.72,6978
2015-06-12,443.63,445.16,443.1,444.94,15168
2015-06-15,444.94,444.94,442.98,443.11,5112
2015-06-16,441.49,443.47,441.4,443.39,11074
2015-06-17,443.4,443.49,442.53,442.53,7063
2015-06-18,441.92,441.92,438.51,440.29,53249
2015-06-19,439.78,443.23,439.43,442.69,30273
2015-06-25,442.07,444.6,440.67,442.12,18193
2015-06-26,442.12,442.67,440.32,441.55,12856
2015-06-29,440.14,440.14,437.18,438.7,5330
2015-06-30,438.28,439.71,436.87,439.44,13639
2015-07-01,439.92,440.55,439.36,439.93,9588
2015-07-02,437.94,439.12,436.88,438.4,13987
2015-07-03,438.4,440.69,437.74,437.94,62118
2015-07-06,442.53,442.53,439.58,439.7,13630
2015-07-07,439.7,439.79,436.99,436.99,8822
2015-07-08,436.99,438.89,436.99,437.58,9753
2015-07-09,437.61,438.79,435.79,438.79,7232
2015-07-10,438.79,439.35,437.12,437.56,13534
2015-07-13,437.5,440.09,436.91,440.09,14869
2015-07-14,440.22,440.49,439.51,439.77,17015
2015-07-15,439,441.09,438.94,441,18303
2015-07-16,442.65,442.65,440.35,440.51,17787
2015-07-17,440.44,440.44,438.39,439.79,14817
2015-07-20,440.52,442.03,440.25,440.91,26610
2015-07-21,440.91,442.31,440.77,442.31,20209
2015-07-22,442.35,442.89,441.89,441.96,10470
2015-07-23,441.96,442.33,440.94,440.94,7113
2015-07-24,441.56,441.56,440.54,440.87,4112
2015-07-27,440.87,442.29,439.94,442.13,14166
2015-07-28,442.11,442.31,438.46,438.55,17186
2015-07-29,439,442.37,439,441.28,25524
2015-07-30,440.54,442.76,439.12,442.7,13563
2015-07-31,442.7,442.86,442.39,442.7,20840
2015-08-03,443.09,443.96,442.57,443.93,6675
2015-08-04,443.93,445.86,443.93,443.93,8458
2015-08-05,444.19,444.42,443.94,443.94,7142
2015-08-06,444.02,444.89,443.99,444.38,9769
2015-08-07,444.38,444.89,442.98,443.01,9373
2015-08-10,443.03,444.13,443.03,443.82,11971
2015-08-11,442.48,443.53,442.47,442.66,4207
2015-08-12,442.66,443.77,442.09,442.09,19128
2015-08-13,441.28,442.06,441.2,441.61,10335
2015-08-14,441.92,443.65,441.92,443.48,4583
2015-08-17,443.48,445.66,442.26,445.35,11440
2015-08-18,445.35,446.18,443.78,443.78,18230
2015-08-19,443.78,444.03,443.78,443.92,2918
2015-08-20,443.92,445.82,443.52,443.52,16484
2015-08-21,443.44,444.05,441.4,442.32,25755
2015-08-24,440.81,440.81,423.65,423.65,115513
2015-08-25,419.4,429.29,419.4,429.29,85527
2015-08-26,429.27,430.85,427.09,430.85,22059
2015-08-27,430.85,433.17,429.99,432.44,34063
2015-08-28,433.07,438.4,433.07,435.48,59428
2015-08-31,435.66,438.28,435.15,437.99,17433
2015-09-01,438.16,438.87,434.42,436.75,24626
2015-09-02,436.69,437.08,432.53,432.55,8618
2015-09-03,432.24,434.21,432.24,434.21,47620
2015-09-04,434.59,435.74,434.59,435.74,19660
2015-09-07,436.32,436.86,435.2,436.72,8052206
2015-09-08,436.73,436.73,434.78,435.57,5558
2015-09-09,436.79,446.52,436.79,443.58,30087
2015-09-10,443.58,498.12,443.58,498.12,42232
2015-09-11,497.34,497.67,441.32,496.74,41064
2015-09-14,496.74,530.22,496.74,527.19,22155
2015-09-15,530.74,530.74,506.13,517.66,103899
2015-09-16,516.32,521.79,505.79,521.79,18579
2015-09-17,522.08,527.56,516.41,521.75,10699
2015-09-18,542.42,563.43,531.08,562.98,192923
2015-09-21,564.1,569.08,558.18,567.78,66582
2015-09-22,579.33,579.86,567.78,571.25,82328
2015-09-23,571.17,577.61,569.74,576.19,27877
2015-09-24,577.49,577.55,575.04,575.04,13662
2015-09-25,574.86,576.23,572.92,574.7,11297
2015-09-28,578.3,579.69,572.4,576.33,15895
2015-09-29,578.25,578.25,568.11,570.32,35051
2015-09-30,570.202,571.394,568.841,571.394,6923
2015-10-01,571.45,574.22,571.45,573.31,12982
2015-10-02,573.31,574.14,571.91,571.91,13335
2015-10-05,573.04,573.65,571.44,573.24,23469
2015-10-06,572.24,573.09,568.86,569.32,18965
2015-10-07,570.8,572.95,570.33,570.52,31479
2015-10-08,570.46,570.46,566.2,566.25,14682
2015-10-09,566.25,569.04,564.62,564.62,37584
2015-10-12,564.62,567.06,563.45,567.06,8453
2015-10-13,567.06,567.13,561.89,561.95,15767
2015-10-14,558.65,559.22,553.66,556.49,15412
2015-10-15,558.36,559.34,553.63,553.63,22899
2015-10-16,555.92,561.91,555.91,555.91,44501
2015-10-19,555.65,575.06,555.65,575.06,178113
2015-10-20,576.85,600.68,576.27,584.45,226609
2015-10-21,585.67,593.29,585.67,589.15,75596
2015-10-22,590.19,590.19,580.97,581.09,34231
2015-10-23,580.95,585.74,580.95,581.65,38092
2015-10-26,581.71,584.49,579.59,582.38,27728
2015-10-27,583.38,583.52,577.56,578.8,18623
2015-10-28,578.8,589.64,578.8,587.84,23828
2015-10-29,587.84,590.84,587.84,590.84,26541
2015-10-30,590.84,600.5,590.84,597.91,81513
2015-11-02,598.74,598.74,592.76,594.14,42467
2015-11-03,593.86,595.92,593.34,595.23,33874
2015-11-04,595.23,595.23,588.49,589.03,41047
2015-11-05,589.9,593.26,585.5,585.5,23149
2015-11-06,585.5,591.54,584.06,590.95,16500
2015-11-09,591.01,591.01,587.82,587.82,3689
2015-11-10,587.82,588.33,586.07,587.33,9001
2015-11-11,586.5,593.49,585.68,593.49,18469
2015-11-12,591.73,594.47,591.73,592.07,11000
2015-11-13,594.38,604.04,594.38,603.72,8720
2015-11-16,604.17,607.08,601.75,601.75,21163
2015-11-17,601.75,602.15,596.27,599.5,12651
2015-11-19,599.3,600.52,598.84,599.6,6182
2015-11-20,599.83,603.27,599.48,601.33,17843
2015-11-23,601.33,602.19,595.2,596.34,32590
2015-11-24,596.22,596.22,590.19,591.88,39336
2015-11-25,591.88,592.5,591.12,592.35,8530
2015-11-26,592.35,599.32,589.99,598.99,25457
2015-11-27,598.99,598.99,583.56,589.27,44226
2015-11-30,591.23,591.23,586.18,586.18,12159
2015-12-01,586.1,587.81,583.19,583.83,124603
2015-12-02,581.13,589.22,581.13,586.52,13585
2015-12-03,587.63,587.82,585.53,586.52,16314
2015-12-04,586.52,589.23,581.72,583.62,11663
2015-12-07,585.14,586.35,581.16,583.75,19962
2015-12-08,583.94,584,580.15,581.05,27024
2015-12-09,581.05,587.41,580.35,584.12,35016
2015-12-10,584.21,585.85,581.92,582.08,144219
2015-12-11,582.08,590.53,582.08,582.74,9117
2015-12-14,582.99,582.99,573.15,573.15,66048
2015-12-15,573.01,574.53,571.52,574.53,26191
2015-12-16,574.44,576.04,570.33,572.15,50772
2015-12-17,566.16,577.45,566.16,576.37,79984
2015-12-18,573.58,586.16,573.12,582.41,88978
2015-12-21,585.56,586.11,577.86,579.13,41869
2015-12-22,580.53,583.19,577.08,577.08,20785
2015-12-23,577.14,582.4,576.21,579.81,35944
2015-12-28,579.31,586.09,579.28,582.81,25009
2015-12-29,582.81,593.39,582.34,588.11,34231
2015-12-30,588.11,594.45,587.96,594.35,57420
2016-01-04,595.57,595.85,592.4,595.82,17298
2016-01-05,595.82,596.33,595.26,596.33,106006
2016-01-06,596.91,604.17,596.91,603.21,45761
2016-01-07,603.21,603.21,592.07,593.89,27572
2016-01-08,594.1,595.84,593.91,595.01,9411
2016-01-11,595.57,599.68,593.7,596.09,19952
2016-01-12,596.09,606.84,596.09,606.84,4166
2016-01-13,606.72,610.31,602.19,602.19,25749
2016-01-14,602.12,607.4,601.31,607.4,62885
2016-01-15,599.81,610.17,599.81,602.49,103984
2016-01-18,602.49,602.92,595.27,595.3,96820
2016-01-19,595.3,598.46,594.17,594.17,31185
2016-01-20,594.29,595.17,590.71,590.85,20400
2016-01-21,590.15,590.15,587.67,589.53,31053
2016-01-22,589.28,594.25,588.61,594.25,11023
2016-01-25,594.25,594.25,589.28,589.85,2464
2016-01-26,588.59,590.38,588.29,590.3,17372
2016-01-27,593.3,600.59,593.3,600.56,24772
2016-01-28,600.56,604.68,598.48,599.43,9108
2016-01-29,599.43,619.41,599.23,616.67,34390
2016-02-01,616.11,618.55,615.88,618.1,14020
2016-02-02,617.58,618.67,616.5,617.62,34486
2016-02-03,617.62,619.16,616.01,616.27,32971
2016-02-04,616.27,619.13,615.49,618.95,16104
2016-02-05,615.36,618.62,615.27,615.54,25950
2016-02-08,615.57,621.15,615.57,621.15,17730
2016-02-09,621.15,621.87,616.91,621.77,104112
2016-02-10,621.77,622.05,617.94,619.46,37652
2016-02-11,615.68,619.93,615.68,618.36,61990
2016-02-12,617.92,618.66,613.5,615.97,27403
2016-02-15,614.29,614.29,609.66,610.21,18597
2016-02-16,610.21,610.59,608.39,609.03,9125
2016-02-17,609.03,614.72,608.99,614.72,8287
2016-02-18,614.72,617.67,611.82,611.94,73191
2016-02-19,610.94,613.87,610.59,613.87,20340
2016-02-22,611.66,616.85,610.87,613.22,57598
2016-02-23,613.22,615.07,611.93,612.4,104829
2016-02-24,612.4,614.53,610.76,614.4,23518
2016-02-25,614.52,614.52,610.68,611.9,19319
2016-02-26,612.03,617.19,612.03,617.19,23811
2016-02-29,617.19,618.3,614.05,618.3,17384
2016-03-01,617.31,622.38,614.63,620.24,35453
2016-03-02,620.62,626.24,620,626.04,55451
2016-03-03,625.92,630.33,623.36,623.36,45299
2016-03-04,623.95,631.63,619.69,630.37,56495
2016-03-07,627.66,635.01,624.52,629.41,11693
2016-03-08,628.98,631.87,625.76,630.47,23852
2016-03-09,631.14,635.54,628.48,634.52,19379
2016-03-10,634.52,641.06,627.11,641.06,22883
2016-03-11,641.06,642.77,633.25,634.97,40922
2016-03-14,635.53,639.36,635.53,636.83,31420
2016-03-15,634.68,635.24,628.09,632.41,38294
2016-03-16,630.62,630.62,623.15,627.39,21628
2016-03-17,627.39,627.6,620.38,625.07,11982
2016-03-18,619.29,627.53,619.27,627.08,12809
2016-03-21,627.46,627.46,620.26,620.39,35800
2016-03-22,620.39,620.39,614.62,617.26,5866
2016-03-23,611.59,613.64,611.47,612.23,8430
2016-03-24,614.94,616.31,612.27,614.3,10914
2016-03-29,614.3,614.3,602.01,603.12,13002
2016-03-30,602.83,608.33,602.83,608.33,14800
2016-03-31,608.33,615.6,606.89,615.58,7494
2016-04-01,615.58,621.23,615.58,620.31,16597
2016-04-04,620.31,620.31,613.94,614.83,25246
2016-04-05,613.75,614.17,602.19,602.79,38492
2016-04-06,602.79,608.67,602.21,607.52,25853
2016-04-07,608.68,614.62,606.39,614.62,17397
2016-04-08,614.04,615.35,611.08,613.15,4411
2016-04-11,612.98,616.6,612.98,616.6,22749
2016-04-12,616.6,616.6,610.44,610.44,51610
2016-04-13,609.63,615.73,609.15,615.73,69764
2016-04-14,615.73,627.12,610.8,627.12,35024
2016-04-15,626.72,628.73,620.8,628.73,41732
2016-04-18,628.7,628.7,616.83,628.33,66906
2016-04-19,628.17,631.64,621.83,629.11,78831
2016-04-20,629.39,630.19,626.37,628.98,35922
2016-04-21,628.98,629.67,622.64,625.91,12871
2016-04-22,626.14,626.14,621.22,624.82,4265
2016-04-25,622.29,624.7,621.71,624.28,25874
2016-04-26,625.4,628.58,622.2,628.58,27158
2016-04-27,630.57,631.26,629.81,630.79,32239
2016-04-28,630.76,632.02,624.99,626.47,36277
2016-04-29,626.47,631.6,626.19,631.6,23127
2016-05-02,631.6,634.53,625.72,626.3,105579
2016-05-03,626.3,630.05,625.79,630.05,43288
2016-05-06,630.62,632.93,627.2,632.92,42406
2016-05-09,637.46,638.23,634,634,15725
2016-05-10,633.81,635.06,632.04,635.06,92981
2016-05-11,635.1,636.97,634.92,636.97,3811
2016-05-12,636.05,636.05,630.5,633.34,51545
2016-05-13,633.34,636.78,631.93,633.8,16463
2016-05-16,633.8,636.66,632.08,634.91,18752
2016-05-17,634.91,635.57,632.13,632.25,12314
2016-05-18,635.34,637.19,633.9,637.19,7903
2016-05-19,637.19,639.52,637.19,637.7,17420
2016-05-20,634.7,634.7,627.93,628.47,29483
2016-05-23,628.49,630.03,628.03,628.06,21345
2016-05-24,628.47,631.75,628.47,630.9,7679
2016-05-25,630.34,632.39,626.26,628.83,16384
2016-05-26,629.68,631.03,629.4,631.03,16065
2016-05-27,636.07,639.8,636.07,639.11,30092
2016-05-30,638.12,638.12,632.71,633.11,18763
2016-05-31,632.72,643.51,632.7,643.51,15805
2016-06-01,643.51,643.66,636.63,636.63,14085
2016-06-02,636.63,646.77,636.21,646.77,15943
2016-06-03,646.77,646.87,639.21,642.92,11574
2016-06-06,647.97,648.97,647.88,648.88,12744
2016-06-07,648.88,651.41,645.98,645.98,5617
2016-06-08,645.98,646.37,640.51,640.51,12431
2016-06-09,640.09,640.53,636.12,639.71,34501
2016-06-10,640.17,640.2,636.27,637.24,35399
2016-06-13,637.36,640.04,635.65,635.65,22359
2016-06-14,635.4,638.13,634.94,638.13,48272
2016-06-15,638.13,639.32,634.29,636.52,30239
2016-06-16,637.1,637.68,628.19,628.92,46399
2016-06-17,629.07,634.13,626.31,631.32,7900
2016-06-20,632.74,634.92,632.17,634.33,13648
2016-06-21,630.11,634.97,629.76,634.97,8646
2016-06-22,634.21,634.21,625.82,625.82,27671
2016-06-27,616.01,621.51,608.76,617.4,24035
2016-06-28,617.4,619.33,617.23,619.17,24120
2016-06-29,618.71,620.91,610.74,620.91,17694
2016-06-30,620.96,620.96,615.6,620.68,8414
2016-07-01,620.68,625.26,619.28,625.26,9398
2016-07-04,623.16,635.44,623.13,635.44,30535
2016-07-05,635.49,635.49,623.58,623.58,16569
2016-07-06,623.58,628.66,623.58,628.44,14256
2016-07-07,628.44,632.36,628.44,632.35,4311
2016-07-08,632.57,636.6,632.21,632.21,25157
2016-07-11,632.21,632.21,625.44,627.98,24379
2016-07-12,628.26,631.39,625.2,631.39,32760
2016-07-13,631.39,633.44,625.67,626.7,50709
2016-07-14,635.66,635.66,623.83,626.44,11858
2016-07-15,626.44,631.11,626.28,630.54,12844
2016-07-18,630.55,631.75,628.33,630.63,9277
2016-07-19,630.63,635.24,630.37,632.74,4251
2016-07-20,632.97,639.92,632.25,639.92,24732
2016-07-21,639.41,640.8,639.24,640.45,18062
2016-07-22,640.45,641.18,634.49,641.18,28725
2016-07-25,640.15,642.12,638.49,642.12,13605
2016-07-26,642.06,642.06,634.46,639.51,34436
2016-07-27,639.51,640.93,636.55,639.59,8962
2016-07-28,639.59,642.35,634.32,641.94,26048
2016-07-29,641.94,641.94,637.1,637.7,12659
2016-08-01,636.95,641.11,634.17,638.34,25044
2016-08-02,638.34,638.94,637.54,638.06,9636
2016-08-03,638.06,638.97,633.23,633.23,6617
2016-08-04,632.24,637.34,630.95,630.95,6607
2016-08-05,630.43,631.24,629.23,630.48,23009
2016-08-08,631.82,636.48,630.54,636.34,34717
2016-08-09,636.34,638.93,632.77,634.94,14198
2016-08-10,636.04,638.17,635.64,637.84,34611
2016-08-11,638.353,642.051,636.048,639.199,14837
2016-08-12,639.081,639.081,634.273,636.3,16856
2016-08-15,636.3,637.326,634.968,634.968,3426
2016-08-16,634.883,641.974,634.732,637.943,40478
2016-08-17,638.666,642.225,637.026,639.794,26567
2016-08-18,639.311,641.495,638.435,639.558,17913
2016-08-19,639.905,640.675,637.055,638.489,14221
2016-08-22,637.976,641.813,637.023,641.531,22526
2016-08-23,644.397,646.378,638.397,646.378,41204
2016-08-24,646.378,646.378,626.332,642.262,17764
2016-08-25,639.953,644.179,633.691,639.536,30027
2016-08-26,632.353,639.536,630.614,637.478,9282
2016-08-29,634.761,645.022,628.643,644.595,44239
2016-08-30,636.838,642.927,636.577,642.907,100958
2016-08-31,639.059,642.567,637.792,639.928,40913
2016-09-01,639.016,639.188,635.708,635.971,41521
2016-09-02,634.727,638.414,633.419,635.357,28999
2016-09-05,634.872,677.158,542.657,677.158,21929
2016-09-06,677.158,681.937,677.045,677.505,12755
2016-09-07,680.056,680.808,679.399,680.581,7873
2016-09-08,680.381,683.46,672.954,679.196,15498
2016-09-09,682.102,687.535,680.571,685.947,18107
2016-09-12,685.692,685.916,682.52,685.916,19898
2016-09-13,685.916,691.254,685.813,685.813,8779
2016-09-14,686.08,686.08,684.93,684.954,2477
2016-09-15,684.954,688.552,680.467,680.678,15061
2016-09-16,680.678,696.182,680.525,696.092,5920
2016-09-19,696.093,696.863,696.093,696.444,2681
2016-09-20,696.444,712.934,696.444,708.313,50961
2016-09-21,708.2,708.41,696.44,708.41,25430
2016-09-22,709.005,735.997,709.005,735.997,27292
2016-09-23,735.997,736.229,727.608,734.969,19586
2016-09-26,723.273,725.47,723.056,723.056,8919
2016-09-27,723.056,723.841,718.961,722.868,10347
2016-09-28,722.868,726.232,720.259,724.304,12407
2016-09-29,724.304,726.489,707.579,708.913,7555
2016-09-30,708.913,708.954,705.639,708.824,9178
2016-10-03,708.344,709.511,703.229,703.709,18616
2016-10-04,703.482,718.341,699.362,712.501,12905
2016-10-05,714.258,722.523,714.258,722.507,10904
2016-10-06,721.797,723.302,721.297,721.98,32587
2016-10-07,721.98,724.1,712.983,722.723,10163
2016-10-10,724.223,729.081,724.223,728.02,3347
2016-10-11,728.02,728.494,709.055,709.055,21726
2016-10-12,710.235,721.572,709.69,720.217,12399
2016-10-13,720.358,728.492,718.847,728.492,45456
2016-10-14,728.421,728.911,720.045,723.078,6874
2016-10-17,723.078,723.593,710.935,714.354,13313
2016-10-18,714.013,719.491,713.873,716.783,3440
2016-10-19,716.783,716.783,714.036,714.871,6384
2016-10-20,714.871,717.127,713.17,714.397,18802
2016-10-21,714.608,714.608,708.248,712.921,45459
2016-10-24,712.578,717.938,712.578,717.938,58574
2016-10-25,717.475,717.475,710.13,710.177,4617
2016-10-26,710.177,721.439,708.683,721.439,19373
2016-10-27,721.439,721.439,714.237,720.745,20989
2016-10-28,721.062,721.273,712.231,712.492,66454
2016-10-31,712.219,713.271,711.782,713.272,26392
2016-11-01,712.931,713.391,712.708,713.391,6549
2016-11-02,713.391,718.503,713.279,713.754,47554
2016-11-03,713.754,717.6,712.33,717.145,18516
2016-11-04,717.312,717.312,711.85,711.85,16814
2016-11-07,711.851,712.127,710.293,710.311,8689
2016-11-08,710.311,716.696,709.482,713.509,652362
2016-11-09,713.52,713.52,706.395,707.039,99704
2016-11-10,707.476,713.522,707.208,713.522,35096
2016-11-11,713.752,719.342,710.216,711.807,10855
2016-11-14,712.057,712.057,709.284,710.96,12012
2016-11-15,710.818,711.3,708.865,708.865,18752
2016-11-16,710.557,728.206,710.557,728.206,35650
2016-11-17,734.229,746.309,734.229,741.291,24378
2016-11-21,740.986,744.63,736.794,736.794,10004
2016-11-22,737.07,738.538,736.556,737.799,17337
2016-11-23,733.233,740.584,732.359,736.587,17052
2016-11-24,737.814,744.831,737.814,742.778,12034
2016-11-25,742.658,742.658,733.333,736.91,20401
2016-11-28,741.171,748.859,740.365,748.859,50740
2016-11-29,748.859,750.657,745.735,745.735,19388
2016-11-30,745.735,748.423,741.381,744.948,65308
2016-12-01,743.087,745.144,741.098,742.605,11525
2016-12-02,742.119,745.634,741.988,745.634,7226
2016-12-05,745.634,748.731,742.259,742.678,25872
2016-12-06,741.822,745.339,741.644,742.564,8133
2016-12-07,742.564,742.75,740.435,742.562,12771
2016-12-08,742.562,743.255,739.603,741.838,10711
2016-12-09,745.99,745.99,739.81,740.969,31572
2016-12-12,740.324,741.198,734.306,740.118,17712
2016-12-13,739.636,739.717,732.878,732.89,47461
2016-12-14,732.953,736.887,732.942,733.149,51763
2016-12-15,733.951,733.951,730.346,730.346,55521
2016-12-16,730.346,735.571,730.346,732.839,15227
2016-12-19,732.977,736.963,732.977,734.253,19457
2016-12-20,734.253,734.253,726.759,726.759,14265
2016-12-21,726.99,732.433,726.99,731.395,21697
2016-12-22,732.614,733.093,731.395,732.153,4655
2016-12-23,733.067,733.279,732.698,732.77,7687
2016-12-27,732.77,738.043,731.275,735.56,41900
2016-12-28,738.603,738.603,732.764,733.04,10701
2016-12-29,733.327,735.333,732.493,732.906,4061
2016-12-30,734.695,735.188,733.77,733.769,16127
2017-01-02,733.77,734.09,731.022,733.22,12784
2017-01-03,733.22,734.067,727.109,731.04,21398
2017-01-04,738.722,738.722,733.03,736.532,6908
2017-01-05,735.644,738.564,735.521,738.564,8351
2017-01-06,738.564,742.981,738.564,742.981,17628
2017-01-09,742.213,742.25,738.018,738.018,4473
2017-01-10,738.018,740.761,738.018,739.075,14504
2017-01-11,740.34,740.34,736.365,739.07,5069
2017-01-12,738.659,742.087,738.659,740.145,22057
2017-01-13,740.146,743.958,740.146,743.564,4070
2017-01-16,743.564,743.564,741.304,741.56,26389
2017-01-17,743.136,744.656,742.35,743.405,47334
2017-01-18,743.127,748.214,743.127,743.258,5939
2017-01-19,743.326,744.272,742.924,743.985,2283
2017-01-20,744.344,745.646,744.344,745.643,4573
2017-01-23,745.643,745.643,743.205,743.204,3106
2017-01-24,743.205,743.594,742.283,742.982,12341
2017-01-25,743.334,743.453,740.49,741.154,19649
2017-01-26,741.154,744.098,739.898,743.986,26849
2017-01-27,743.987,754.593,743.987,753.516,8470
2017-01-30,754.108,756.262,753.097,755.105,14361
2017-01-31,754.821,756.977,752.474,756.977,3578
2017-02-01,753.14,753.14,752.179,752.772,14501
2017-02-02,752.772,753.012,748.826,750.247,8960
2017-02-03,749.997,751.311,744.816,744.816,12702
2017-02-06,746.484,746.854,745.7,745.981,22442
2017-02-07,746.93,747.853,744.895,746.284,15028
2017-02-08,745.767,745.767,740.312,743.259,28850
2017-02-09,743.373,746.81,742.822,746.81,8985
2017-02-10,747.289,747.289,743.611,747.267,4063
2017-02-13,746.318,746.951,740.061,742.592,4725
2017-02-14,742.592,747.361,742.592,745.49,7409
2017-02-15,745.49,746.249,744.818,745.058,11708
2017-02-16,747.307,748.834,747.307,748.496,3898
2017-02-17,748.64,748.64,745.766,747.515,11017
2017-02-20,745.188,749.893,744.458,747.704,26272
2017-02-21,747.704,749.327,742.165,748.654,22612
2017-02-22,748.654,750.578,747.437,747.437,20932
2017-02-23,745.279,746.66,744.92,745.632,6679
2017-02-24,745.632,746.131,740.41,740.41,21178
2017-02-27,740.791,748.222,739.775,739.775,20229
2017-02-28,740.025,743.037,740.025,740.503,17718
2017-03-01,749.053,760.301,749.053,760.301,68945
2017-03-02,760.324,769.41,760.324,768.452,29100
2017-03-03,768.136,772.496,767.956,771.751,57481
2017-03-06,771.667,773.074,756.263,759.463,20328
2017-03-07,759.176,770.134,759.176,768.802,7794
2017-03-08,769.52,769.983,765.385,767.62,17541
2017-03-09,767.62,768.187,764.514,765.74,10844
2017-03-10,765.916,767.042,765.326,766.14,14873
2017-03-13,767.118,771.139,765.792,771.139,23464
2017-03-14,772.108,773.953,769.835,773.952,4483
2017-03-15,773.953,773.953,771.258,772.068,21392
2017-03-16,772.068,776.445,770.537,776.445,8962
2017-03-17,776.445,777.19,766.002,777.19,5566
2017-03-20,774.063,774.063,767.087,771.968,17817
2017-03-21,771.743,773.079,771.743,772.148,7347
2017-03-22,772.344,772.344,757.421,761.669,38667
2017-03-23,761.613,770.693,761.613,770.28,12160
2017-03-24,770.28,771.493,770.151,771.493,16502
2017-03-27,771.781,772.132,769.522,770.466,33206
2017-03-28,770.166,770.562,769.886,769.886,1390
2017-03-29,770.072,773.069,770.072,772.853,8310
2017-03-30,772.853,773.205,769.946,771.591,29794
2017-03-31,771.591,774.403,770.324,770.324,171795
2017-04-03,770.564,777.613,770.564,777.613,23410
2017-04-04,775.853,782.055,775.853,781.505,7527
2017-04-05,781.625,783.557,776.748,776.748,19525
2017-04-06,776.748,782.643,776.748,781.914,6073
2017-04-07,784.501,787.296,783.668,783.982,43882
2017-04-10,783.982,783.982,780.968,781.187,25922
2017-04-11,781.224,784.616,780.089,784.616,8756
2017-04-12,784.616,786.982,781.337,784.183,76147
2017-04-13,784.063,797.684,784.063,797.684,37445
2017-04-18,797.051,798.07,792.387,793.834,34562
2017-04-19,796.682,801.697,796.167,801.229,35861
2017-04-20,801.229,803.7,801.229,802.84,29747
2017-04-21,803.79,807.686,803.077,806.904,18870
2017-04-24,806.88,807.984,804.629,805.365,13498
2017-04-25,805.365,816.479,804.646,814.802,20314
2017-04-26,814.802,820.925,814.802,817.226,27422
2017-04-27,817.3,824.719,817.3,824.473,18136
2017-04-28,819.746,820.296,814.403,814.552,21800
2017-05-02,821.137,824.133,818.263,823.414,22311
2017-05-03,825.923,825.923,815.053,817.551,14466
2017-05-08,816.832,826.787,814.958,824.631,27430
2017-05-09,823.356,832.775,821.417,832.775,17291
2017-05-10,832.488,833.727,828.796,831.887,14504
2017-05-11,832.767,832.767,829.004,831.579,13530
2017-05-12,831.658,833.854,818.997,833.853,7487
2017-05-15,829.061,829.061,816.57,816.57,12902
2017-05-16,816.799,837.671,814.32,837.355,54707
2017-05-17,838.277,840.643,834.267,840.643,16980
2017-05-18,840.326,840.326,828.139,831.275,8307
2017-05-19,829.61,836.463,829.527,833.64,7992
2017-05-22,833.64,834.192,831.976,832.165,9289
2017-05-23,832.165,836.037,832.165,834.591,4022
2017-05-24,834.479,835.302,829.152,833.229,3089
2017-05-26,836.588,840.84,831.966,836.655,28646
2017-05-29,836.656,848.123,836.291,846.363,25451
2017-05-30,847.1,860.176,847.1,855.763,41411
2017-05-31,846.876,851.606,842.103,851.434,39667
2017-06-01,851.434,857.095,847.635,855.327,25007
2017-06-02,857.036,861.723,856.341,858.592,20080
2017-06-05,859.594,859.942,856.817,857.265,12440
2017-06-06,857.45,857.5,849.096,849.096,31757
2017-06-07,849.82,859.438,849.82,852.782,20920
2017-06-08,852.782,855.298,850.19,851.148,18138
2017-06-09,852.585,852.585,847.401,850.73,19333
2017-06-12,850.916,850.916,848.188,848.188,13806
2017-06-13,848.326,858.22,847.847,858.221,19966
2017-06-14,854.13,855.89,851.198,853.58,39266406
2017-06-15,857.216,968.761,855.626,925.025,1758440
2017-06-16,924.523,928.827,919.744,919.744,209920
2017-06-19,918.421,936.429,918.421,935.708,570998
2017-06-20,935.708,938.268,934.387,934.387,15298
2017-06-21,935.186,944.287,935.186,941.928,21419
2017-06-22,941.943,945.605,941.943,942.562,22303
2017-06-26,945.774,950.872,935.997,947.202,52025
2017-06-27,947.922,953.441,942.928,950.437,80453
2017-06-28,951.039,960.153,949.479,955.207,41017
2017-06-29,951.613,951.756,944.995,951.756,28459
2017-06-30,963.526,970.214,955.853,970.214,26650
2017-07-03,969.558,989.893,967.443,972.175,43925
2017-07-04,971.073,972.314,961.115,966.737,30306
2017-07-05,969.593,972.536,967.748,969.157,33075
2017-07-06,967.376,973.868,962.795,965.564,21429
2017-07-07,960.371,971.88,960.371,971.756,28199
2017-07-10,972.625,980.668,971.756,980.505,14902
2017-07-11,980.505,983.463,976.097,981.09,46855
2017-07-12,980.831,984.931,977.55,982.001,32710
2017-07-13,979.939,983.359,979.705,979.705,61664
2017-07-14,979.709,979.714,976.722,979.577,26065
2017-07-17,984.35,987.367,979.586,981.918,48486
2017-07-18,982.314,985.597,982.314,982.771,71386
2017-07-19,982.344,989.642,982.344,988.857,788931
2017-07-20,988.857,997.774,988.857,993.461,19280
2017-07-21,993.461,997.416,991.777,994.856,90207
2017-07-24,994.856,996.557,986.769,990.595,337079
2017-07-25,990.595,994.009,989.241,992.743,19175
2017-07-26,992.743,993.309,985.094,986.858,232477
2017-07-27,986.858,990.045,978.316,990.007,16419
2017-07-28,991.496,996.659,990.709,992.532,502713
2017-07-31,993.277,996.791,989.984,989.984,32337
2017-08-01,990.176,996.322,990.176,994.696,43379
2017-08-02,995.318,999.85,994.074,998.176,45649
2017-08-03,998.176,1001.1,998.176,1000.98,11499
2017-08-04,1000.61,1003.13,997.213,1003.01,35726
2017-08-07,1003.18,1003.98,1002.43,1003.98,26365
2017-08-08,1003.22,1003.83,999.09,1000.93,33125
2017-08-09,1000.73,1007.34,1000.73,1006.24,69005
2017-08-10,1006.84,1010.41,998.81,998.887,48909
2017-08-11,998.887,1000.04,996.058,996.646,130278
2017-08-14,996.658,1000.97,996.658,998.023,856899
2017-08-15,998.023,1001.58,996.254,1001.58,2404892
2017-08-16,1001.45,1005.04,995.773,1004.31,90702
2017-08-17,1004.31,1014.48,1002.95,1012.37,53531
2017-08-18,1010.9,1021.21,1007.19,1014.09,153533
2017-08-21,1016.07,1017.61,1013.02,1013.02,131574
2017-08-22,1013.02,1020.88,1012.83,1017.2,30132
2017-08-23,1017.7,1026.25,1017.45,1023.88,56614
2017-08-24,1025.7,1026.86,1022.05,1026.86,29503
2017-08-25,1024.27,1028.64,1021.41,1021.41,15951
2017-08-28,1021.37,1027.02,1020.58,1023.83,30525
2017-08-29,1018.13,1021.24,1013.81,1014.28,43650
2017-08-30,1015.87,1015.87,1006.86,1008.94,67550
2017-08-31,1009.77,1009.83,989.758,992.494,99289
2017-09-01,992.494,992.859,980.904,992.859,22323
2017-09-04,992.859,999.093,992.859,997.265,16317
2017-09-05,997.218,1004.78,997.218,1002.85,21249
2017-09-06,1003.1,1003.1,996.483,996.483,28543
2017-09-07,996.483,997.904,995.252,996.182,13991
2017-09-08,996.182,996.806,989.393,993.354,16558
2017-09-11,993.932,997.115,990.956,990.956,20498
2017-09-12,990.956,993.375,987.19,987.945,27594
2017-09-13,988.428,988.428,987.069,988.203,12433
2017-09-14,988.203,997.844,988.203,997.698,17638
2017-09-15,997.698,1002.9,997.428,1001.37,5197
2017-09-18,999.5,1000.77,997.392,999.058,19217
2017-09-19,999.436,1001.12,997.271,997.632,53795
2017-09-20,997.632,997.632,992.192,992.192,18475
2017-09-21,993.609,994.668,992.833,992.832,31492
2017-09-22,992.833,994.102,991.277,991.277,15801
2017-09-25,991.8,998.806,991.8,992.736,21218
2017-09-26,992.736,1005.88,990.751,1005.29,21044
2017-09-27,1005.29,1005.29,991.153,994.981,7697
2017-09-28,993.925,1001.09,993.925,1001.09,4168
2017-09-29,1001.09,1016.13,997.507,998.909,15499
2017-10-02,1001.73,1001.73,998.651,998.651,18354
2017-10-03,998.657,1000.67,992.873,994.338,34135
2017-10-04,994.338,994.808,990.647,994.141,10682
2017-10-05,992.268,995.941,992.268,995.741,18259
2017-10-06,992.771,997.014,992.489,997.014,6285
2017-10-09,997.027,1000.7,995.951,998.101,19279
2017-10-10,998.431,1010.75,995.974,995.974,20382
2017-10-11,997.172,1005.98,992.273,992.273,16355
2017-10-12,992.511,997.759,992.499,997.52,18496
2017-10-13,997.52,1020.18,997.52,1019.94,23349
2017-10-16,1019.05,1021.03,1014.86,1018.71,13766
2017-10-17,1017.25,1020.07,1013.97,1020.07,26258
2017-10-18,1022.8,1023.6,1019.94,1022.49,14241
2017-10-19,1022.49,1024.69,1019.59,1024.19,18027
2017-10-20,1024.26,1024.26,1016.57,1017.17,8342
2017-10-23,1008.47,1012.22,1007.69,1011.96,10415
2017-10-24,1011.96,1020.42,1009.91,1020.42,10902
2017-10-25,1021.21,1021.83,1013.7,1017.11,26956
2017-10-26,1017.11,1020.06,1016.16,1019.29,16657
2017-10-27,1019.67,1020.27,1018.43,1019.18,10438
2017-10-30,1019.18,1020.76,1016.16,1020.01,9831
2017-10-31,1020.01,1023.85,1020.01,1021.68,20564
2017-11-01,1020.78,1024.89,1018.6,1024.89,13197
2017-11-02,1024.89,1024.93,1022.13,1024.26,17199
2017-11-03,1024.26,1026,1023.83,1024.34,26744
2017-11-06,1026.84,1026.84,1022.05,1024.68,7342
2017-11-07,1024.68,1027.57,1023.74,1025.37,72717
2017-11-08,1024.95,1036.09,1023.47,1026.4,20659
2017-11-09,1029.43,1038.74,1029.28,1038.74,8321
2017-11-10,1038.74,1038.74,1032.21,1032.21,9900
2017-11-13,1033.74,1034.69,1025.86,1032.6,6366
2017-11-14,1032.6,1035.65,1030.55,1035.65,18429
2017-11-15,1035.65,1036.52,1032.91,1032.91,9346
2017-11-16,1029.48,1033.92,1023.83,1031.61,17689
2017-11-17,1031.45,1036.71,1028.99,1036.67,13467
2017-11-21,1036.67,1044.89,1031.51,1031.51,12415
2017-11-22,1031.63,1040.95,1029.64,1033.95,26991
2017-11-23,1040.57,1041.47,1033.33,1040.76,24840
2017-11-24,1040.48,1046.64,1037.44,1046.64,42507
2017-11-27,1043.27,1043.27,1040.13,1041.81,24596
2017-11-28,1041.81,1041.81,1031.35,1036.19,43243
2017-11-29,1035.81,1054.88,1035.81,1039,89568
2017-11-30,1054.8,1074.6,1044.88,1052.78,55914
2017-12-01,1045.34,1045.34,1022.54,1023.91,17392
2017-12-04,1024.23,1039.18,1023.23,1038.6,14787
2017-12-05,1039.21,1039.21,1028.73,1034.08,7002
2017-12-06,1037.79,1037.79,1024.32,1026.59,23973
2017-12-07,1025.64,1026.35,1019.28,1020.83,19856
2017-12-08,1026.49,1026.49,1016,1018.18,36750
2017-12-11,1019.72,1020.86,998.89,1008,123887
2017-12-12,1010.85,1020.51,1010.85,1019.6,16983
2017-12-13,1019.6,1025.06,1018.04,1025.04,32341
2017-12-14,1025.48,1025.48,1008.12,1008.57,37563
2017-12-15,1010.47,1018.17,1010.47,1018.17,24592
2017-12-18,1018.55,1024.86,1016.22,1016.6,27790
2017-12-19,1018.76,1020.35,1007.14,1009.95,32003
2017-12-20,1008.83,1008.83,1005.26,1005.42,16476
2017-12-21,998.449,1006.68,992.702,993.012,297648
2017-12-22,993.772,998.447,993.582,998.447,23906
2017-12-27,999.453,1002.76,992.928,992.928,77089
2017-12-28,992.358,1001.62,992.358,1000.88,40468
2017-12-29,1000.88,1002.52,994.713,996.133,47372
2018-01-02,993.908,1001.45,993.908,1001.45,17542
2018-01-03,1001.45,1009.2,1001.45,1002.64,15074
2018-01-04,1001.69,1013.67,1001.69,1013.67,11607
2018-01-05,1016.25,1030.61,1015.43,1028.2,35144
2018-01-08,1030.9,1034.91,1030.37,1031.57,23482
2018-01-09,1032.01,1032.01,1027.12,1029.27,21654
2018-01-10,1032.69,1036.03,1026.34,1030.87,18914
2018-01-11,1030.87,1037.26,1027.44,1027.44,11146
2018-01-12,1020.61,1029.78,1020.61,1029.78,4637
2018-01-15,1029.78,1031.24,1023.6,1025.5,17136
2018-01-16,1025.76,1025.76,1022.44,1023.92,17494
2018-01-17,1025.13,1032.05,1025.13,1027,16675
2018-01-18,1027,1033.42,1027,1033.02,9313
2018-01-19,1036.44,1046.33,1036.44,1040.25,10038
2018-01-22,1041.24,1041.52,1038.67,1038.67,5731
2018-01-23,1038.67,1042.11,1035.55,1037.19,11674
2018-01-24,1037.22,1038.74,1031.25,1031.48,34717
2018-01-25,1031.48,1039.68,1025.61,1039.68,75871
2018-01-26,1039.28,1039.45,1022.87,1034.9,165528
2018-01-29,1034.48,1035.62,1033.29,1035.62,61580
2018-01-30,1035.62,1036.16,1027.89,1036.16,27303
2018-01-31,1035.76,1035.76,1034.53,1034.54,33866
2018-02-01,1034.52,1040.56,1034.52,1040.09,31693
2018-02-02,1040.09,1040.09,1018.85,1020.82,19688
2018-02-05,1020.76,1020.85,1017.42,1018.87,14616
2018-02-06,1008.45,1008.64,996.29,1001.93,48867
2018-02-07,1004.62,1020.19,1004.62,1015.71,23464
2018-02-08,1012.29,1013.85,1010.08,1010.08,114148
2018-02-09,1008.17,1008.17,994.381,998.162,31022
2018-02-12,998.564,1001.27,998.012,1000,10033
2018-02-13,999.9,1004.78,999.8,1003.91,17737
2018-02-14,1005.9,1023.42,1005.46,1023.1,3409
2018-02-15,1023.1,1024.86,1022.54,1024.36,22194
2018-02-16,1024.36,1031.92,1023.21,1031.92,24335
2018-02-19,1021.74,1023.12,1018.64,1022.5,8293
2018-02-20,1023.43,1025.99,1021.34,1024.26,3327
2018-02-21,1024.26,1025.75,1019.26,1019.26,15234
2018-02-22,1019.01,1019.01,1013.03,1014.68,11218
2018-02-23,1014.79,1023.15,1014.79,1021.34,3060
2018-02-26,1021.03,1028.37,1019.61,1026.77,11082
2018-02-27,1025.32,1026.21,1021.71,1026.21,5256
2018-02-28,1033.78,1037.02,1031.15,1034.14,25526
2018-03-01,1033.84,1038.54,1020.29,1020.29,46528
2018-03-02,1020.29,1027.34,1015.38,1027.02,17064
2018-03-05,1039.7,1039.7,1035.4,1036.08,3849
2018-03-06,1038,1042.31,1037.21,1041.69,39024
2018-03-07,1042.17,1044.33,1021.44,1023.18,5417
2018-03-08,1044.31,1044.68,1043.99,1043.99,7063
2018-03-09,1045.48,1045.71,1044.26,1045.29,3279
2018-03-12,1046.34,1047.02,1016.98,1016.98,11608
2018-03-13,1016.98,1041.24,1015.2,1040.71,8779
2018-03-14,1040.71,1041.44,1038.46,1038.71,5701
2018-03-15,1040.38,1040.38,1035.51,1035.51,2093
2018-03-16,1035.51,1035.51,1029.48,1029.8,10510
2018-03-19,1030.04,1035.1,1025.55,1032.55,17422
2018-03-20,1033.72,1048.35,1033.72,1048.35,14327
2018-03-21,1049.63,1049.63,1036.86,1036.91,8480
2018-03-22,1038.09,1053.68,1036.38,1038.33,12048
2018-03-23,1037.21,1050.1,1037.21,1040.16,40742
2018-03-26,1040.16,1042.26,1039.71,1040.43,11635
2018-03-27,1040.43,1042.4,1039.57,1040.34,4599
2018-03-28,1042.93,1043.9,1038.14,1039.37,3899
2018-03-29,1044.77,1046.18,1041.56,1046.18,7654
2018-04-03,1050.74,1050.74,1041.5,1044.35,12650
2018-04-04,1044.35,1044.79,1036.14,1042.26,31311
2018-04-05,1042.26,1042.3,1030.01,1031.61,17526
2018-04-06,1031.61,1040.68,1030.42,1040.68,5001
2018-04-09,1040.68,1040.68,1026.58,1029.18,11534
2018-04-10,1029.43,1045.06,1029.43,1045.06,5154
2018-04-11,1045.06,1051.84,1031.37,1031.4,16710
2018-04-12,1032.58,1035.56,1031.39,1035.32,5648
2018-04-13,1044.05,1044.05,1033.25,1041.7,3255
2018-04-16,1051.3,1052.47,1034.19,1036.38,4576
2018-04-17,1036.45,1041.68,1034.48,1041.68,5736
2018-04-18,1041.68,1054.36,1041.68,1054.36,150
2018-04-19,1054.36,1062.93,1049.65,1051.7,10329
2018-04-20,1055.79,1056.16,1049.93,1051.53,5956
2018-04-23,1052.71,1052.71,1048.21,1048.71,6199
2018-04-24,1048.71,1049.88,1046.1,1046.1,4247
2018-04-25,1046.1,1050.68,1046.1,1047.34,6958
2018-04-26,1047.34,1061.53,1047.34,1061.53,81931
2018-04-27,1062.68,1062.68,1036.98,1039.17,4139
2018-05-02,1038.07,1143.65,1037.94,1118.04,14309
2018-05-03,1118.04,1118.04,1029.93,1031,2245
2018-05-07,1111.54,1111.54,1032.3,1036.31,16957
2018-05-08,1036.95,1049.49,1036.89,1046.69,9762
2018-05-09,1047.43,1047.92,1046.13,1047.76,14508
2018-05-11,1047.76,1071.77,1046.07,1071.77,14378
2018-05-14,1071.5,1071.5,1069.31,1069.31,2848
2018-05-15,1068.09,1068.09,1039.6,1041.95,14974
2018-05-16,1041.49,1073.15,1041.49,1073.15,8019
2018-05-17,1039.23,1067.63,1036.53,1040.8,45781
2018-05-18,1040.8,1048.62,1038.66,1047.11,22648
2018-05-21,1046.24,1047.73,1033.73,1037.29,11588
2018-05-22,1037.29,1041.26,1034.69,1040.77,32435
2018-05-23,1040.89,1045.69,1036.85,1038.72,9798
2018-05-24,1038.72,1040.93,1038.05,1038.55,35473
2018-05-25,1038.75,1049.53,1034.03,1049.21,13953
2018-05-28,1048.36,1062,1048.36,1058.55,71162
2018-05-29,1058.55,1059.32,1046.23,1046.23,51764
2018-05-30,1046.45,1062.3,1045.14,1058.62,88705
2018-05-31,1058.71,1059,1054.84,1058.17,39655
2018-06-01,1044.49,1050.08,1040.98,1044.19,26761
2018-06-04,1048.44,1052.83,1045.07,1046.03,3064
2018-06-05,1046.22,1052,1042.32,1048.06,5695
2018-06-06,1048.06,1050.41,1044.5,1047.17,8178
2018-06-07,1047.17,1048.15,1046.01,1047.21,7995
2018-06-08,1047.85,1047.88,1038.18,1038.18,12230
2018-06-11,1036.78,1037.74,1035.18,1035.18,3935
2018-06-12,1035.38,1044.42,1034.25,1042.07,2778
2018-06-13,1042.07,1057.4,1042.07,1055.05,9665
2018-06-14,1055.05,1058.55,1049.95,1050.05,10693
2018-06-15,1050.05,1050.35,1041.28,1041.28,12403
2018-06-18,1041.58,1050.72,1041.5,1050.18,5730
2018-06-19,1049.21,1049.21,1029.44,1029.44,16029
2018-06-20,1029.44,1051.36,1028.56,1049.8,13417
2018-06-21,1049.8,1057.37,1049.8,1056.93,4688
2018-06-22,1056.93,1060.99,1056.93,1059.59,6374
2018-06-25,1059.59,1059.88,1059.59,1059.69,9060
2018-06-26,1058.51,1059.93,1055.4,1058.9,20097
2018-06-27,1057.51,1057.51,1049.3,1050.76,22863
2018-06-28,1046.63,1056.48,1046.11,1055.33,20471
2018-06-29,1054.37,1058.39,1054.37,1057.31,1986
2018-07-02,1076.29,1076.29,1033.71,1037.94,2369
2018-07-03,1037.94,1042.14,1036.93,1041.13,5136
2018-07-04,1041.54,1041.54,1037.32,1037.32,3917
2018-07-05,1035.3,1037.79,1032.28,1037.79,8971
2018-07-06,1038.3,1038.31,1036.9,1036.9,26062
2018-07-10,1031.57,1057.64,1030.33,1055.61,6584
2018-07-11,1055.61,1055.71,1049.75,1050.16,17224
2018-07-12,1050.16,1050.16,1048.61,1048.81,13181
2018-07-13,1050.17,1054.68,1046.16,1046.16,27115
2018-07-16,1047.39,1047.39,1022.77,1022.77,9453
2018-07-17,1020.29,1032.93,1017.67,1032.52,4864
2018-07-18,1030.12,1033.9,1029.82,1029.82,6311
2018-07-19,1029.92,1046.31,1026.98,1027.97,17997
2018-07-20,1029.21,1033.26,1027.03,1030.95,38183
2018-07-23,1031.79,1031.79,1016.99,1016.99,7481
2018-07-24,1016.04,1016.95,1011.64,1014.23,14542
2018-07-25,1014.23,1015.41,998.797,1014.04,10942
2018-07-26,1014.04,1029.4,1007.42,1010.41,8941
2018-07-27,1010.31,1013.16,996.008,996.008,5722
2018-07-30,995.971,995.971,992.836,994.538,2402
2018-07-31,994.538,1027.02,994.538,1027.02,7666
2018-08-01,1027.02,1027.02,1023.22,1023.22,3410
2018-08-02,1024.17,1029.42,1024.17,1028.29,25066
2018-08-03,1028.29,1028.3,1022.56,1022.56,4398
2018-08-06,1014.23,1023.54,1014.23,1021.18,17435
2018-08-07,1022.34,1022.34,1008.34,1009.5,5244
2018-08-08,1009.69,1012.53,1005.76,1009.93,5064
2018-08-09,1009.92,1009.92,1000.14,1005.49,5821
2018-08-10,1005.49,1006.36,1004.73,1006.36,44805
2018-08-13,1006.05,1006.05,988.403,998.117,20628
2018-08-14,998.117,998.331,993.635,996.62,23936
2018-08-15,997.88,999.62,996.125,996.222,11504
2018-08-16,994.074,999.69,993.293,999.133,21659
2018-08-17,999.231,1001.02,999.134,1000.51,9937
2018-08-20,1000.61,1002.01,997.555,997.555,16655
2018-08-21,997.457,1002.44,996.849,997.219,15783
2018-08-22,999.11,1001.02,999.11,1000.51,9251
2018-08-23,1000.51,1000.51,994.028,995.088,21980
2018-08-24,995.088,995.088,975.617,975.617,14639
2018-08-27,975.909,989.344,973.441,973.592,7304
2018-08-28,973.276,985.88,973.276,983.958,11034
2018-08-29,983.958,985.219,975.429,977.635,23960
2018-08-30,977.635,981.683,976.849,981.683,12239
2018-08-31,984.204,987.568,969.95,979.006,28256
2018-09-03,974.354,977.055,972.891,973.428,5591
2018-09-04,970.703,970.703,960.493,963.045,11057
2018-09-05,959.572,964.51,957.256,960.836,12628
2018-09-06,964.85,964.85,952.285,957.662,16009
2018-09-07,957.662,964.652,954.749,954.749,5885
2018-09-10,954.906,961.303,951.021,952.179,26616
2018-09-11,952.634,960.631,951.473,959.47,22083
2018-09-12,976.896,983.86,975.736,977.365,12710
2018-09-13,977.461,988.863,977.046,979.196,14873
2018-09-14,979.196,983.37,963.292,964.551,9045
2018-09-17,967.621,967.816,960.497,965.515,11058
2018-09-18,967.953,989.063,967.953,989.063,14540
2018-09-19,987.902,988.534,973.632,983.547,28878
2018-09-20,986.56,989.359,986.56,986.722,6582
2018-09-21,986.708,989.995,986.708,989.364,3244
2018-09-25,981.485,983.231,980.91,980.91,8502
2018-09-26,980.91,985.783,980.91,985.783,3111
2018-09-27,985.783,986.411,979.459,979.459,2765
2018-09-28,980.62,986.277,976.748,977.909,15729
2018-10-01,977.909,982.996,973.107,975.69,16046
2018-10-02,986.495,991.301,986.098,986.885,6039
2018-10-03,989.316,989.316,979.043,979.043,3740
2018-10-04,979.043,981.567,978.847,981.567,3855
2018-10-05,980.403,980.403,973.487,977.104,6946
2018-10-08,977.104,992.19,976.614,981.095,11177
2018-10-09,980.946,980.962,949.134,963.547,17128
2018-10-10,963.547,963.547,946.791,962.129,14628
2018-10-11,960.966,960.966,915.616,915.616,27873
2018-10-12,914.28,935.99,914.28,935.357,8294
2018-10-15,935.357,950.686,933.058,948.682,12305
2018-10-16,954.122,955.166,946.308,947.501,7365
2018-10-17,947.501,947.501,944.169,947.152,13024
2018-10-18,946.519,969.076,943.621,968.978,10503
2018-10-19,967.807,967.807,963.236,963.236,7808
2018-10-22,963.236,969.385,938.436,938.534,14201
2018-10-23,938.534,942.429,936.193,941.288,9383
2018-10-24,941.288,943.933,939.439,942.658,6119
2018-10-25,941.883,942.52,935.395,938.339,35467
2018-10-26,938.657,942.253,937.487,940.255,14772
2018-10-29,940.863,950.005,940.863,946.804,11674
2018-10-30,946.804,952.426,935.719,935.719,4676
2018-10-31,936.89,954.194,935.719,952.601,10814
2018-11-01,953.817,954.711,953.817,954.711,1545
2018-11-02,954.711,957.036,953.524,957.036,6663
2018-11-05,957.036,957.036,947.446,952.329,9061
2018-11-06,954.713,954.713,950.687,950.686,3934
2018-11-07,950.687,952.844,949.267,949.944,2189
2018-11-08,950.96,959.419,937.486,949.02,20182
2018-11-09,949.021,957.602,947.805,949.658,5293
2018-11-12,952.119,955.342,948.122,950.065,7323
2018-11-13,950.187,950.187,946.548,949.073,4195
2018-11-14,949.073,963.695,940.414,963.695,4178
2018-11-15,962.502,962.502,930.583,931.08,15316
2018-11-16,932.059,942.173,931.562,941.643,18821
2018-11-20,941.643,953.478,938.11,938.431,102432
2018-11-21,934.712,954.095,930.79,953.568,19112
2018-11-22,953.083,956.558,949.354,953.46,32272
2018-11-23,954.914,955.031,949.583,953.327,14210
2018-11-26,953.228,956.481,953.228,953.674,25209
2018-11-27,953.674,953.674,932.627,932.627,8178
2018-11-28,936.03,951.01,935.83,947.591,19680
2018-11-29,950.99,956.78,938.6,941.378,9858
2018-11-30,940.2,956.06,940.2,955.741,16913
2018-12-03,955.986,964.231,955.986,958.197,19904
2018-12-04,957.018,961.892,956.056,961.25,8263
2018-12-05,965.346,965.346,951.497,951.497,23964
2018-12-06,951.497,952.881,950.483,951.002,13450
2018-12-07,951.323,963.492,949.657,961.146,18166
2018-12-10,956.908,960.184,946.076,959.272,35234
2018-12-11,959.272,960.189,946.298,946.298,30471
2018-12-12,946.298,965.066,946.298,965.066,7121
2018-12-13,965.066,970.283,965.066,970.254,17665
2018-12-14,974.492,974.492,963.534,963.534,20750
2018-12-17,969.907,969.907,950.843,950.905,10556
2018-12-18,951.705,965.222,944.984,945.183,23747
2018-12-19,945.183,954.661,944.967,953.022,20481
2018-12-20,953.022,958.864,951.968,957.528,28998
2018-12-21,958.025,959.629,937.525,937.525,36270
2018-12-27,938.587,944.668,935.099,944.668,23770
2018-12-28,939.823,943.08,928.374,929.016,11599
2019-01-02,928.614,934.69,928.614,930.773,5542
2019-01-03,943.487,953.256,941.958,953.256,9409
2019-01-04,952.759,953.721,941.008,944.499,23747
2019-01-07,944.399,959.146,944.399,952.645,24879
2019-01-08,952.645,972.514,952.608,972.048,14217
2019-01-09,971.881,971.881,955.071,956.418,5902
2019-01-10,956.331,961.747,956.033,961.747,17354
2019-01-11,961.747,963.887,956.202,959.008,32457
2019-01-14,969.625,975.95,967.353,975.744,14461
2019-01-15,967.269,971.606,967.269,969.887,8492
2019-01-16,968.067,975.676,968.067,973.048,6585
2019-01-17,973.048,978.522,973.048,977.88,14144
2019-01-18,979.059,985.938,979.059,983.997,22992
2019-01-21,984.394,988.523,980.048,980.048,9787
2019-01-22,980.247,980.247,967.748,967.748,13805
2019-01-23,967.263,976.013,967.263,975.625,6350
2019-01-24,976.333,988.567,975.043,988.567,25926
2019-01-25,989.85,1003.77,981.048,983.935,21232
2019-01-28,981.37,987.4,980.25,983.26,18184
2019-01-29,982.081,985.897,981.087,983.652,28685
2019-01-30,982.626,987.461,982.626,987.461,9141
2019-01-31,995.937,998.244,989.768,989.768,5497
2019-02-01,989.768,994.41,985.369,994.327,9649
2019-02-04,994.811,1002.79,994.72,1000.86,21692
2019-02-05,1000.86,1007.11,1000.86,1002.51,17770
2019-02-06,1006.51,1007.43,996.091,1002.08,23501
2019-02-07,1002.08,1002.08,997.87,997.87,14537
2019-02-08,989.395,998.367,989.395,993.096,11493
2019-02-11,993.095,998.625,993.095,997.55,34734
2019-02-12,997.55,997.754,988.845,991.001,29632
2019-02-13,990.517,992.175,982.409,984.968,7869
2019-02-14,985.938,990.785,975.478,980.917,18917
2019-02-15,981.238,985.833,977.357,979.817,7472
2019-02-18,984.531,996.847,984.531,988.911,15004
2019-02-19,987.732,989.551,987.091,989.23,14096
2019-02-20,988.733,994.033,987.45,992.855,5760
2019-02-21,991.676,991.936,984.26,984.26,23989
2019-02-22,984.26,989.428,983.081,989.428,8661
2019-02-25,989.379,994.024,989.379,992.146,5938
2019-02-26,993.324,993.324,990.575,990.575,6403
2019-02-27,990.575,994.477,986.337,994.444,23324
2019-02-28,990.21,992.59,984.08,992.592,15046
2019-03-01,992.592,992.592,973.86,975.36,30931
2019-03-04,977.928,985.792,977.928,983.372,11364
2019-03-05,988.572,988.572,980.951,980.951,2740
2019-03-06,978.84,988.72,978.84,988.178,9716
2019-03-07,989.356,989.356,987,988.289,11610
2019-03-08,988.289,990.309,987.111,988.793,27031
2019-03-11,989.252,993.49,983.622,985.222,13716
2019-03-12,985.222,989.46,977.289,977.289,5919
2019-03-13,976.327,986.27,975.157,985.872,6475
2019-03-14,985.872,985.872,983.582,983.582,6644
2019-03-15,983.504,984.669,983.386,984.669,3214
2019-03-18,981.141,981.564,977.162,981.564,8352
2019-03-19,973.573,975.116,966.738,970.66,28124
2019-03-20,970.585,974.527,970.493,972.17,34260
2019-03-21,972.17,981.907,972.17,978.169,6403
2019-03-22,978.097,980.295,977.135,977.729,38993
2019-03-25,977.478,978.925,970.449,970.449,23940
2019-03-26,970.449,971.628,969.891,969.975,5887
2019-03-27,974.519,974.519,968.447,968.447,34286
2019-03-28,968.589,971.52,968.589,971.519,17321
2019-03-29,970.838,980.325,970.671,978.985,5217
2019-04-01,976.562,978.985,976.562,978.985,5003
2019-04-02,978.993,982.758,978.993,982.758,14656
2019-04-03,978.49,983.898,973.897,973.898,8274
2019-04-04,973.897,978.832,969.852,978.832,26205
2019-04-05,976.616,995.872,972.378,983.158,11868
2019-04-08,983.629,988.585,982.851,983.101,7486
2019-04-09,983.948,986.023,977.125,977.125,26793
2019-04-10,977.125,980.713,976.373,979.327,32096
2019-04-11,980.129,985.555,968.577,968.577,28265
2019-04-12,968.577,969.049,961.93,963.178,17143
2019-04-15,963.178,1028.31,963.178,1017.16,109239
2019-04-16,1018.76,1024.99,1018.27,1021.52,121655
2019-04-17,1021.99,1022.49,1015.75,1016.33,49088
2019-04-18,1016.33,1018.12,1014.25,1016.51,22666
2019-04-23,1016.51,1016.9,1013.08,1014.66,43862
2019-04-24,1018.66,1021.6,1017.04,1020.7,39873
2019-04-25,1021.64,1033.49,1021.64,1032.45,28622
2019-04-26,1031.98,1032.15,1024,1029.51,56629
2019-04-29,1029.51,1030.93,1026.19,1026.19,15521
2019-04-30,1026.66,1027.39,1024.48,1026.53,22787
2019-05-02,1024.45,1027.05,1024.15,1027.05,23777
2019-05-03,1025.44,1029.11,1024.08,1028.36,37584
2019-05-07,1026.95,1031.4,1023.96,1031.4,35121
2019-05-08,1030.93,1031.4,1010.67,1012.78,53955
2019-05-09,1012.78,1021.96,1008.63,1021.96,32928
2019-05-10,1022.15,1025.79,1021.68,1025.79,22232
2019-05-13,1025.79,1025.79,1015.67,1017.28,13048
2019-05-14,1017.28,1017.28,1013.71,1015.67,17146
2019-05-15,1018.07,1021.1,1012.81,1021.1,66491
2019-05-16,1019.79,1033,1014.98,1027.27,21111
2019-05-17,1028.87,1028.92,1021.06,1025.55,12993
2019-05-20,1021.37,1027.85,1021.37,1027.85,4187
2019-05-21,1028.64,1028.94,1021.97,1025.18,16091
2019-05-22,1025.18,1027.24,1022.1,1022.25,24855
2019-05-23,1022.25,1029.68,1019.58,1022.79,27203
2019-05-24,1024.06,1035.67,1024.06,1029.22,56352
2019-05-27,1028.75,1032.25,1025.63,1032.25,29253
2019-05-28,1032.25,1037.04,1030.72,1037.04,38653
2019-05-29,1037.63,1045.92,1031.83,1043.85,43930
2019-05-31,1047.37,1054.8,1042,1051.03,52113
2019-06-03,1059.8,1070.35,1058.22,1059.83,75755
2019-06-04,1060.77,1067.9,1054.4,1065.47,43349
2019-06-05,1066.42,1066.42,1056.34,1057.65,11656
2019-06-06,1059.25,1070.52,1059.25,1070.52,5481
2019-06-07,1070.52,1070.94,1065.93,1068.46,6298
2019-06-10,1072.13,1072.13,1062.36,1068.97,24012
2019-06-11,1068.48,1069.43,1058.17,1069.43,5628
2019-06-12,1069.43,1079.7,1069.43,1078.32,32131
2019-06-13,1078.33,1080.72,1075.49,1078.68,24083
2019-06-14,1078.68,1081.51,1070.05,1073.19,15886
2019-06-17,1073.19,1073.19,1066.59,1066.59,6966
2019-06-18,1073.85,1073.85,1014.76,1023.83,22524
2019-06-19,1023.83,1028.37,1018.82,1021.54,37893
2019-06-20,1021.07,1025.14,1019.14,1025.14,19745
2019-06-21,1025.14,1025.25,1015.25,1019.69,20262
2019-06-25,1019.72,1027.94,1019.33,1027.94,23706
2019-06-26,1026.6,1027.08,1022.44,1023.24,25649
2019-06-27,1023.24,1023.36,1019.71,1020.18,8055
2019-06-28,1021.594,1023.994,1021.586,1021.795,10210
2019-07-01,1021.78,1032.55,1020.98,1020.98,21082
2019-07-02,1020.98,1020.98,1004.79,1006.36,15878
2019-07-03,1020.16,1031.26,1011.3,1030.16,18489
2019-07-04,1030.16,1031.46,1008.26,1008.26,10386
2019-07-05,1008.76,1016.87,1007.32,1016.87,12644
2019-07-08,1022.23,1044.14,1015.28,1044.14,27378
2019-07-09,1044.14,1044.14,882.68,1020.7,20414
2019-07-10,1020.7,1030.03,1015.18,1017.09,24589
2019-07-11,1017.09,1027.81,1015.57,1024.18,30472
2019-07-12,1019.33,1033.2,1015.59,1017.29,56058
2019-07-15,1016.7,1016.7,1009.41,1009.46,73851
2019-07-16,1008.27,1021.69,1007.45,1019.27,10890
2019-07-17,1020.37,1024.19,1019.86,1024.19,2890
2019-07-18,1024.19,1035.28,1019.34,1031.76,27012
2019-07-19,1031.76,1040.46,1031.2,1034.91,25172
2019-07-22,1034.26,1034.26,1024.65,1025.79,5424
2019-07-23,1025.79,1037.72,1024.56,1032.6,14910
2019-07-24,1032.6,1032.6,1030.83,1031.13,11623
2019-07-25,1030.52,1033.67,1028.44,1033.67,9313
2019-07-26,1033.67,1038.26,1029.87,1032.21,27744
2019-07-29,1034.05,1052.57,1032.55,1052.57,13886
2019-07-30,1052.57,1057.4,1039.81,1039.88,14077
2019-07-31,1039.88,1039.88,1035.91,1038.95,9388
2019-08-01,1038.95,1046.1,1038.51,1042.61,16363
2019-08-02,1042.32,1045.37,1039.63,1043.33,15716
2019-08-05,1042.76,1045.96,1035.99,1040.93,21273
2019-08-06,1040.93,1040.93,1037.54,1037.73,15780
2019-08-07,1038.34,1040.19,1029.8,1032.42,27520
2019-08-08,1032.42,1037.75,1032.07,1037.36,17938
2019-08-09,1037.36,1039.39,1034.9,1038.64,9683
2019-08-12,1036.08,1036.21,1032.8,1033.96,7828
2019-08-13,1033.96,1036.49,1031.22,1031.22,17608
2019-08-14,1031.84,1047.33,1031.03,1047.33,25991
2019-08-15,1043.5,1043.5,1031.92,1033.37,9526
2019-08-16,1030.84,1033.31,1027.99,1033.31,30521
2019-08-19,1033.31,1039.62,1033.31,1035.36,36818
2019-08-20,1032.19,1037.48,1032.19,1037.48,10583
2019-08-21,1037.48,1037.48,1029.74,1030.42,9829
2019-08-22,1032.26,1041.48,1019.57,1019.57,29762
2019-08-23,1019.57,1034.39,1016.76,1022.32,16404
2019-08-26,1021.7,1024.46,1020.13,1024.46,8805
2019-08-27,1022.09,1024.09,1020.86,1023.01,24038
2019-08-28,1022.95,1023.9,1020.35,1023.9,17810
2019-08-29,1023.9,1042.51,1020.89,1020.89,11958
2019-08-30,1020.58,1023.31,1019.39,1021.84,50963
2019-09-02,1023.94,1024.74,1012.34,1021.24,63837
2019-09-03,1032.92,1034.37,1025.39,1031.37,75561
2019-09-04,1031.37,1033.93,1024.34,1024.71,60366
2019-09-05,1024.71,1025.38,1021.72,1023.82,57429
2019-09-06,1023.82,1025.9,1009.19,1013.9,39549
2019-09-09,1013.9,1024.69,1009.23,1021.13,147602
2019-09-10,1024.26,1025.95,1011.03,1011.37,44365
2019-09-11,1016.9,1019.08,1016.9,1017.27,50295
2019-09-12,1019.79,1029.16,1019.79,1029.16,34025
2019-09-13,1029.78,1035.13,1029.78,1034.52,12661
2019-09-16,1034.52,1034.73,1026.45,1027.68,10166
2019-09-17,1027.68,1032.59,1024.43,1024.43,8957
2019-09-18,1025.06,1025.06,1024.44,1024.86,1594
2019-09-19,1024.86,1024.86,1019.07,1024.46,4075
2019-09-20,1023.42,1025.11,1022.19,1024.59,7136
2019-09-23,1025.22,1028.28,1022.49,1026.37,18067
2019-09-24,1027.93,1027.93,1026.61,1027.23,12676
2019-09-25,1027.23,1027.89,1026,1027.76,1885
2019-09-26,1027.76,1028.37,1026.53,1027.76,14774
2019-09-27,1027.76,1027.78,1021.52,1027.67,4853
2019-09-30,1029.541,1032.15,1026.62,1028.482,7208
2019-10-01,1029.12,1035.44,1029.12,1035.44,4121
2019-10-02,1034.79,1037.1,1028.31,1037.1,4133
2019-10-03,1037.1,1038.67,1034.21,1034.21,24595
2019-10-04,1034.21,1037.72,1033.92,1037.72,5868
2019-10-07,1037.97,1038.59,1028.74,1028.94,6980
2019-10-08,1035.12,1036.67,1023.65,1027.3,23579
2019-10-09,1027.3,1028.83,1022.68,1024.53,20996
2019-10-10,1024.53,1036.7,1022.69,1036.7,18670
2019-10-11,1036.7,1036.7,1034.24,1036.08,7339
2019-10-14,1034.46,1038.16,1034.46,1036.18,17071
2019-10-15,1038.03,1038.64,1035.73,1035.73,9601
2019-10-16,1035.73,1038.27,1035.73,1037.26,8076
2019-10-17,1037.26,1038.87,1034.56,1038.87,15017
2019-10-18,1033.34,1033.95,1026.67,1026.67,8481
2019-10-21,1022.24,1030.55,1022.24,1030.55,19964
2019-10-22,1029.98,1039.77,1025.27,1038.19,48709
2019-10-23,1040.04,1040.04,1028.98,1031.11,5897
2019-10-24,1031.11,1036.77,1031.11,1033.6,10954
2019-10-25,1033.6,1033.6,1026.93,1026.93,2911
2019-10-28,1026.93,1038.48,1026.19,1032.95,2441
2019-10-29,1032.95,1032.95,1017.27,1023.92,24040
2019-10-30,1023.18,1023.93,1016.83,1019.44,9710
2019-10-31,1015.997,1025.672,1015.252,1025.446,5387
2019-11-04,1025.45,1025.45,1014.69,1016.11,3790
2019-11-05,1024.41,1024.41,1009.99,1011.88,6777
2019-11-06,1011.88,1013.72,1011.88,1013.49,8206
2019-11-07,1013.24,1015.3,1010.45,1012.1,26031
2019-11-08,1012.1,1023.49,1012.1,1022.05,8533
2019-11-11,1022.05,1024.31,1022.05,1022.47,3665
2019-11-12,1022.47,1030.41,1019.47,1019.47,7115
2019-11-13,1019.47,1025.53,1019.21,1025.53,14778
2019-11-14,1026.83,1028.79,1018.92,1028.3,11058
2019-11-15,1028.17,1037.94,1028.17,1033.21,11765
2019-11-19,1033.21,1038.47,1023.17,1038.47,54160
2019-11-20,1039.7,1040.32,1027.76,1028.99,13571
2019-11-21,1028.99,1038.27,1028.99,1033.63,7674
2019-11-22,1028.1,1040.14,1027.05,1033.38,11597
2019-11-25,1032.99,1041.42,1032.64,1033.76,39961
2019-11-26,1033.76,1033.76,1027.82,1029.05,13694
2019-11-27,1029.05,1030.63,1027.82,1030.63,7254
2019-11-28,1030.63,1031.75,1026.2,1031.75,13494
2019-11-29,1032.061,1046.366,1032.061,1044.951,62892
2019-12-02,1043.24,1047.94,1035.62,1037.46,23458
2019-12-03,1035.9,1040.12,1027.6,1040.12,1237
2019-12-04,1040.12,1040.12,1031.86,1031.86,7916
2019-12-05,1031.86,1035.42,1029.77,1034.8,7703
2019-12-06,1036.07,1037.14,1023.22,1024.72,20820
2019-12-09,1024.72,1036.64,1024.72,1030.52,34334
2019-12-10,1037.91,1041.48,1032.41,1038.37,37755
2019-12-11,1041.14,1044.35,1033.62,1035.62,11278
2019-12-12,1036.14,1039.6,1031.74,1038.37,6299
2019-12-13,1032.45,1038.44,1027.52,1037.83,5270
2019-12-16,1037.83,1041.15,1033.75,1041.15,19234
2019-12-17,1042.38,1042.99,1036.19,1039.28,15751
2019-12-18,1039.28,1040.26,1035.52,1036.75,17525
2019-12-19,1036.75,1044.33,1036.75,1043.46,42226
2019-12-20,1037.93,1037.93,1024.82,1030.61,57469
2019-12-23,1030.61,1031.9,1027.64,1028.87,3322
2019-12-27,1028.25,1037.85,1027.58,1028.84,8323
2019-12-30,1026.31,1036.24,1026.31,1036.15,13647
2020-01-02,1041.21,1041.28,1035.28,1038.21,30320
2020-01-03,1038.21,1038.6,1034.36,1037.25,8070
2020-01-06,1038.51,1039.8,1032.36,1038.18,13067
2020-01-07,1038.18,1043.26,1033.11,1034.95,15922
2020-01-08,1033.9,1042.13,1033.76,1040.71,20035
2020-01-09,1036.91,1040.07,1034.68,1039.61,8469
2020-01-10,1039.24,1042,1037.81,1038.12,24093
2020-01-13,1038.12,1040.16,1036.62,1039.15,3406
2020-01-14,1039.81,1040.43,1035.83,1040.02,9034
2020-01-15,1040.02,1040.07,1027.77,1028.39,16892
2020-01-16,1028.39,1038.73,1028.39,1034.73,5338
2020-01-17,1032.28,1040.56,1032.28,1040.34,2494
2020-01-20,1040.338,1040.338,1029.754,1038.546,11179
2020-01-21,1038.55,1038.55,1033.02,1033.63,5020
2020-01-22,1033.666,1038.85,1033.666,1037.552,13432
2020-01-23,1037.552,1037.552,1030.961,1032.077,9619
2020-01-24,1032.06,1033.98,1027.94,1033.98,8172
2020-01-27,1033.94,1035.59,1022.38,1025.5,15583
2020-01-28,1025.5,1031.34,1021.95,1021.95,8057
2020-01-29,1022.563,1040.946,1022.563,1040.946,6163
2020-01-30,1036.535,1036.665,1030.37,1031.86,4238
2020-01-31,1031.851,1041.52,1030.47,1041.52,31030
2020-02-03,1051.01,1053.36,1030.23,1049.13,15376
2020-02-04,1049.125,1059.137,1046.514,1059.137,19770
2020-02-05,1057.571,1064.898,1056.417,1060.395,12447
2020-02-06,1057.784,1061.961,1054.386,1060.538,8598
2020-02-07,1056.74,1063.95,1056.74,1063.95,13701
2020-02-10,1064.34,1064.34,1050.3,1060,12003
2020-02-11,1061.88,1062.08,1052.58,1054.33,17440
2020-02-12,1057.018,1057.65,1051.01,1054.847,24432
2020-02-13,1055.106,1063.911,1055.106,1061.846,19704
2020-02-14,1053.157,1053.157,1047.412,1049,20523
2020-02-17,1047.17,1048.94,1043,1048.94,38088
2020-02-18,1046.51,1052.74,1045.9,1052.74,32137
2020-02-19,1052.721,1054.551,1046.241,1046.241,12654
2020-02-20,1046.24,1051.98,1046.24,1048.42,12322
2020-02-21,1047.157,1050.723,1045.759,1048.985,4586
2020-02-24,1047.63,1047.63,1039.55,1039.55,15099
2020-02-25,1042.321,1042.321,1035.684,1036.212,8207
2020-02-26,1038.878,1038.878,1033.836,1038.296,6969
2020-02-27,1038.296,1039.292,1028.215,1028.863,11683
2020-02-28,1022.961,1024.319,993.294,1013.646,74724
2020-03-02,1029.014,1035.134,1014.525,1027.023,21514
2020-03-03,1027.639,1036.113,1024.055,1026.674,18223
2020-03-04,1026.523,1032.247,1025.227,1027.152,8972
2020-03-05,1028.027,1042.394,1027.804,1040.792,9098
2020-03-06,1036.789,1036.789,1007.813,1007.813,16387
2020-03-09,996.81,1009.185,983.57,984.942,38134
2020-03-10,982.791,995.3,982.791,992.018,17394
2020-03-11,992.418,992.548,972.289,975.055,141682
2020-03-12,968.848,968.848,827.497,828.112,49282
2020-03-13,850.984,942.695,833.972,934.499,27146
2020-03-16,925.214,931.656,834.279,894.381,26219
2020-03-17,903.978,908.745,843.165,846.978,12678
2020-03-18,874.029,878.921,849.408,873.798,10501
2020-03-19,877.391,892.885,875.485,891.261,14416
2020-03-20,894.525,899.538,870.152,870.541,32254
2020-03-23,883.513,883.513,860.886,867.887,11450
2020-03-24,865.534,880.259,865.534,876.473,12386
2020-03-25,875.84,895.219,875.84,894.586,24361
2020-03-26,891.411,901.252,882.433,895.173,4898
2020-03-27,897.635,904.165,897.02,903.584,14299
2020-03-30,905.465,905.894,885.672,896.155,12089
2020-03-31,897.452,905.774,895.695,904.457,17331
2020-04-01,900.891,908.694,897.863,907.095,5866
2020-04-02,910.891,917.975,906.261,916.71,7903
2020-04-03,916.819,916.819,912.832,914.184,5563
2020-04-06,915.458,935.473,915.457,935.473,8048
2020-04-07,944.083,984.273,944.083,984.273,33770
2020-04-08,984.273,992.714,983.541,991.976,21050
2020-04-09,991.378,993.656,989.873,992.314,15778
2020-04-14,980.632,995.322,977.615,978.534,9112
2020-04-15,1001.81,1002.822,993.711,995.964,9442
2020-04-16,982.391,994.94,981.997,994.94,7067
2020-04-17,996.916,1005.534,992.746,993.072,11324
2020-04-20,993.196,999.384,987.757,992.007,10865
2020-04-21,992.008,996.676,989.719,990.95,5031
2020-04-22,990.949,998.73,990.949,993.996,878
2020-04-23,995.843,1005.592,994.266,994.525,7021
2020-04-24,1000.059,1002.678,994.567,1001.318,4846
2020-04-27,1003.069,1004.649,991.572,1003.903,3611
2020-04-28,1000.88,1007.119,1000.88,1006.504,14829
2020-04-29,1007.363,1009.529,1004.205,1008.979,51490
2020-04-30,1010.21,1012.667,1002.359,1006.602,40963
2020-05-05,1009.065,1019.811,1007.506,1019.406,23457
2020-05-06,1019.406,1024.03,1016.9,1023.241,21840
2020-05-07,1023.76,1024.591,1017.774,1021.99,15292
2020-05-08,1022.605,1023.852,1018.412,1020.789,14511
2020-05-11,1021.308,1021.308,1008.763,1010.05,9218
2020-05-12,1011.925,1022.021,1010.419,1020.087,14937
2020-05-13,1020.087,1023.008,1013.219,1013.219,7928
2020-05-14,1014.969,1022.308,1014.401,1019.231,20186
2020-05-15,1018.265,1022.375,1017.746,1019.631,9647
2020-05-18,1019.761,1024.787,1011.311,1022.056,24765
2020-05-19,1022.785,1028.098,1022.3,1028.098,27727
2020-05-20,1027.759,1029.625,1021.606,1021.606,25345
2020-05-22,1026.288,1027.885,1020.745,1023.987,33912
2020-05-25,1023.021,1035.983,1021.257,1024.861,20056
2020-05-26,1025.007,1032.328,1024.392,1032.328,11888
2020-05-27,1032.742,1034.528,1026.626,1034.11,32698
2020-05-28,1034.888,1045.15,1034.888,1039.543,19590
2020-05-29,1040.904,1045.73,1030.569,1030.569,22847
2020-06-01,1029.267,1029.789,1024.925,1024.925,12002
2020-06-02,1041.244,1041.244,1021.238,1033.517,12496
2020-06-03,1029.088,1036.834,1028.913,1036.834,39773
2020-06-04,1037.442,1038.167,1030.734,1032.365,9162
2020-06-05,1031.846,1039.503,1029.318,1039.39,12989
2020-06-08,1040.434,1040.451,1036.056,1038.346,6708
2020-06-09,1038.545,1038.545,1031.105,1033.723,16995
2020-06-10,1031.541,1040.217,1031.541,1039.947,27034
2020-06-11,1039.818,1053.645,1035.215,1036.153,13546
2020-06-12,1035.553,1035.553,1027.584,1029.548,16428
2020-06-15,1030.243,1048.124,1030.243,1047.41,25298
2020-06-16,1047.41,1047.41,1039.22,1040.495,11745
2020-06-17,1036.418,1057.286,1035.803,1057.275,6306
2020-06-18,1057.275,1057.307,1040.726,1044.906,10085
2020-06-19,1044.885,1045.738,1043.378,1043.378,10068
2020-06-25,1043.362,1048.944,1042.427,1042.541,2991
2020-06-26,1042.67,1043.329,1039.436,1042.307,4190
2020-06-29,1042.471,1042.471,1035.609,1036.811,4499
2020-06-30,1042.345,1053.375,1041.758,1052.742,3383
2020-07-01,1053.943,1055.228,1041.584,1052.634,8646
2020-07-02,1042.722,1051.117,1038.257,1051.117,6043
2020-07-03,1052.431,1054.55,1046.352,1053.294,2258
2020-07-06,1052.678,1056.093,1048.125,1053.032,21309
2020-07-07,1057.261,1058.951,1051.065,1058.951,6703
2020-07-08,1066.438,1067.07,1053.274,1053.548,6116
2020-07-09,1054.178,1061.785,1051.629,1060.956,5442
2020-07-10,1061.537,1061.671,1050.934,1060.229,7668
2020-07-13,1055.195,1060.415,1052.462,1053.287,9312
2020-07-14,1053.917,1053.917,1044.484,1045.744,10225
2020-07-15,1047.41,1051.845,1046.354,1051.215,17380
2020-07-16,1057.16,1057.16,1049.608,1051.555,4401
2020-07-17,1051.555,1052.16,1045.384,1052.16,9453
2020-07-20,1049.325,1075.097,1049.325,1071.478,8663
2020-07-21,1074.001,1074.001,1062.197,1064.254,8305
2020-07-22,1062.463,1071.725,1056.794,1062.225,8836
2020-07-23,1060.809,1069.89,1056.89,1059.173,11177
2020-07-24,1059.173,1064.526,1057.296,1063.833,1697
2020-07-27,1061.505,1061.505,1054.894,1058.044,8918
2020-07-28,1055.521,1058.021,1049.542,1049.541,5170
2020-07-29,1049.542,1054.328,1049.005,1054.308,5765
2020-07-30,1054.286,1054.59,1051.792,1053.179,15027
2020-07-31,1053.179,1058.022,1052.225,1058.022,48639
2020-08-03,1059.293,1062.001,1055.328,1056.933,6782
2020-08-04,1056.491,1075.573,1050.69,1052.51,46774
2020-08-05,1052.51,1064.402,1052.51,1053.286,20639
2020-08-06,1054.676,1055.457,1041.961,1043.222,5058
2020-08-07,1043.586,1071.605,1043.157,1063.512,14390
2020-08-10,1064.042,1064.042,1059.007,1059.007,8374
2020-08-11,1059.365,1067.33,1059.365,1062.322,26272
2020-08-12,1062.808,1087.124,1062.406,1080.824,9004
2020-08-13,1081.699,1093.866,1062.295,1089.405,34377
2020-08-14,1089.405,1093.247,1078.895,1084.887,59936
2020-08-17,1084.887,1090.606,1081.197,1086.192,76795
2020-08-18,1090.606,1098.439,1085.562,1094.661,14958
2020-08-19,1092.777,1097.832,1081.35,1082.02,30778
2020-08-20,1082.153,1095.242,1081.759,1084.711,37845
2020-08-21,1084.977,1090.63,1080.005,1081.023,65227
2020-08-24,1093.658,1093.658,1086.422,1089.457,11494
2020-08-25,1089.723,1092.873,1089.093,1090.719,25728
2020-08-26,1085.066,1085.066,1074.404,1080.478,20885
2020-08-27,1081.774,1095.613,1081.729,1090.011,91988
2020-08-28,1090.011,1093.268,1090.011,1093.128,95436
2020-08-31,1093.038,1111.942,1093.038,1111.398,11200
2020-09-01,1112.029,1112.029,1092.503,1108.005,51268
2020-09-02,1108.541,1112.449,1103.094,1110.423,12951
2020-09-03,1111.169,1111.169,1091.894,1106.41,7006
2020-09-04,1106.121,1108.905,1100.137,1100.318,66286
2020-09-07,1102.903,1108.858,1100.295,1108.858,22710
2020-09-08,1104.547,1117.733,1103.916,1116.388,6379
2020-09-09,1116.388,1116.388,1104.916,1109.176,6773
2020-09-10,1114.845,1114.999,1091.229,1106.163,4797
2020-09-11,1106.163,1107.561,1091.69,1091.988,117820
2020-09-14,1109.036,1110.627,1091.91,1105.61,5301
2020-09-15,1094.808,1115.911,1094.808,1115.911,91508
2020-09-16,1115,1120.67,1114.821,1117.78,3445
2020-09-17,1120.323,1120.441,1105.343,1107.956,14767
2020-09-18,1107.756,1109.389,1101.229,1101.319,19935
2020-09-21,1101.223,1123.033,1097.473,1122.891,14434
2020-09-22,1122.243,1128.007,1107.674,1112.915,7789
2020-09-23,1113.546,1127.818,1113.546,1124.218,20436
2020-09-24,1124.848,1128.594,1108.449,1125.601,5167
2020-09-25,1125.736,1125.736,1116.941,1116.958,11653
2020-09-28,1107.192,1116.352,1105.012,1114.075,5211
2020-09-29,1114.075,1114.075,1099.713,1112.125,1669
2020-09-30,1113.386,1117.47,1113.12,1117.044,8614
2020-10-01,1118.4,1123.33,1116.691,1122.873,7274
2020-10-02,1125.282,1125.282,1110.414,1110.413,16915
2020-10-05,1112.427,1114.322,1110.01,1113.692,13949
2020-10-06,1114.438,1118.61,1110.654,1115.45,29755
2020-10-07,1120.538,1120.639,1117.724,1118.826,12069
2020-10-08,1107.177,1120.116,1107.177,1118.426,15500
2020-10-09,1117.79,1129.968,1105.46,1129.799,50115
2020-10-12,1130.46,1130.46,1105.304,1123.295,16994
2020-10-13,1111.819,1132.688,1111.819,1126.289,17314
2020-10-14,1129.47,1136.021,1117.547,1117.547,26859
2020-10-15,1134.174,1134.174,1112.443,1124.48,6586
2020-10-16,1119.323,1122.54,1113.279,1121.714,7012
2020-10-19,1121.508,1124.438,1116.864,1118.172,2097
2020-10-20,1118.172,1121.655,1113.913,1114.281,11520
2020-10-21,1121.275,1138.738,1120.638,1138.738,5789
2020-10-22,1143.823,1143.823,1125.141,1126.829,15975
2020-10-23,1118.428,1120.409,1114.275,1120.409,12325
2020-10-26,1119.773,1121.219,1118.707,1119.947,2247
2020-10-27,1119.947,1122.492,1104.859,1108.101,7915
2020-10-28,1108.101,1121.069,1103.282,1118.346,9520
2020-10-29,1127.524,1127.621,1104.736,1122.554,20955
2020-10-30,1123.706,1123.706,1112.84,1116.57,7993
2020-11-02,1116.59,1122.446,1109.249,1116.724,9250
2020-11-03,1117.199,1121.67,1114.634,1120.351,5566
2020-11-04,1120.486,1120.899,1113.081,1114.271,2598
2020-11-05,1114.926,1122.871,1114.926,1116.962,4972
2020-11-06,1117.186,1125.128,1117.186,1125.111,8632
2020-11-09,1131.369,1131.369,1109.608,1116.313,6458
2020-11-10,1122.034,1129.757,1116.313,1129.215,14094
2020-11-11,1129.976,1129.976,1119.774,1122.319,7311
2020-11-12,1122.421,1123.057,1113.585,1115.593,5063
2020-11-13,1115.07,1127.283,1114.201,1127.283,12851
2020-11-16,1128.329,1129.243,1122.663,1123.337,3784
2020-11-17,1123.337,1123.337,1109.979,1110.062,10187
2020-11-19,1115.88,1119.165,1115.88,1117.826,7323
2020-11-20,1118.598,1119.454,1117.226,1118.181,22245
2020-11-23,1118.376,1119.012,1115.7,1116.171,30804
2020-11-24,1116.13,1125.668,1115.628,1124.5,8162
2020-11-25,1124.769,1125.405,1110.823,1114.471,8617
2020-11-26,1114.587,1119.81,1113.95,1119.586,4774
2020-11-27,1118.932,1118.932,1116.142,1117.656,7988
2020-11-30,1124.046,1124.046,1114.109,1114.109,12283
2020-12-01,1112.796,1118.178,1108.425,1116.321,47529
2020-12-02,1108.656,1119.825,1108.656,1119.825,10299
2020-12-03,1118.087,1124.231,1116.497,1122.42,18893
2020-12-04,1122.42,1127.496,1120.829,1125.503,23986
2020-12-07,1126.069,1127.307,1123.402,1125.729,16650
2020-12-08,1125.093,1125.729,1118.544,1122.303,5500
2020-12-09,1123.662,1125.156,1116.914,1121.948,33343
2020-12-10,1122.603,1123.503,1114.991,1115.845,8463
2020-12-11,1115.44,1123.027,1115.44,1115.698,12042
2020-12-14,1115.9,1127.344,1115.9,1120.913,12925
2020-12-15,1121.056,1127.153,1117.399,1122.317,22064
2020-12-16,1122.317,1124.901,1115.335,1124.901,20498
2020-12-17,1126.042,1130.834,1117.478,1130.649,9436
2020-12-18,1126.952,1138.274,1122.549,1138.274,7568
2020-12-21,1138.17,1138.242,1118.487,1118.487,52660
2020-12-22,1121.4,1128.777,1120.763,1122.397,21851
2020-12-23,1121.754,1129.966,1120.993,1128.254,15140
2020-12-28,1128.029,1133.131,1127.927,1131.93,13695
2020-12-29,1126.305,1140.159,1125.009,1139.522,16810
2020-12-30,1140.199,1140.244,1127.442,1136.335,11853
2021-01-04,1138.12,1155.496,1137.23,1150.785,31777
2021-01-05,1149.953,1155.552,1129.019,1148.839,24898
2021-01-06,1145.562,1153.537,1140.704,1153.537,12086
2021-01-07,1155.896,1156.066,1141.977,1148.763,12607
2021-01-08,1148.763,1155.367,1145.94,1155.367,22206
2021-01-11,1155.886,1159.076,1152.669,1159.076,35471
2021-01-12,1159.713,1176.931,1152.446,1176.931,20214
2021-01-13,1176.923,1177.221,1161.121,1172.459,41521
2021-01-14,1172.437,1179.261,1171.953,1179.261,49450
2021-01-15,1179.334,1180.605,1163.276,1165.245,28189
2021-01-18,1176.888,1178.836,1155.937,1155.937,9720
2021-01-19,1159.703,1179.681,1159.703,1173.109,5831
2021-01-20,1154.732,1179.329,1154.732,1159.48,10413
2021-01-21,1158.204,1169.619,1156.202,1158.085,21969
2021-01-22,1158.391,1171.376,1156.46,1168.387,28410
2021-01-25,1174.949,1175.756,1155.342,1155.342,9992
2021-01-26,1160.279,1171.309,1154.344,1169.477,19560
2021-01-27,1152.93,1172.935,1152.93,1170.969,11480
2021-01-28,1159.294,1167.342,1156.941,1161.863,22724
2021-01-29,1155.491,1166.376,1151.864,1165.72,56185
2021-02-01,1166.354,1166.354,1154.942,1164.643,77287
2021-02-02,1162.358,1171.293,1157.456,1168.561,14696
2021-02-03,1168.561,1169.199,1153.867,1159.826,13006
2021-02-04,1163.395,1166.52,1148.912,1160.172,19376
2021-02-05,1165.268,1165.594,1151.636,1163.936,48808
2021-02-08,1160.541,1168.223,1159.429,1167.073,31903
2021-02-09,1161.248,1167.638,1157.79,1164.123,20304
2021-02-10,1164.123,1167.633,1163.293,1167.633,10903
2021-02-11,1168.579,1173.255,1163.985,1171.777,71869
2021-02-12,1172.763,1172.763,1158.114,1170.883,268612
2021-02-15,1172.577,1173.261,1166.487,1172.641,24538
2021-02-16,1173.585,1174.257,1169.012,1172.638,7921
2021-02-17,1172.893,1173.091,1164.249,1165.445,24510
2021-02-18,1172.353,1172.991,1162.462,1171.327,44761
2021-02-19,1171.417,1185.314,1155.636,1182.08,28268
2021-02-22,1185.137,1185.137,1163.618,1176.334,17772
2021-02-23,1178.247,1180.352,1162.226,1177.219,14012
2021-02-24,1178.125,1180.831,1177.603,1177.603,3445
2021-02-25,1178.879,1178.879,1165.156,1169.279,10703
2021-02-26,1174.914,1174.955,1168.304,1171.09,16035
2021-03-01,1161.436,1161.436,1138.994,1144.303,52795
2021-03-02,1145.25,1153.28,1137.326,1141.307,38386
2021-03-03,1129.731,1138.697,1115.402,1127.293,42270
2021-03-04,1127.813,1132.142,1112.591,1116.487,23704
2021-03-05,1116.618,1119.156,1111.554,1112.469,29782
2021-03-08,1113.455,1126.753,1107.066,1110.583,44840
2021-03-09,1112.869,1118.217,1098.31,1113.199,22577
2021-03-10,1112.929,1119.258,1093.219,1119.258,14851
2021-03-11,1120.804,1121.712,1109.698,1114.446,12332
2021-03-12,1114.46,1116.223,1100.79,1108.856,30342
2021-03-15,1109.461,1123.637,1109.461,1120.301,22319
2021-03-16,1123.723,1126.686,1119.039,1119.309,11246
2021-03-17,1120.308,1121.599,1112.419,1112.823,18221
2021-03-18,1113.873,1130.381,1113.398,1121.557,11586
2021-03-19,1126.083,1131.813,1120.526,1121.082,7592
2021-03-22,1122.021,1125.659,1118.553,1118.775,20296
2021-03-23,1121.299,1128.069,1119.106,1119.106,16821
2021-03-24,1119.09,1126.091,1119.044,1119.574,33620
2021-03-25,1120.248,1120.903,1112.803,1113.612,11174
2021-03-26,1125.109,1126.369,1123.194,1123.194,13905
2021-03-29,1122.519,1125.244,1117.313,1119.496,5629
2021-03-30,1120.678,1126.403,1106.892,1108.542,27499
2021-03-31,1113.313,1120.032,1108.422,1110.754,10121
2021-04-01,1111.377,1122.7,1105.949,1122.699,7033
2021-04-06,1123.07,1124.148,1120.781,1124.148,9034
2021-04-07,1125.454,1125.454,1116.736,1123.991,22497
2021-04-08,1125.713,1127.791,1120.186,1120.922,7025
2021-04-09,1121.057,1127.599,1119.593,1127.599,28642
2021-04-12,1127.089,1127.733,1120.131,1120.674,9846
2021-04-13,1127.331,1128.907,1127.192,1128.528,27726
2021-04-14,1128.662,1130.143,1121.8,1122.259,57673
2021-04-15,1121.608,1132.49,1111.731,1114.729,46523
2021-04-16,1114.729,1125.71,1113.891,1119.999,23951
2021-04-19,1119.999,1148.257,1117.774,1148.257,45711
2021-04-20,1138.294,1142.181,1132.055,1134.192,31924
2021-04-21,1134.192,1134.192,1117.924,1129.931,31684
2021-04-22,1129.931,1132.954,1111.407,1132.954,7710
2021-04-23,1133.089,1133.728,1125.296,1127.408,26344
2021-04-26,1127.513,1135.529,1127.467,1129.195,116189
2021-04-27,1130.093,1135.322,1121.464,1128.062,10376
2021-04-28,1128.062,1143.442,1128.062,1143.442,13367
2021-04-29,1143.616,1146.315,1136.738,1145.907,18167
2021-04-30,1146.951,1152.965,1144.991,1146.706,15030
2021-05-05,1144.033,1144.033,1135.529,1137.156,17442
2021-05-06,1136.343,1137.207,1123.816,1131.031,11676
2021-05-07,1130.313,1136.762,1113.638,1131.644,24476
2021-05-10,1127.752,1140.271,1125.334,1139.867,43361
2021-05-11,1141.45,1144.751,1130.226,1130.561,15256
2021-05-12,1131.909,1139.07,1131.403,1138.675,34951
2021-05-14,1142.444,1146.427,1125.345,1137.43,26549
2021-05-17,1137.072,1144.641,1135.939,1141.711,10594
2021-05-18,1142.936,1143.207,1117.668,1133.937,9134
2021-05-19,1133.96,1135.806,1116.756,1133.074,3993
2021-05-20,1133.748,1134.572,1119.941,1126.009,1529
2021-05-21,1126.384,1127.37,1125.957,1127.37,31791
2021-05-24,1133.138,1139.532,1123.463,1139.292,43610
2021-05-25,1139.303,1195.273,1139.303,1183.581,55043
2021-05-26,1184.651,1184.651,1163.324,1173.199,20723
2021-05-27,1173.199,1182.294,1169.31,1171.246,17262
2021-05-28,1171.167,1189.046,1171.167,1187.143,31132
2021-05-31,1186.147,1186.147,1173.561,1178.17,39246
2021-06-01,1178.136,1195.331,1177.721,1189.777,12730
2021-06-02,1189.788,1195.256,1183.807,1188.728,20119
2021-06-03,1188.872,1190.151,1179.826,1181.476,15862
2021-06-04,1188.296,1190.519,1179.02,1187.976,20937
2021-06-07,1188.111,1192.526,1188.087,1192.391,25688
2021-06-08,1191.885,1194.5,1180.964,1186.266,28234
2021-06-09,1194.789,1199.033,1180.771,1189.27,27701
2021-06-10,1187.292,1210.093,1186.184,1205.356,23476
2021-06-11,1205.639,1210.219,1205.639,1207.794,13763
2021-06-14,1207.637,1211.822,1204.18,1205.737,11278
2021-06-15,1207.016,1208.89,1190.082,1201.204,35733
2021-06-16,1200.564,1201.204,1197.349,1198.459,3883
2021-06-17,1200.9,1200.9,1191.076,1191.076,20818
2021-06-18,1191.076,1197.284,1185.874,1186.417,16580
2021-06-21,1185.786,1201.521,1185.786,1194.797,29815
2021-06-22,1213.285,1226.18,1211.107,1224.8,15842
2021-06-28,1222.374,1228.402,1218.295,1224.757,14276
2021-06-29,1224.728,1224.728,1219.206,1219.863,9774
2021-06-30,1219.632,1221.014,1219.025,1221.014,12868
2021-07-01,1221.689,1221.689,1214.23,1221.571,6649
2021-07-02,1220.868,1227.478,1213.785,1220.836,51076
2021-07-05,1220.006,1228.448,1219.441,1228.448,15331
2021-07-06,1228.257,1238.682,1227.755,1230.724,7361
2021-07-07,1231.12,1236.806,1224.383,1225.039,16593
2021-07-08,1243.287,1250.346,1237.345,1249.194,48378
2021-07-09,1248.686,1248.686,1235.565,1236.234,40787
2021-07-12,1235.566,1242.376,1222.677,1228.724,47806
2021-07-13,1228.724,1231.587,1224.908,1229.723,17356
2021-07-14,1229.829,1234.555,1224.282,1226.483,24966
2021-07-15,1226.483,1230.736,1219.865,1229.361,37915
2021-07-16,1228.915,1230.707,1223.207,1229.802,74965
2021-07-19,1230.676,1231.356,1226.145,1228.302,28211
2021-07-20,1227.527,1229.068,1226.856,1228.399,20480
2021-07-21,1228.364,1235.168,1221.603,1234.734,94849
2021-07-22,1234.3,1234.835,1227.902,1232.969,8091
2021-07-23,1233.637,1234.382,1227.213,1234.381,10905
2021-07-26,1227.896,1237.656,1225.189,1226.175,9804
2021-07-27,1224.895,1232.625,1219.553,1232.625,9876
2021-07-28,1238.635,1239.114,1237.099,1237.378,5902
2021-07-29,1225.357,1238.745,1225.357,1238.259,19756
2021-07-30,1238.259,1244,1231.883,1237.893,8509
2021-08-02,1231.648,1237.715,1229.065,1235.667,1856
2021-08-03,1236.352,1242.362,1230.01,1236.44,3059
2021-08-04,1231.098,1240.335,1231.098,1234.184,4777
2021-08-05,1239.526,1246.809,1239.526,1246.355,17543
2021-08-06,1245.562,1249.386,1244.965,1249.386,28068
2021-08-09,1249.386,1257.518,1244.829,1249.182,9982
2021-08-10,1241.615,1249.426,1241.333,1249.425,28792
2021-08-11,1253.936,1265.005,1253.611,1264.301,22051
2021-08-12,1265.71,1280.404,1265.71,1276.193,14835
2021-08-13,1276.881,1277.233,1263.858,1265.268,21506
2021-08-16,1262.737,1275.544,1256.739,1274.52,14265
2021-08-17,1274.541,1276.948,1264.557,1271.541,9972
2021-08-18,1262.151,1267.174,1259.684,1266.515,21665
2021-08-19,1266.162,1289.397,1265.81,1273.004,4956
2021-08-20,1273.661,1276.135,1265.416,1275.185,21927
2021-08-23,1267.665,1279.705,1266.627,1270.695,40684
2021-08-24,1271.5,1271.542,1262.917,1264.209,8670
2021-08-25,1266.625,1277.054,1257.814,1272.825,12122
2021-08-26,1273.493,1284.094,1268.224,1275.223,17360
2021-08-27,1274.553,1280.799,1267.814,1280.799,8223
2021-08-30,1281.188,1288.219,1275.158,1279.985,102044
2021-08-31,1279.985,1288.495,1275.497,1288.237,66221
2021-09-01,1288.466,1289.803,1279.977,1287.027,57244
2021-09-02,1288.489,1290.39,1283.675,1284.943,21661
2021-09-03,1291.169,1304.74,1277.974,1298.732,12712
2021-09-06,1294.406,1306.493,1293.349,1298.123,10672
2021-09-07,1296.434,1297.443,1290.722,1293.235,11010
2021-09-08,1292.846,1301.827,1289.358,1301.827,13949
2021-09-09,1301.862,1301.862,1279.472,1286.235,38556
2021-09-10,1291.893,1297.719,1287.178,1296.275,17142
2021-09-13,1297.332,1301.13,1285.895,1301.13,5232
2021-09-14,1301.165,1301.165,1281.38,1293.444,163008
2021-09-15,1293.092,1296.613,1285.504,1296.566,104952
2021-09-16,1291.034,1298.665,1290.773,1295.662,22836
2021-09-17,1298.882,1301.684,1292.567,1295.58,54159
2021-09-20,1295.58,1301.959,1287.967,1288.671,14574
2021-09-21,1288.671,1295.321,1287.75,1292.959,30728
2021-09-22,1294.016,1294.72,1286.866,1288.617,2283
2021-09-23,1287.707,1296.806,1287.044,1296.806,3414
2021-09-24,1297.098,1297.098,1284.735,1290.002,12720
2021-09-27,1282.655,1291.802,1236.936,1244.686,15554
2021-09-28,1244.351,1282.58,1244.351,1266.871,19676
2021-09-29,1267.54,1284.348,1267.122,1269.936,70295
2021-09-30,1281.744,1292.109,1280.57,1289.776,43709
2021-10-01,1283.769,1294.765,1283.087,1294.354,15795
2021-10-04,1298.5,1298.5,1291.364,1295.216,9955
2021-10-05,1295.422,1297.453,1285.839,1285.839,81873
2021-10-06,1279.925,1291.347,1270.748,1277.255,12284
2021-10-07,1277.255,1282.977,1274.529,1282.372,10370
2021-10-08,1281.35,1281.35,1266.91,1267.616,13530
2021-10-11,1267.545,1279.307,1263.444,1267.775,8570
2021-10-12,1266.172,1273.14,1265.02,1265.727,27917
2021-10-13,1278.13,1284.483,1270.763,1270.763,12139
2021-10-14,1269.447,1285.259,1268.07,1285.258,36379
2021-10-15,1283.84,1294.806,1276.668,1285.944,4910
2021-10-18,1291.538,1291.538,1282.92,1291.263,2599
2021-10-19,1291.499,1291.917,1283.293,1291.162,7358
2021-10-20,1289.779,1293.88,1282.829,1290.679,18830
2021-10-21,1288.36,1289.866,1281.109,1284.119,7648
2021-10-22,1285.175,1295.093,1283.777,1293.039,7045
2021-10-25,1293.294,1301.962,1286.453,1290.09,10230
2021-10-26,1290.208,1292.261,1284.572,1291.73,9253
2021-10-27,1291.171,1296.094,1290.542,1295.092,12969
2021-10-28,1295.145,1297.861,1289.113,1292.142,22906
2021-10-29,1290.867,1298.925,1287.063,1297.625,26797
2021-11-01,1294.504,1302.379,1292.87,1300.789,33438
2021-11-02,1300.527,1302.975,1290.87,1302.572,33438
2021-11-03,1302.572,1304.827,1292.264,1293.512,38881
2021-11-04,1293.827,1301.148,1292.477,1299.862,23813
2021-11-05,1299.862,1300.854,1289.738,1290.278,78078
2021-11-08,1296.029,1301.305,1283.471,1298.787,117814
2021-11-09,1289.638,1289.831,1281.919,1282.81,254449
2021-11-10,1282.408,1283.785,1275.676,1281.521,189712
2021-11-11,1280.513,1285.097,1273.844,1284.708,127893
2021-11-12,1284.244,1285.012,1273.849,1281.194,56613
2021-11-15,1281.004,1288.069,1272.361,1272.564,83191
2021-11-16,1271.928,1274.515,1266.731,1272.867,136404
2021-11-17,1272.143,1273.104,1261.14,1265.9,113431
2021-11-22,1265.174,1272.498,1263.442,1267.871,84434
2021-11-23,1263.064,1287.589,1261.396,1281.969,64064
2021-11-24,1285.482,1285.482,1273.935,1280.091,31948
2021-11-25,1276.805,1281.249,1272.393,1273.681,55812
2021-11-26,1271.195,1274.15,1261.463,1272.16,32745
2021-11-29,1271.783,1276.564,1254.695,1254.695,48881
2021-11-30,1255.698,1265.646,1250.779,1264.972,52465
2021-12-01,1265.252,1269.296,1265.252,1269.296,50779
2021-12-02,1269.611,1269.892,1268.571,1268.738,45549
2021-12-03,1270.069,1272.12,1268.664,1269.576,92424
2021-12-06,1268.902,1275.293,1268.527,1270.386,54784
2021-12-07,1257.837,1270.168,1257.837,1270.168,20782
2021-12-08,1263.599,1286.622,1263.017,1286.622,28156
2021-12-09,1276.232,1289.599,1268.647,1270.215,16944
2021-12-10,1287.802,1287.976,1279.729,1281.643,25927
2021-12-13,1285.329,1287.513,1275.642,1277.079,7605
2021-12-14,1276.074,1281.558,1275.11,1276.442,12109
2021-12-15,1265.707,1277.407,1263.156,1276.568,66449
2021-12-16,1276.769,1278.499,1260.189,1266.95,11742
2021-12-17,1268.638,1282.508,1264.946,1273.358,18453
2021-12-20,1280.382,1280.41,1269.431,1271.803,11030
2021-12-21,1272.187,1274.619,1264.94,1271.387,16400
2021-12-22,1270.169,1274.16,1252.912,1267.769,11566
2021-12-23,1274.582,1274.828,1237.769,1249.45,19020
2021-12-27,1244.377,1266.926,1244.377,1266.926,43266
2021-12-28,1264.914,1266.622,1253.369,1262.445,19940
2021-12-29,1262.831,1272.906,1262.609,1271.365,20089
2021-12-30,1271.365,1275.193,1259.282,1274.204,12765
2022-01-03,1268.357,1276.312,1263.008,1263.118,15061
2022-01-04,1264.164,1280.753,1264.164,1280.506,31088
2022-01-05,1280.696,1285.91,1272.281,1275.435,13690
2022-01-06,1280.655,1282.749,1272.757,1273.888,15256
2022-01-07,1273.068,1283.654,1270.381,1273.606,29864
2022-01-10,1269.212,1304.947,1269.212,1304.84,33333
2022-01-11,1306.302,1306.302,1275.681,1304.503,12816
2022-01-12,1302.177,1313.251,1301.777,1305.79,31825
2022-01-13,1305.462,1307.082,1286.69,1287.449,13769
2022-01-14,1287.358,1295.309,1285.799,1286.516,20636
2022-01-17,1286.503,1286.781,1279.813,1280.613,8498
2022-01-18,1278.417,1282.562,1272.472,1274.671,16849
2022-01-19,1274.335,1288.659,1272.443,1285.764,8472
2022-01-20,1286.164,1286.87,1271.386,1272.189,24495
2022-01-21,1272.101,1273.287,1262.243,1269.297,65327
2022-01-24,1269.457,1270.201,1239.365,1243.483,29350
2022-01-25,1242.377,1256.305,1241.645,1246.448,22926
2022-01-26,1246.695,1267.972,1245.136,1267.02,11187
2022-01-27,1260.354,1265.664,1256.447,1256.978,10921
2022-01-28,1263.742,1265.025,1257.138,1258.531,8341
2022-01-31,1263.793,1271.992,1256.935,1261.96,13486
2022-02-01,1260.74,1270.399,1253.642,1266.918,16242
2022-02-02,1266.918,1267.159,1246.404,1261.047,4227
2022-02-03,1260.947,1272.362,1260.147,1271.363,8087
2022-02-04,1266.773,1271.034,1264.781,1271.034,19159
2022-02-07,1271.034,1271.034,1260.719,1265.067,6790
2022-02-08,1271.548,1271.548,1251.6,1266.478,4878
2022-02-09,1266.39,1267.057,1256.377,1265.388,19726
2022-02-10,1270.906,1275.303,1261.578,1261.578,12435
2022-02-11,1266.65,1273.707,1262.501,1271.976,27916
2022-02-14,1270.353,1270.353,1253.125,1265.782,15073
2022-02-15,1254.633,1265.545,1254.633,1258.729,10682
2022-02-16,1258.164,1267.559,1257.917,1265.52,6298
2022-02-17,1261.433,1264.114,1253.832,1261.779,10592
2022-02-18,1262.267,1263.543,1255.504,1263.543,9427
2022-02-21,1259.594,1260.661,1249.692,1255.196,23704
2022-02-22,1254.152,1263.324,1248.219,1254.26,3850
2022-02-23,1254.26,1262.077,1253.238,1261.524,43095
2022-02-24,1243.501,1243.501,1208.79,1209.59,44895
2022-02-25,1191.634,1228.026,1191.634,1228.026,16458
2022-02-28,1215.303,1228.755,1197.731,1198.219,6039
2022-03-01,1202.167,1206.282,1169.833,1169.847,14997
2022-03-02,1125.957,1153.654,1083.459,1119.808,7857
2022-03-03,1112.976,1117.212,1097.535,1098.335,16677
2022-03-04,1100.483,1100.483,1080.312,1085.456,30632
2022-03-07,1006.882,1154.396,998.091,1010.392,9021
2022-03-08,1034.573,1140.166,1034.573,1091.026,6372
2022-03-09,1079.461,1142.65,1079.461,1121.637,10508
2022-03-10,1150.957,1164.169,1143.718,1154.424,5569
2022-03-11,1154.491,1156.142,1059.623,1134.479,2606
2022-03-14,1093.904,1123.111,1093.169,1123.111,19560
2022-03-15,1123.114,1138.163,1118.885,1136.27,6696
2022-03-16,1139.9,1152.529,1124.854,1130.499,5825
2022-03-17,1125.502,1146.345,1118.732,1145.945,4196
2022-03-18,1147.232,1147.308,1119.632,1139.245,3946
2022-03-21,1135.212,1145.152,1135.212,1143.8,6585
2022-03-22,1143.36,1155.07,1134.925,1145.757,5214
2022-03-23,1135.615,1139.093,1135.022,1138.389,19675
2022-03-24,1136.11,1153.121,1134.736,1149.711,4224
2022-03-25,1136.074,1147.199,1133.852,1136.97,3572
2022-03-28,1137.132,1137.864,1130.988,1131.896,5008
2022-03-29,1131.882,1138.146,1129.134,1130.181,23085
2022-03-30,1130.411,1151.116,1130.411,1149.72,24011
2022-03-31,1149.873,1149.873,1116.874,1140.432,12174
2022-04-01,1140.676,1140.676,1119.727,1133.898,8613
2022-04-04,1143.455,1153.852,1141.001,1141.001,6559
2022-04-05,1140.974,1150.896,1130.443,1140.504,17314
2022-04-06,1138.307,1145.558,1128.259,1131.944,16290
2022-04-07,1131.145,1144.15,1059.851,1114.402,22040
2022-04-08,1113.746,1122.267,1101.577,1113.03,7942
2022-04-11,1086.155,1104.2,1086.15,1093.574,11757
2022-04-12,1092.351,1101.86,1085.21,1092.438,9926
2022-04-13,1099.149,1099.149,1066.184,1070.031,24208
2022-04-14,1064.546,1089.298,1057.356,1076.671,6037
2022-04-19,1072.043,1072.043,1043.017,1049.654,15948
2022-04-20,1042.426,1043.342,1012.004,1018.503,4966
2022-04-21,1018.876,1040.995,1012.445,1036.817,7802
2022-04-22,1026.812,1026.812,1013.238,1022.41,3104
2022-04-25,1022.311,1028.168,1012.149,1028.089,2996
2022-04-26,1024.134,1024.623,1017.832,1021.643,5879
2022-04-27,1020.99,1021.479,998.568,1002.851,10463
2022-04-28,1002.353,1002.353,937.179,958.095,3047
2022-04-29,958.095,959.297,945,950.128,9292
2022-05-02,943.651,945.368,936.485,943.457,7859
2022-05-03,946.189,973.887,945.377,973.887,8347
2022-05-05,979.633,1066.256,973.767,1022.554,6008
2022-05-06,1021.42,1064.293,1014.62,1052.779,17933
2022-05-09,1061.943,1066.287,1010.145,1016.972,14037
2022-05-10,1016.972,1056.684,1011.85,1052.698,7186
2022-05-11,1053.188,1053.188,1023.629,1033.827,12309
2022-05-12,1024.931,1052.887,1024.931,1048.951,7333
2022-05-13,1051.692,1055.237,1025.242,1049.808,16803
2022-05-16,1050.857,1051.134,1030.09,1045.627,5373
2022-05-17,1045.964,1046.601,1030.729,1044.581,6571
2022-05-18,1042.336,1043.016,1029.027,1029.026,6571
2022-05-19,1027.999,1038.599,1021.411,1021.411,11148
2022-05-20,1019.741,1039.52,1019.741,1033.037,20396
2022-05-23,1033.79,1033.79,1017.895,1022.728,22059
2022-05-24,1022.974,1031.596,1021.916,1027.178,7568
2022-05-25,1025.952,1034.436,1020.87,1027.089,14614
2022-05-27,1035.666,1043.24,1035.404,1042.658,5703
2022-05-30,1048.415,1065.544,1043.702,1065.544,16023
2022-05-31,1058.997,1059.51,1052.127,1056.586,18863
2022-06-01,1057.305,1058.812,1054.78,1057.379,3403
2022-06-02,1055.417,1102.27,1055.417,1093.959,20649
2022-06-03,1093.714,1105.078,1067.121,1093.609,5236
2022-06-06,1092.147,1095.384,1087.685,1087.685,18995
2022-06-07,1086.813,1123.057,1085.762,1108.857,22140
2022-06-08,1107.29,1129.197,1107.29,1123.338,7507
2022-06-09,1124.256,1136.695,1124.012,1135.22,20263
2022-06-10,1135.169,1138.347,1133.014,1133.948,14958
2022-06-13,1132.688,1140.143,1127.646,1129.973,13382
2022-06-14,1130.081,1130.081,1114.7,1116.781,8510
2022-06-15,1118.505,1120.603,1115.285,1118.414,4956
2022-06-16,1120.914,1123.395,1119.251,1120.604,4911
2022-06-17,1121.484,1121.886,1105.795,1118.523,7312
2022-06-20,1127.837,1130.244,1124.486,1128.979,11721
2022-06-21,1129.709,1130.361,1122.967,1123.212,11738
2022-06-22,1123.212,1131.273,1112.807,1112.807,10043
2022-06-27,1112.237,1112.287,1110.987,1112.287,3344
2022-06-28,1112.68,1132.404,1101.058,1129.984,4202
2022-06-29,1131.994,1132.262,1122.177,1128.488,11010
2022-06-30,1129.709,1132.576,1123.517,1132.576,4865
2022-07-01,1134.993,1142.789,1134.59,1140.794,5223
2022-07-04,1137.456,1141.337,1122.889,1126.031,3204
2022-07-05,1126.707,1139.196,1126.707,1139.067,7719
2022-07-06,1139.067,1143.925,1119.197,1136.047,7160
2022-07-07,1136.293,1137.47,1116.641,1127.207,5144
2022-07-08,1135.811,1157.953,1135.811,1157.953,7687
2022-07-11,1155.042,1159.867,1154.063,1158.258,2661
2022-07-12,1158.169,1159.336,1133.649,1134.313,14696
2022-07-13,1143.358,1145.136,1127.786,1128.54,4735
2022-07-14,1129.823,1132.592,1122.729,1122.729,2182
2022-07-15,1120.313,1130.77,1109.13,1120.37,8956
2022-07-18,1115.417,1120.197,1113.895,1118.593,13182
2022-07-19,1120.724,1126.319,1115.712,1125.931,12001
2022-07-20,1124.7,1133.892,1119.963,1133.891,13637
2022-07-21,1137.602,1145.955,1136.532,1143.06,8227
2022-07-22,1143.939,1150.831,1135.508,1141.473,7060
2022-07-25,1130.385,1153.974,1129.329,1150.79,13766
2022-07-26,1152.549,1159.823,1147.185,1154.897,8486
2022-07-27,1155.073,1155.073,1130.872,1141.331,9132
2022-07-28,1141.331,1144.084,1129.306,1134.78,8668
2022-07-29,1117.653,1139.774,1115.189,1139.478,4402
2022-08-01,1118.239,1127.812,1116.089,1127.812,12122
2022-08-02,1127.667,1131.152,1121.502,1130.696,16102
2022-08-03,1131.633,1132.75,1119.967,1126.438,15026
2022-08-04,1125.544,1138.011,1125.544,1132.284,3725
2022-08-05,1131.303,1139.074,1130.434,1135.091,11442
2022-08-08,1137.067,1146.636,1128.968,1144.282,18496
2022-08-09,1153.865,1154.733,1143.853,1143.853,11176
2022-08-10,1146.195,1158.396,1139.492,1141.437,73883
2022-08-11,1156.349,1156.349,1142.691,1144.336,22957
2022-08-12,1146.41,1147.998,1135.595,1135.983,15234
2022-08-15,1133.315,1146.497,1129.895,1145.035,8940
2022-08-16,1134.68,1143.421,1131.527,1131.527,13276
2022-08-17,1143.526,1145.457,1134.397,1134.397,12253
2022-08-18,1145.267,1147.455,1142.856,1146.21,11300
2022-08-19,1146.21,1146.961,1135.684,1145.566,13108
2022-08-22,1140.571,1140.985,1117.944,1124.75,4165
2022-08-23,1123.502,1129.044,1120.726,1128.207,5218
2022-08-24,1129.229,1136.193,1126.102,1136.193,2272
2022-08-25,1136.193,1137.272,1118.615,1132.468,8576
2022-08-26,1133.978,1135.542,1123.414,1133.1,2582
2022-08-29,1132.138,1134.985,1104.453,1124.201,2308
2022-08-30,1131.34,1132.219,1097.802,1118.28,3071
2022-08-31,1099.106,1109.487,1048.468,1087.993,6403
2022-09-01,1103.99,1124.013,1103.99,1120.968,8075
2022-09-02,1115.902,1125.094,1093.356,1121.541,10445
2022-09-05,1095.623,1116.983,1094.489,1105.279,8281
2022-09-06,1106.012,1112.24,1100.454,1107.73,2947
2022-09-07,1106.612,1111.027,1095.347,1109.738,11520
2022-09-08,1110.408,1114.646,1109.124,1110.457,2975
2022-09-09,1110.68,1111.323,1100.607,1100.607,4390
2022-09-12,1100.683,1114.196,1100.683,1111.74,4308
2022-09-13,1111.593,1119.041,1110.623,1118.961,4978
2022-09-14,1119.432,1120.601,1118.108,1120.232,7366
2022-09-15,1120.733,1121.783,1112.006,1116.564,4287
2022-09-16,1115.039,1119.325,1112.988,1115.909,11859
2022-09-19,1111.501,1111.501,1099.091,1099.091,5888
2022-09-20,1098.314,1101.249,1094.057,1095.608,11402
2022-09-21,1095.248,1102.066,1090.856,1096.093,9600
2022-09-22,1094.751,1101.425,1086.78,1101.425,18877
2022-09-23,1102.004,1102.004,1085.77,1086.413,5194
2022-09-26,1043.764,1088.104,1043.764,1083.809,21722
2022-09-27,1083.809,1086.675,1080.225,1083.762,4621
2022-09-28,1083.708,1083.799,1051.017,1051.017,7522
2022-09-29,1051.017,1081.895,1051.017,1055.209,1956
2022-09-30,1077.692,1084.707,1064.394,1066.163,10656
2022-10-03,1067.066,1067.378,1062.508,1062.698,6159
2022-10-04,1061.76,1069.018,1058.636,1058.636,11839
2022-10-05,1059.301,1067.37,1058.71,1066.855,742202
2022-10-06,1058.861,1089.992,1058.637,1069.965,22551
2022-10-07,1069.965,1090.981,1068.845,1090.166,5138
2022-10-10,1090.39,1093.332,1074.807,1075.118,17349
2022-10-11,1083.087,1092.441,1074.107,1080.84,19955
2022-10-12,1081.114,1084.658,1050.215,1080.25,10043
2022-10-13,1079.755,1087.389,1071.058,1076.249,8541
2022-10-14,1081.143,1089.891,1081.143,1087.462,6552
2022-10-17,1069.398,1072.395,1065.577,1065.577,12723
2022-10-18,1069.773,1077.231,1066.92,1067.905,10993
2022-10-19,1068.453,1068.823,1064.854,1067.117,6550
2022-10-20,1066.214,1068.509,1063.41,1063.41,4545
2022-10-21,1063.305,1067.315,1063.305,1064.318,3932
2022-10-24,1064.318,1066.802,1063.799,1065.619,4029
2022-10-25,1064.176,1067.476,1058.36,1067.476,10170
2022-10-26,1066.498,1072.081,1066.498,1067.514,10911
2022-10-27,1067.965,1069.561,1066.176,1067.636,14121
2022-10-28,1067.636,1067.636,1062.125,1062.307,11191
2022-10-31,1062.85,1063.527,1056.869,1061.999,31732
2022-11-01,1063.903,1085.513,1063.903,1085.032,22517
2022-11-02,1084.24,1093.02,1073.378,1093.02,37042
2022-11-03,1095.325,1105.99,1095.325,1104.644,16999
2022-11-04,1104.645,1105.303,1093.635,1099.153,43025
2022-11-07,1087.552,1100.7,1080.875,1093.42,4605
2022-11-08,1083.549,1100.279,1083.323,1089.767,6429
2022-11-09,1103.285,1105,1101.602,1104.665,30916
2022-11-10,1097.906,1114.162,1096.427,1112.166,20689
2022-11-11,1112.104,1113.665,1104.523,1105.743,28585
2022-11-14,1109.079,1109.477,1103.356,1103.725,12770
2022-11-15,1102.193,1107.024,1101.201,1107.024,13250
2022-11-16,1105.742,1106.207,1101.445,1104.256,10512
2022-11-17,1106.123,1107.819,1103.938,1106.546,6877
2022-11-21,1106.451,1109.883,1106.268,1109.232,6145
2022-11-22,1108.11,1110.114,1104.125,1109.609,19686
2022-11-23,1109.834,1114.728,1108.78,1111.378,13809
2022-11-24,1112.281,1112.375,1110.199,1112.375,5484
2022-11-25,1112.601,1114.445,1095.605,1109.924,6018
2022-11-28,1099.311,1111.68,1099.311,1111.68,9969
2022-11-29,1111.68,1111.68,1102.764,1108.983,7096
2022-11-30,1109.886,1115.433,1109.886,1115.207,12572
2022-12-01,1113.356,1119.042,1106.1,1113.651,10900
2022-12-02,1113.282,1120.7,1108.272,1115.473,11226
2022-12-05,1115.138,1119.778,1112.705,1119.759,9483
2022-12-06,1119.86,1131.62,1119.311,1130.347,19707
2022-12-07,1125.682,1143.772,1125.386,1137.095,5365
2022-12-08,1137.32,1137.32,1130.497,1134.606,6213
2022-12-09,1134.698,1149.696,1130.249,1131.689,6610
2022-12-12,1132.133,1164.195,1132.133,1153.067,19118
2022-12-13,1153.073,1163.338,1144.957,1150.983,19032
2022-12-14,1150.978,1176.755,1149.461,1156.761,8608
2022-12-15,1156.492,1166.132,1155.815,1155.815,22633
2022-12-16,1159.229,1161.805,1153.962,1161.286,7778
2022-12-19,1163.281,1163.506,1153.978,1154.692,10297
2022-12-20,1154.692,1160.746,1152.152,1152.953,20362
2022-12-21,1154.957,1161.746,1154.957,1159.539,4746
2022-12-22,1161.364,1162.416,1129.423,1129.423,6883
2022-12-23,1147.816,1147.816,1127.494,1140.608,10885
2022-12-27,1147.139,1158.273,1125.327,1157.674,14240
2022-12-28,1157.285,1157.285,1131.787,1131.787,12563
2022-12-29,1132.469,1153.741,1132.015,1153.741,4956
2022-12-30,1153.741,1156.052,1145.78,1152.803,9229
2023-01-02,1152.803,1160.463,1149.006,1157.733,9710
2023-01-03,1157.463,1161.302,1157.221,1161.302,8080
2023-01-04,1161.469,1166.523,1161.237,1166.185,11291
2023-01-05,1166.387,1169.055,1161.19,1166.212,20650
2023-01-06,1169.15,1179.839,1164.235,1164.834,6997
2023-01-09,1164.841,1175.882,1162.107,1166.935,13769
2023-01-10,1162.599,1178.792,1160.882,1173.205,7133
2023-01-11,1173.502,1173.536,1159.344,1170.393,9228
2023-01-12,1169.208,1169.208,1162.53,1166.562,10278
2023-01-13,1169.859,1171.08,1166.463,1168.641,11299
2023-01-16,1177.647,1186.868,1177.647,1178.244,13181
2023-01-17,1178.244,1180.428,1171.831,1175.905,25591
2023-01-18,1176.698,1178.04,1175.951,1178.04,13535
2023-01-19,1179.624,1185.054,1178.213,1178.213,20712
2023-01-20,1177.715,1184.288,1177.715,1179.507,11097
2023-01-23,1190.461,1199.499,1183.138,1183.138,13593
2023-01-24,1187.304,1196.002,1176.294,1191.155,12571
2023-01-25,1191.155,1194.401,1190.46,1193.868,29347
2023-01-26,1193.917,1193.917,1184.729,1187.671,19035
2023-01-27,1187.898,1199.258,1185.448,1186.794,22942
2023-01-30,1187.977,1199.312,1187.892,1195.178,12105
2023-01-31,1195.16,1199.786,1188.67,1194.759,13427
2023-02-01,1195.214,1200.562,1190.026,1190.846,11309
2023-02-02,1189.803,1201.367,1189.803,1200.145,25533
2023-02-03,1199.545,1199.772,1194.149,1196.467,12267
2023-02-06,1198.45,1206.156,1197.24,1206.061,46937
2023-02-07,1203.354,1203.735,1195.066,1199.855,20864
2023-02-08,1199.519,1202.268,1198.796,1200.982,35684
2023-02-09,1197.411,1197.411,1187.042,1191.818,26188
2023-02-10,1195.76,1196.151,1187.201,1187.289,13178
2023-02-13,1187.612,1197.49,1184.46,1195.994,9902
2023-02-14,1196.593,1197.139,1191.501,1192.245,8905
2023-02-15,1191.089,1199.428,1191.089,1196.463,43650
2023-02-16,1195.148,1198.071,1192.79,1196.64,25557
2023-02-17,1197.5,1197.5,1189.086,1194.926,7333
2023-02-20,1198.289,1202.399,1194.008,1196.52,87641
2023-02-21,1196.637,1199.92,1188.721,1198.675,25023
2023-02-22,1198.675,1198.951,1195.376,1196.721,19691
2023-02-23,1195.148,1197.959,1193.621,1193.621,10876
2023-02-24,1196.423,1196.51,1191.346,1192.837,6255
2023-02-27,1192.837,1194.391,1187.878,1194.085,9396
2023-02-28,1194.577,1203.322,1193.592,1195.399,27452
2023-03-01,1193.91,1200.292,1191.159,1199.55,16383
2023-03-02,1194.632,1204.013,1194.632,1202.132,29617
2023-03-03,1204.038,1205.052,1202.959,1203.969,22361
2023-03-06,1208.327,1208.771,1197.292,1197.292,25092
2023-03-07,1198.97,1199.622,1191.046,1192.181,25311
2023-03-08,1198.528,1198.982,1191.483,1194.376,8299
2023-03-09,1190.285,1191.271,1185.054,1185.159,31520
2023-03-10,1185.344,1189.151,1176.859,1182.641,11589
2023-03-13,1172.065,1192.374,1164.48,1164.48,38638
2023-03-14,1164.573,1185.456,1163.69,1185.073,27266
2023-03-15,1185.799,1192.058,1182.935,1191.821,20274
2023-03-16,1192.268,1192.268,1183.812,1185.222,11689
2023-03-17,1184.099,1193.591,1184.099,1188.352,29646
2023-03-20,1186.745,1187.715,1182.154,1182.154,33447
2023-03-21,1169.606,1183.039,1168.88,1182.753,16739
2023-03-22,1182.753,1186.337,1182.753,1184.053,10426
2023-03-23,1183.891,1184.718,1180.73,1182.87,29489
2023-03-24,1182.962,1183.136,1172.394,1172.621,6155
2023-03-27,1174.856,1184.903,1167.537,1183.893,6503
2023-03-28,1183.894,1184.121,1164.323,1166.111,5021
2023-03-29,1171.189,1173.858,1169.633,1173.411,6742
2023-03-30,1173.354,1179.112,1170.284,1171.845,30020
2023-03-31,1171.516,1174.519,1161.358,1161.805,21312
2023-04-03,1169.652,1169.652,1155.775,1160.79,17669
2023-04-04,1160.606,1161.962,1154.24,1158.323,15543
2023-04-05,1160.861,1164.496,1134.166,1134.166,23082
2023-04-06,1134.349,1166.828,1133.761,1165.507,40904
2023-04-11,1165.822,1166.534,1150.969,1150.969,25472
2023-04-12,1152.308,1158.406,1149.637,1158.406,9336
2023-04-13,1159.993,1164.922,1159.993,1164.151,7926
2023-04-14,1164.56,1164.56,1154.46,1159.725,11813
2023-04-17,1159.464,1160.13,1155.223,1158.181,13406
2023-04-18,1158.333,1160.361,1151.025,1152.715,28074
2023-04-19,1152.715,1161.563,1152.715,1158.281,48734
2023-04-20,1158.419,1164.926,1158.419,1163.001,15680
2023-04-21,1162.413,1164.01,1133.489,1163.624,13207
2023-04-24,1141.973,1155.772,1138.32,1147.989,15288
2023-04-25,1147.4,1155.905,1144.785,1145.963,27995
2023-04-26,1146.426,1157.932,1144.425,1147.645,12000
2023-04-27,1147.056,1156.877,1144.353,1152.979,24035
2023-04-28,1156.872,1157.368,1151.663,1155.047,18744
2023-05-02,1155.137,1159.433,1154.51,1157.427,39689
2023-05-03,1158.958,1165.714,1153.966,1165.125,30365
2023-05-08,1151.975,1167.531,1150.489,1155.684,12163
2023-05-09,1155.22,1161.505,1152.516,1161.505,8519
2023-05-10,1160.96,1161.549,1159.113,1159.76,22608
2023-05-11,1150.315,1150.44,1140.087,1142.016,10339
2023-05-12,1145.209,1149.159,1139.206,1147.302,5941
2023-05-15,1147.89,1150.958,1145.698,1146.829,56618
2023-05-16,1143.819,1145.812,1135.217,1138.219,12573
2023-05-17,1138.605,1139.83,1136.975,1137.162,71166
2023-05-19,1126.442,1144.096,1125.403,1141.425,30308
2023-05-22,1141.039,1144.512,1138.095,1140.877,14766
2023-05-23,1142.194,1152.858,1135.498,1142.722,19193
2023-05-24,1142.336,1154.179,1133.457,1149.589,24054
2023-05-25,1150.757,1154.672,1150.004,1153.001,25064
2023-05-26,1151.221,1152.537,1140.69,1145.287,7614
2023-05-29,1145.261,1150.594,1145.261,1148.038,25024
2023-05-30,1146.696,1147.002,1142.521,1145.585,16771
2023-05-31,1146.515,1149.361,1144.051,1149.037,33014
2023-06-01,1148.651,1150.618,1146.214,1146.96,35065
2023-06-02,1152.987,1154.165,1145.772,1150.202,48969
2023-06-05,1166.228,1171.816,1163.957,1166.376,96633
2023-06-06,1163.432,1164.021,1149.906,1154.382,45797
2023-06-07,1155.377,1160.053,1149.031,1150.405,89834
2023-06-08,1149.267,1154.532,1148.031,1152.723,31687
2023-06-09,1152.723,1155.77,1152.072,1155.77,44322
2023-06-12,1155.588,1156.765,1147.378,1147.378,34809
2023-06-13,1147.948,1148.411,1142.244,1144.86,18131
2023-06-14,1147.467,1149.833,1142.074,1148.807,26469
2023-06-15,1147.396,1147.396,1140.084,1146.402,18082
2023-06-16,1144.859,1145.648,1142.299,1145.236,34368
2023-06-19,1143.285,1147.575,1141.257,1144.943,15260
2023-06-20,1148.303,1175.76,1148.303,1154.659,17321
2023-06-21,1152.467,1161.143,1151.54,1154.773,18850
2023-06-22,1221.512,1270.603,1221.512,1245.165,34592
2023-06-26,1245.126,1257.899,1227.036,1237.19,40437
2023-06-27,1230.791,1237.498,1214.708,1214.708,46374
2023-06-28,1215.315,1243.354,1215.315,1232.005,15628
2023-06-29,1240.406,1243.373,1226.166,1239.487,21845
2023-06-30,1242.783,1254.636,1242.174,1254.623,55152
2023-07-03,1262.37,1276.237,1258.406,1269.258,18424
2023-07-04,1299.604,1314.395,1283.305,1305.306,18748
2023-07-05,1304.829,1352.123,1300.84,1333.04,50032
2023-07-06,1329.924,1330.53,1288.795,1300.11,45214
2023-07-07,1289.259,1305.982,1289.259,1302.416,34438
2023-07-11,1300.035,1304.04,1296.443,1298.395,30017
2023-07-12,1290.745,1294.346,1286.403,1286.966,49513
2023-07-13,1288.522,1288.522,1280.952,1283.558,18496
2023-07-14,1287.484,1288.769,1275.815,1281.736,24485
2023-07-17,1278.799,1285.736,1276.915,1276.915,27751
2023-07-18,1280.237,1287.562,1279.454,1283.505,9473
2023-07-19,1283.505,1286.299,1280.732,1283.823,12805
2023-07-20,1281.218,1284.212,1272.878,1272.878,11905
2023-07-21,1273.677,1282.825,1273.677,1281.561,11921
2023-07-24,1280.763,1286.499,1280.154,1286.499,37180
2023-07-25,1286.499,1334.005,1286.499,1320.618,8937
2023-07-26,1320.139,1324.061,1305.323,1314.935,38637
2023-07-27,1313.577,1337.725,1312.779,1334.269,28082
2023-07-28,1365.859,1379.469,1353.709,1375.498,14424
2023-07-31,1375.099,1376.585,1369.002,1375.945,48702
2023-08-01,1376.424,1383.749,1369.58,1382.735,45046
2023-08-02,1386.137,1416.76,1386.137,1404.517,18175
2023-08-03,1411.349,1452.571,1408.241,1434.368,35660
2023-08-04,1434.368,1451.57,1419.529,1421.115,14313
2023-08-07,1418.72,1422.522,1405.242,1416.228,8957
2023-08-08,1416.627,1424.44,1399.026,1399.026,55966
2023-08-09,1403.985,1434.17,1403.985,1424.422,35677
2023-08-10,1404.687,1429.846,1373.111,1385.297,18472
2023-08-11,1382.139,1382.139,1351.876,1372.872,14515
2023-08-14,1379.188,1380.303,1365.069,1375.767,27525
2023-08-15,1377.223,1382.416,1372.281,1380.85,17201
2023-08-16,1380.034,1405.752,1380.034,1405.752,18630
2023-08-17,1406.459,1420.881,1400.454,1400.453,12997
2023-08-18,1400.917,1410.119,1395.343,1395.343,9008
2023-08-21,1395.296,1413.491,1391.236,1395.355,28795
2023-08-22,1407.279,1415.173,1403.118,1412.982,12043
2023-08-23,1411.866,1441.937,1411.866,1429.837,16427
2023-08-24,1435.875,1438.356,1419.695,1430.944,5054
2023-08-25,1432.43,1432.43,1421.713,1425.033,12402
2023-08-28,1423.784,1426.807,1415.301,1418.39,6726
2023-08-29,1419.072,1419.778,1400.553,1404.144,22598
2023-08-30,1404.144,1408.219,1394.34,1407.919,8287
2023-08-31,1406.831,1406.831,1385.377,1391.017,14433
2023-09-01,1397.985,1398.038,1389.737,1389.737,7535
2023-09-04,1389.737,1399.449,1389.737,1396.531,25405
2023-09-05,1395.824,1399.715,1383.95,1386.347,10436
2023-09-06,1387.459,1393.173,1368.363,1368.363,6919
2023-09-07,1365.063,1395.312,1365.063,1378.038,16481
2023-09-08,1378.038,1390.015,1366.66,1377.798,12703
2023-09-11,1390.001,1399.001,1380.142,1385.495,19955
2023-09-12,1384.223,1388.688,1373.92,1388.688,37421
2023-09-13,1391.594,1394.283,1381.024,1385.532,20860
2023-09-14,1383.21,1385.509,1376.073,1380.512,20340
2023-09-15,1380.512,1380.512,1374.643,1376.55,21336
2023-09-18,1376.746,1379.858,1368.624,1369.511,19857
2023-09-19,1371.102,1371.102,1350.625,1351.806,27756
2023-09-20,1352.394,1362.524,1305.627,1321.816,17413
2023-09-21,1329.54,1329.54,1311.692,1319.284,16419
2023-09-22,1322.614,1341.344,1320.746,1329.504,22853
2023-09-25,1335.775,1342.223,1334.53,1342.223,24704
2023-09-26,1342.017,1351.083,1340.922,1343.462,29679
2023-09-27,1340.873,1352.052,1339.47,1351.351,24368
2023-09-28,1348.912,1355.691,1346.255,1350.26,57962
2023-09-29,1350.26,1351.665,1343.885,1349.297,32085
2023-10-02,1354.527,1362.472,1352.953,1359.799,357153
2023-10-03,1360.389,1364.113,1349.645,1354.669,56646
2023-10-04,1357.848,1368.477,1350.848,1362.353,13624
2023-10-05,1365.726,1366.43,1355.647,1358.703,20902
2023-10-06,1361.176,1363.295,1356.904,1361.495,35893
2023-10-09,1360.791,1364.667,1356.117,1361.209,12619
2023-10-10,1367.501,1368.205,1357.419,1363.784,17159
2023-10-11,1359.851,1364.318,1349.252,1362.744,12217
2023-10-12,1363.334,1365.808,1362.04,1362.296,5730
2023-10-13,1351.278,1363.885,1351.278,1363.885,12976
2023-10-16,1366.625,1367.329,1352.865,1358.702,20397
2023-10-17,1365.698,1372.859,1365.698,1371.45,7546
2023-10-18,1371.404,1380.991,1371.404,1380.287,9438
2023-10-19,1384.825,1399.403,1383.237,1398.224,26458
2023-10-20,1407.668,1411.175,1391.029,1396.929,11511
2023-10-23,1396.467,1398.889,1382.752,1383.459,15116
2023-10-24,1382.755,1408.58,1375.69,1404.475,8592
2023-10-25,1401.496,1406.351,1396.854,1406.297,12898
2023-10-26,1403.234,1404.988,1378.254,1399.589,11021
2023-10-27,1398.885,1399.589,1391.326,1394.282,14796
2023-10-30,1405.909,1405.909,1385.91,1391.199,15756
2023-10-31,1392.804,1393.508,1383.317,1392.23,29153
2023-11-01,1386.692,1406.606,1381.334,1388.956,11023
2023-11-02,1389.545,1389.545,1383.231,1387.393,11023
2023-11-03,1387.855,1393.307,1378.607,1386.218,15608
2023-11-06,1387.495,1391.71,1386.014,1390.198,8083
2023-11-07,1390.07,1390.659,1381.268,1385.097,13716
2023-11-08,1380.375,1397.77,1380.375,1389.824,41826
2023-11-09,1384.945,1384.945,1368.332,1370.404,17067
2023-11-10,1375.093,1381.525,1373.431,1376.823,9558
2023-11-13,1368.288,1373.938,1360.623,1361.327,15805
2023-11-14,1366.944,1380.816,1366.944,1374.845,16401
2023-11-15,1377.604,1377.604,1363.658,1376.547,11180
2023-11-16,1376.734,1376.734,1352.136,1362.143,12677
2023-11-17,1363.572,1363.66,1355.092,1357.035,9160
2023-11-21,1359.23,1361.82,1355.687,1358.703,7913
2023-11-22,1360.866,1371.513,1357.267,1371.513,8606
2023-11-23,1364.718,1365.812,1358.583,1364.633,6791
2023-11-24,1364.323,1365.712,1357.126,1357.142,9406
2023-11-27,1357.142,1362.368,1356.438,1359.532,3992
2023-11-28,1358.828,1361.301,1349.186,1352.59,15062
2023-11-29,1357.063,1357.063,1347.31,1351.96,10327
2023-11-30,1353.87,1359.567,1347.346,1354.192,14321
2023-12-01,1351.553,1356.791,1349.979,1356.064,7477
2023-12-04,1357.244,1357.244,1345.317,1346.736,17004
2023-12-05,1345.422,1346.354,1334.358,1337.112,35666
2023-12-06,1343.209,1347.027,1337.741,1341.835,7281
2023-12-07,1338.132,1338.132,1324.015,1325.041,7528
2023-12-08,1332.518,1344.977,1329.974,1342.078,22535
2023-12-11,1345.536,1345.536,1318.257,1330.08,21892
2023-12-12,1330.392,1336.357,1313.349,1317.788,35545
2023-12-13,1318.049,1328.199,1312.977,1314.985,49061
2023-12-14,1313.044,1328.494,1312.757,1328.494,46569
2023-12-15,1330.458,1340.968,1252.158,1284.946,75154
2023-12-18,1338.337,1340.785,1260.068,1340.011,19249
2023-12-19,1340.011,1340.126,1305.881,1306.47,15081
2023-12-20,1319.655,1324.406,1300.763,1319.176,19000
2023-12-21,1320.945,1331.439,1307.551,1327.786,9168
2023-12-22,1329.867,1331.046,1314.91,1322.781,13306
2023-12-27,1323.587,1327.011,1312.356,1314.798,83527
2023-12-28,1336.294,1338.48,1326.771,1334.66,24988
2023-12-29,1343.842,1352.824,1322.189,1336.342,36609
2024-01-02,1334.158,1337.913,1328.367,1334.823,20483
2024-01-03,1334.248,1344.571,1331.683,1337.827,62361
2024-01-04,1338.895,1344.718,1335.862,1336.818,56147
2024-01-05,1334.421,1343.638,1334.421,1341.078,14863
2024-01-08,1342.604,1345.915,1342.604,1345.047,22689
2024-01-09,1345.047,1349.359,1342.737,1344.811,16679
2024-01-10,1346.383,1361.484,1345.317,1359.12,7543
2024-01-11,1360.665,1360.665,1349.796,1354.428,12752
2024-01-12,1354.3,1364.943,1353.866,1353.866,19822
2024-01-15,1349.86,1368.274,1349.461,1368.274,12538
2024-01-16,1367.221,1368.593,1364.448,1368.411,27143
2024-01-17,1367.72,1378.249,1367.378,1367.378,17484
2024-01-18,1368.271,1383.733,1368.271,1373.745,25698
2024-01-19,1374.178,1380.806,1372.602,1380.292,4523
2024-01-22,1378.725,1379.427,1366.478,1368.935,14772
2024-01-23,1368.874,1370.961,1360.659,1364.141,20500
2024-01-24,1357.282,1360.894,1357.282,1357.817,11812
2024-01-25,1357.818,1362.077,1357.818,1359.97,15122
2024-01-26,1355.813,1360.033,1354.641,1360.033,7066
2024-01-29,1357.957,1359.279,1351.916,1353.3,10182
2024-01-30,1355.025,1356.006,1349.953,1356.006,64571
2024-01-31,1356.156,1365.249,1353.068,1363.86,6594
2024-02-01,1365.261,1365.633,1362.173,1365.633,15045
2024-02-02,1369.163,1379.205,1366.415,1379.205,14620
2024-02-05,1377.804,1377.819,1352.701,1368.203,19951
2024-02-06,1368.896,1374.654,1367.511,1369.66,12186
2024-02-07,1368.967,1372.378,1354.861,1355.373,14785
2024-02-08,1356.79,1356.971,1350.687,1351.444,17812
2024-02-09,1355.223,1363.125,1348.785,1361.368,6682
2024-02-12,1351.411,1352.797,1246.541,1316.111,25377
2024-02-13,1315.229,1339.781,1306.685,1330.288,19184
2024-02-14,1329.721,1329.721,1320.163,1327.542,5354
2024-02-15,1325.486,1325.667,1318.625,1321.124,9514
2024-02-16,1320.644,1327.664,1320.614,1326.999,29082
2024-02-19,1328.543,1328.87,1317.433,1318.125,15651
2024-02-20,1322.936,1327.137,1322.245,1323.87,12458
2024-02-21,1324.232,1341.196,1324.232,1328.945,28233
2024-02-22,1327.563,1339.176,1327.563,1339.161,25911
2024-02-23,1340.857,1344.073,1334.535,1339.933,9286
2024-02-26,1339.219,1341.722,1329.261,1331.294,29604
2024-02-27,1329.706,1337.955,1329.706,1337.264,8114
2024-02-28,1337.955,1340.159,1333.295,1334.497,12585
2024-02-29,1334.498,1340.205,1331.921,1335.552,9279
2024-03-01,1343.284,1350.573,1331.52,1344.829,8645
2024-03-04,1335.386,1335.386,1322.986,1327.697,12281
2024-03-05,1325.41,1356.391,1324.867,1356.391,16362
2024-03-06,1357.275,1357.275,1339.206,1340.783,21057
2024-03-07,1340.088,1342.162,1338.303,1339.202,8266
2024-03-08,1339.202,1339.893,1336.976,1337.868,17646
2024-03-11,1336.868,1339.255,1331.378,1336.501,23061
2024-03-12,1337.016,1337.016,1313.738,1336.698,8434
2024-03-13,1334.479,1336.189,1329.269,1331.351,14966
2024-03-14,1326.828,1333.248,1326.828,1330.279,17203
2024-03-15,1333.366,1336.292,1323.802,1332.004,15993
2024-03-18,1329.731,1330.214,1310.656,1320.624,12334
2024-03-19,1319.928,1327.862,1312.369,1313.389,5849
2024-03-20,1313.06,1326.985,1312.33,1323.649,3846
2024-03-21,1325.227,1325.364,1316.952,1317.648,1847
2024-03-22,1316.109,1326.987,1314.522,1326.104,6301
2024-03-25,1325.287,1325.287,1317.377,1319.545,20888
2024-03-26,1317.459,1324.783,1309.462,1319.825,7679
2024-03-27,1322.817,1328.99,1322.817,1327.267,5369
2024-03-28,1322.979,1326.092,1318.785,1319.477,8757
2024-04-02,1317.366,1323.569,1317.366,1319.695,11930
2024-04-03,1312.192,1321.154,1305.859,1312.018,16114
2024-04-04,1311.923,1325.424,1310.589,1325.424,7196
2024-04-05,1323.594,1327.268,1313.125,1318.965,71191
2024-04-08,1322.509,1328.923,1321.761,1321.829,30894
2024-04-09,1323.649,1327.023,1318.329,1327.023,38353
2024-04-10,1325.938,1328.129,1323.144,1325.922,36675
2024-04-11,1323.185,1327.089,1321.146,1324.061,27829
2024-04-12,1324.364,1328.594,1322.436,1326.95,14765
2024-04-15,1325.068,1331.602,1316.14,1320.475,14440
2024-04-16,1325.333,1327.28,1318.604,1324.838,20086
2024-04-17,1315.068,1325.573,1314.791,1325.201,4328
2024-04-18,1323.101,1323.59,1319.368,1322.86,5619
2024-04-19,1323.194,1326.751,1314.606,1316.554,4880
2024-04-22,1321.191,1346.599,1319.851,1344.099,11354
2024-04-23,1342.553,1343.437,1273.263,1312.176,11776
2024-04-24,1312.581,1312.612,1300.466,1311.417,9549
2024-04-25,1266.885,1300.888,1266.608,1291.733,13054
2024-04-26,1291.668,1303.179,1289.845,1299.182,12084
2024-04-29,1298.531,1304.222,1259.892,1298.375,7877
2024-04-30,1282.983,1300.216,1282.983,1288.405,17754
2024-05-02,1288.405,1297.068,1284.579,1292.517,200892
2024-05-03,1287.317,1299.951,1282.705,1299.951,15032
2024-05-07,1278.116,1286.264,1268.787,1276.428,13411
2024-05-08,1273.536,1282.419,1270.94,1281.826,38752
2024-05-10,1278.505,1279.201,1263.296,1272.659,33129
2024-05-13,1270.839,1272.661,1257.542,1259.443,84302
2024-05-14,1264.665,1266.88,1252.833,1262.557,34185
2024-05-15,1261.097,1264.715,1259.242,1263.831,36072
2024-05-16,1262.925,1264.896,1251.794,1253.573,86425
2024-05-17,1259.002,1296.467,1224.266,1229.691,267711
2024-05-20,1225.024,1238.203,1225.024,1229.605,58137
2024-05-21,1228.721,1242.448,1211.354,1211.354,64991
2024-05-22,1208.54,1238.592,1195.744,1195.744,70554
2024-05-23,1195.002,1222.738,1195.002,1198.745,47825
2024-05-24,1187.455,1208.247,1187.178,1207.97,54081
2024-05-27,1199.115,1205.478,1188.323,1190.644,31213
2024-05-28,1191.579,1205.242,1186.222,1204.24,21029
2024-05-29,1204.421,1204.421,1185.721,1186.084,11555
2024-05-30,1187.448,1210.63,1185.359,1206.499,49974
2024-05-31,1207.659,1214.826,1199.609,1214.826,25536
2024-06-03,1214.549,1218.69,1204.618,1218.413,65073
2024-06-04,1218.05,1225.496,1212.351,1223.377,27746
2024-06-05,1220.629,1231.49,1218.753,1229.638,32437
2024-06-06,1229.095,1245.281,1228.784,1244.388,40784
2024-06-07,1250.11,1254.25,1219.262,1251.618,9537
2024-06-10,1252.645,1252.953,1235.196,1251,20995
2024-06-11,1249.936,1252.122,1233.161,1252.122,34850
2024-06-12,1251.606,1254.227,1245.501,1245.501,44743
2024-06-13,1244.8,1252.697,1235.732,1235.763,10184
2024-06-14,1244.056,1250.241,1244.056,1248.229,17147
2024-06-17,1248.653,1257.098,1246.279,1256.543,33451
2024-06-18,1256.301,1263.292,1235.786,1255.637,37695
2024-06-19,1255.36,1257.376,1245.741,1251.3,7669
2024-06-20,1246.37,1246.37,1039.87,1124.255,5936
2024-06-21,1126.725,1152.182,1098.537,1098.536,11747
2024-06-25,1127.545,1136.503,1120.165,1134.956,17602
2024-06-26,1134.373,1143.093,1103.221,1119.517,7888
2024-06-27,1122.219,1129.069,1117.577,1128.911,20997
2024-06-28,1126.531,1144.66,1109.824,1111.752,10976
2024-07-01,1064.924,1065.292,870.494,887.178,23090
2024-07-02,886.477,899.78,862.988,890.193,11440
2024-07-03,897.893,898.296,888.751,891.175,30206
2024-07-04,892.503,944.935,892.503,916.825,21411
2024-07-05,928.7,953.052,926.161,933.332,62966
2024-07-08,931.352,941.594,926.507,931.077,17124
2024-07-09,929.334,937.918,920.26,924.406,39646
2024-07-10,927.118,928.887,887.64,899.59,66359
2024-07-11,911.212,922.833,900.939,919.948,10460
2024-07-12,905.227,930.225,905.227,922.421,10010
2024-07-15,907.862,931.626,904.433,915.856,13013
2024-07-16,909.16,934.139,905.124,932.663,21613
2024-07-17,931.308,942.385,928.564,933.038,21250
2024-07-18,933.315,941.44,930.766,931.239,26172
2024-07-19,931.458,932.462,922.604,926.062,53187
2024-07-22,911.679,924.93,905.689,924.93,99373
2024-07-23,925.293,928.188,912.063,913.467,6523
2024-07-24,905.719,919.741,903.158,911.364,12226
2024-07-25,886.183,897.28,848.218,879.788,18120
2024-07-26,878.905,878.935,855.232,866.706,13293
2024-07-29,867.817,872.092,860.689,868.234,9628
2024-07-30,866.686,875.208,858.077,858.851,21975
2024-07-31,856.979,860.849,836.274,856.876,12185
2024-08-01,856.784,861.461,853.713,855.033,102140
2024-08-02,854.849,861.445,850.962,860.96,13184
2024-08-05,854.943,854.943,842.172,847.992,61219
2024-08-06,847.315,852.743,843.081,843.081,24968
2024-08-07,841.493,847.666,841.493,844.836,9170
2024-08-08,847,853.884,845.692,848.074,19718
2024-08-09,846.6,874.512,845.898,866.489,45504
2024-08-12,867.287,881.011,867.01,878.348,25635
2024-08-13,874.625,881.177,874.625,878.852,18530
2024-08-14,879.181,885.439,879.181,882.663,69237
2024-08-15,881.062,882.349,877.443,881.895,11687
2024-08-16,882.67,883.578,877.625,877.626,10858
2024-08-19,881.772,882.201,863.692,863.692,8718
2024-08-20,863.785,900.352,863.785,896.534,4607
2024-08-21,889.483,908.175,889.483,907.898,29395
2024-08-22,908.175,908.175,884.772,899.347,15635
2024-08-23,884.904,902.753,850.258,886.295,14825
2024-08-26,886.146,888.252,880.833,884.99,25609
2024-08-27,885.148,887.108,884.157,884.157,67929
2024-08-28,889.407,890.504,883.05,883.05,12162
2024-08-29,881.952,885.348,875.137,884.921,18498
2024-08-30,880.776,887.589,880.239,887.589,17227
2024-09-02,886.491,887.589,872.803,880.616,50376
2024-09-03,875.946,876.346,868.954,876.346,24559
2024-09-04,873.387,873.387,867.13,870.61,57190
2024-09-05,871.831,873.133,862.725,869.591,28802
2024-09-06,870.459,871.218,863.626,865.924,25715
2024-09-09,865.059,879.27,865.059,877.471,17756
2024-09-10,874.702,878.18,872.215,876.894,6208
2024-09-11,876.793,877.89,871.918,877.504,30157
2024-09-12,877.792,878.87,874.856,878.64,24811
2024-09-13,878.259,879.301,867.129,870.183,33078
2024-09-16,872.29,877.342,868.423,875.766,14920
2024-09-17,874.398,875.521,873.97,875.521,9619
2024-09-18,875.62,881.894,874.198,880.761,11298
2024-09-19,876.205,881.747,869.276,877.571,34597
2024-09-20,880.255,888.783,879.414,887.154,15337
2024-09-23,887.583,893.51,880.986,892.388,19439
2024-09-24,891.693,892.644,871.006,885.979,3010
2024-09-25,867.563,885.047,867.563,880.963,22430
2024-09-26,880.186,882.501,873.469,881.807,21687
2024-09-27,874.557,874.573,867.011,872.065,18568
2024-09-30,871.746,874.552,869.341,874.457,35445
2024-10-01,878.406,884.472,867.574,875.854,17585
2024-10-02,875.854,880.766,874.515,880.766,38127
2024-10-03,882.059,885.502,879.691,884.79,37404
2024-10-04,882.44,885.024,870.381,875.847,14177
2024-10-07,870.246,875.896,869.071,869.75,15322
2024-10-08,872.709,878.143,872.709,876.583,17393
2024-10-09,876.583,882.345,875.453,882.345,46922
2024-10-10,882.629,882.629,876.171,880.125,28763
2024-10-11,882.385,883.474,879.374,881.873,24113
2024-10-14,883.003,884.133,881.012,883.194,14834
2024-10-15,885.406,889.495,881.218,886.249,19796
2024-10-16,887.24,892.142,887.097,890.456,35229
2024-10-17,891.46,894.279,880.669,885.224,161304
2024-10-18,884.388,884.497,879.252,881.643,62413
2024-10-21,880.292,882.664,874.997,878.601,58352
2024-10-22,877.771,883.497,875.19,879.382,62433
2024-10-23,879.382,881.267,872.256,877.522,49924
2024-10-24,877.069,877.697,871.214,872.727,35535
2024-10-25,876.644,879.665,873.684,873.684,35677
2024-10-28,872.566,876.667,872.113,876.534,263225
2024-10-29,873.494,876.199,868.537,873.389,65473
2024-10-30,867.812,873.607,865.012,873.059,51776
2024-10-31,873.059,875.982,870.697,873.807,217279
2024-11-01,870.12,873.892,868.881,872.528,24129
2024-11-04,872.528,873.694,869.101,873.694,31791
2024-11-05,867.411,872.587,865.129,872.587,28002
2024-11-06,872.797,874.316,868.378,874.316,72913
2024-11-07,874.407,877.209,870.276,875.542,22262
2024-11-08,871.158,875.684,869.851,874.262,44343
2024-11-11,872.377,875.193,870.657,870.671,35700
2024-11-12,868.208,872.309,865.876,871.89,74075
2024-11-13,871.89,872.309,864.474,870.896,102888
2024-11-14,871.868,888.084,865.97,886.001,259715
2024-11-15,874.649,885.614,870.914,881.747,35559
2024-11-19,869.964,877.958,869.867,877.124,23368
2024-11-20,869.705,878.292,869.039,873.838,18378
2024-11-21,876.675,879.593,874.913,875.391,14403
2024-11-22,876.956,877.623,872.248,874.27,14941
2024-11-25,871.805,875.268,869.738,873.036,11341
2024-11-26,871.284,880.153,870.112,878.895,58872
2024-11-27,875.269,880.119,873.411,874.916,32666
2024-11-28,874.707,882.352,873.531,882.352,38810
2024-11-29,881.8,885.33,874.887,882.486,25316
2024-12-02,878.067,883.115,875.518,875.81,18100
2024-12-03,873.738,880.278,873.528,878.003,7735
2024-12-04,877.747,878.584,867.414,867.414,40313
2024-12-05,867.347,873.925,866.661,873.925,41269
2024-12-06,867.702,876.115,865.506,875.906,13812
2024-12-09,870.619,875.799,868.898,868.898,14368
2024-12-10,869.447,873.541,866.346,867.638,9583
2024-12-11,866.88,869.999,864.794,867.905,12544
2024-12-12,865.205,872.138,864.52,872.138,34425
2024-12-13,871.312,872.274,865.566,871.176,22255
2024-12-16,870.627,872.017,864.446,872.017,45800
2024-12-17,868.393,869.36,863.157,864.667,56899
2024-12-18,867.338,867.338,863.307,865.486,12126
2024-12-19,865.944,866.153,860.518,863.883,52225
2024-12-20,865.384,870.728,860.335,862.522,25135
2024-12-27,865.615,869.299,862.996,869.299,34910
2025-01-02,862.621,874.523,860.905,870.509,41000
2025-01-03,869.877,874.094,866.966,872.794,14693
2025-01-06,872.892,875.916,868.637,874.157,42608
2025-01-07,872.119,877.977,871.45,877.977,27584
2025-01-08,877.84,880.334,873.468,878.995,39743
2025-01-09,875.05,877.458,874.081,874.291,20620
2025-01-10,876.998,878.127,870.344,872.353,25245
2025-01-13,869.856,875.475,869.305,874.135,19631
2025-01-14,873.704,877.283,868.5,871.74,25586
2025-01-15,869.032,877.116,869.032,876.098,24768
2025-01-16,876.786,878.358,870.587,876.988,36558
2025-01-17,877.476,879.271,872.9,875.731,44205
2025-01-20,873.31,879.31,872.221,876.148,19440
2025-01-21,875.047,878.305,872.528,878.032,16197
2025-01-22,877.482,877.482,870.62,875.886,46045
2025-01-23,877.145,877.631,873.292,876.669,30340
2025-01-24,877.475,881.042,873.069,875.226,54415
2025-01-27,871.548,877.925,870.669,876.259,49895
2025-01-28,876.725,876.888,870.158,873.835,31099
2025-01-29,873.284,876.542,871.698,871.699,16994
2025-01-30,874.148,877.437,871.652,872.513,63282
2025-01-31,877.066,877.758,870.999,875.457,16874
2025-02-03,876.132,876.132,859.603,868.067,44513
2025-02-04,867.298,870.746,863.045,865.551,63178
2025-02-05,865.127,867.587,862.95,867.032,62239
2025-02-06,864.654,868.363,863.978,868.363,11248
2025-02-07,869.422,871.513,865.68,868.536,168589
2025-02-10,873.467,880.145,871.014,874.945,300397
2025-02-11,876.798,880.704,872.105,878.541,121218
2025-02-12,876.371,884.881,874.554,879.948,100574
2025-02-13,877.388,877.655,871.529,875.518,26231
2025-02-14,871.483,881.326,871.13,875.548,375302
2025-02-17,877.344,880.287,869.926,874.223,198109
2025-02-18,874.516,878.347,871.784,874.94,53779
2025-02-19,875.128,878.4,871.509,874.621,96634
2025-02-20,874.847,878.208,873.451,876.708,42495
2025-02-21,876.708,879.875,873.129,879.875,40909
2025-02-24,879.624,880.672,875.952,880.087,20152
2025-02-25,878.566,880.28,875.544,878.586,23672
2025-02-26,876.205,881.282,871.866,871.866,14648
2025-02-27,874.598,878.541,871.312,874.083,15091
2025-02-28,874.942,887.264,874.942,880.635,46915
2025-03-03,883.237,883.386,877.367,882.194,97988
2025-03-04,880.941,883.981,875.475,876.734,114030
2025-03-05,876.348,885.819,876.348,883.372,42396
2025-03-06,884.391,889.23,882.98,888.554,60497
2025-03-07,886.805,895.647,886.805,893.041,22534
2025-03-10,893.744,895.951,888.033,894.432,41463
2025-03-11,893.364,893.364,887.659,890.269,21633
2025-03-12,887.537,891.97,883.484,889.639,47767
2025-03-13,889.638,890.331,885.304,885.305,10978
2025-03-14,889.559,891.169,888.786,890.708,6505
2025-03-17,891.099,891.099,885.207,889.927,14270
2025-03-18,888.119,888.119,881.676,883.265,34015
2025-03-19,886.209,887.983,880.756,882.981,11378
2025-03-20,883.656,885.853,882.789,885.503,14197
2025-03-21,887.265,887.477,880.146,883.162,22998
2025-03-24,881.802,881.989,878.735,880.485,17671
2025-03-25,877.408,887.455,877.085,884.991,17999
2025-03-26,879.742,881.865,878.29,878.871,12779
2025-03-27,879.775,882.505,876.04,878.373,14911
2025-03-28,873.791,879.998,873.235,877.799,14329
2025-03-31,881.138,881.138,874.436,875.846,15435
2025-04-01,873.972,878.742,873.972,878.674,10620
2025-04-02,877.151,879.369,873.469,874.265,100597
2025-04-03,873.198,875.305,866.093,872.791,37795
2025-04-04,872.791,875.711,865.632,869.855,78098
2025-04-07,862.768,864.132,848.479,862.466,75528
2025-04-08,860.145,867.669,857.681,864.909,22554
2025-04-09,862.704,865.473,860.129,863.989,6768
2025-04-10,861.363,866.591,860.592,861.901,22784
2025-04-11,860.009,860.009,854.821,855.145,20491
2025-04-14,855.081,862.353,854.134,858.322,13028
2025-04-15,861.923,864.551,861.615,864.407,8631
2025-04-16,864.407,866.86,862.121,863.848,25283
2025-04-17,865.48,869.283,859.399,862.348,8197
2025-04-22,862.508,865.719,858.372,864.546,18361
2025-04-23,864.546,866.804,863.1,865.529,23881
2025-04-24,865.514,867.947,863.511,863.511,8946
2025-04-25,865.956,870.179,865.743,868.04,7354
2025-04-28,867.396,868.222,861.909,865.749,21025
2025-04-29,865.112,868.134,864.022,864.494,7522
2025-04-30,868.286,869.97,865.611,867.989,48132
2025-05-06,867.811,872.272,864.067,869.785,17114
2025-05-07,869.997,872.362,869.559,870.897,64121
2025-05-08,869.331,870.689,869.271,869.433,22880
2025-05-09,869.159,869.909,867.991,869.909,21620
2025-05-12,868.6,871.124,867.63,871.124,100309
2025-05-13,870.322,870.375,867.666,868.623,79724
2025-05-14,869.208,870.009,867.554,868.25,77755
2025-05-15,868.25,868.631,866.129,868.631,89586
2025-05-16,868.631,871.471,866.394,870.377,72792
2025-05-19,868.991,871.616,867.859,869.756,50439
2025-05-20,870.309,871.91,869.629,870.854,69018
2025-05-21,869.473,873.177,869.262,870.555,93203
2025-05-22,871.332,884.514,871.332,875.472,92655
2025-05-23,875.461,880.865,868.903,871.294,163999
2025-05-26,871.206,872.775,868.576,870.122,40153
2025-05-27,869.539,870.632,868.924,869.815,33997
2025-05-28,869.604,870.439,867.829,869.027,0
2025-05-30,868.236,869.682,865.342,867.155,87828
2025-06-02,865.739,866.964,865.361,866.964,87828
2025-06-03,896.919,896.919,872.261,885.524,39267
2025-06-04,885.28,889.181,884.578,885.424,54781
2025-06-05,886.525,895.435,886.525,893.799,29050
2025-06-06,893.158,896.61,892.037,893.266,54437
2025-06-09,895.753,895.753,893.146,894.4,17095
2025-06-10,894.457,896.39,893.138,894.183,10150
2025-06-11,895.275,896.959,891.144,891.633,17403
2025-06-12,891.144,894.403,891.144,892.602,54285
2025-06-13,893.47,893.47,890.029,890.248,20707
2025-06-16,890.446,891.689,887.926,888.552,30706
2025-06-17,885.967,888.115,885.319,886.896,15175
2025-06-18,885.286,887.606,880.156,881.513,97146
2025-06-19,880.083,880.083,876.742,880.025,25866
2025-06-20,880.251,891.424,880.025,888.534,17023
2025-06-25,889.233,894.338,888.745,893.408,212912
2025-06-26,890.799,897.722,889.42,895.104,127168
2025-06-27,893.839,894.639,890.659,892.902,114813
2025-06-30,889.291,896.372,888.943,893.372,94554
2025-07-01,894.57,895.383,890.55,893.522,55935
2025-07-02,893.831,895.272,892.199,892.982,23796
2025-07-03,891.792,893.968,891.353,893.968,22451
2025-07-04,892.966,895.3,891.767,893.515,30393
2025-07-07,893.572,893.572,888.244,891.938,139407
2025-07-08,892.371,892.552,888.051,891.942,40416
2025-07-09,893.109,894.168,890.704,893.108,31892
2025-07-10,891.323,894.25,888.323,890.903,15593
2025-07-11,891.915,891.915,888.835,889.034,32560
2025-07-14,887.082,890.744,886.86,888.777,8126
2025-07-15,888.337,890.918,888.111,889.465,13793
2025-07-16,889.785,890.579,887.198,888.367,58537
2025-07-17,890.07,891.229,889.047,890.785,6083
2025-07-18,888.934,891.916,888.325,891.387,13166
2025-07-21,886.655,888.288,885.546,887.51,32858
2025-07-22,887.396,888.22,886.312,887.553,8070
2025-07-23,887.209,888.444,884.094,887.139,20003
2025-07-24,888.871,891.233,888.595,891.143,20144
2025-07-25,889.3,892.824,887.767,890.422,46496
2025-07-28,890.911,905.66,889.691,904.696,55892
2025-07-29,904.102,904.542,897.342,901.44,16623
2025-07-30,898.253,907.783,898.083,906.649,16272
2025-07-31,907.266,913.539,904.113,910.563,14429
2025-08-01,910.062,910.314,907.321,908.022,35125
2025-08-04,908.011,911.308,908.011,911.308,22147
2025-08-05,911.534,915.559,908.632,915.559,55510
2025-08-06,916.891,917.724,912.222,915.603,11552
2025-08-07,917.425,919.141,915.706,915.876,77080
2025-08-08,915.606,916.748,912.94,914.689,39711
2025-08-11,917.514,918.154,915.306,916.709,33130
2025-08-12,918.03,921.17,916.65,920.499,116341
2025-08-13,920.499,923.283,916.865,917.584,37360
2025-08-14,919.119,920.835,914.123,916.06,37912
2025-08-15,916.06,916.748,903.597,903.597,12986
2025-08-18,915.445,916.961,910.089,916.694,28419
2025-08-19,917.376,917.602,912.029,916.562,22637
2025-08-20,917.19,919.705,915.059,919.571,29945
2025-08-21,921.212,922.014,919.245,919.786,27157
2025-08-22,919.786,921.141,914.751,914.843,39455
2025-08-25,917.447,918.616,914.733,915.854,38606
2025-08-26,917.477,923.395,916.461,921.333,63042
2025-08-27,918.565,922.885,916.244,918.514,37341
2025-08-28,918.457,922.101,916.274,919.598,23111
2025-08-29,919.643,920.131,916.599,916.957,13296
2025-09-01,917.626,922.405,917.626,921.594,21038
2025-09-02,922.074,923.632,920.958,920.958,16280
2025-09-03,922.414,923.225,921.281,921.281,9040
2025-09-04,922.511,922.511,918.778,920.389,21234
2025-09-05,919.74,921.316,918.896,921.316,11193
2025-09-08,920.234,922.304,918.141,918.283,81423
2025-09-09,920.198,920.608,918.341,918.408,312830
2025-09-10,921.089,921.089,916.443,916.443,75692
2025-09-11,916.07,916.996,914.141,916.94,81150
2025-09-12,917.418,917.866,915.042,916.743,40864
2025-09-15,912.01,916.47,912.01,916.337,106271
2025-09-16,916.06,916.916,914.927,916.058,28952
2025-09-17,911.669,912.779,909.353,910.824,95877
2025-09-18,912.175,913.341,909.31,913.341,13093
2025-09-19,908.137,914.083,908.137,913.875,50345
2025-09-22,913.355,913.797,909.23,909.666,62292
2025-09-23,909.309,911.24,908.31,910.642,66342
2025-09-24,910.86,911.041,906.879,907.097,29101
2025-09-25,908.58,913.263,907.926,912.701,31678
2025-09-26,912.138,912.138,903.565,909.044,15350
2025-09-29,910.414,911.677,909.913,911.677,23427
2025-09-30,911.896,911.896,907.277,907.841,23989
2025-10-01,907.898,910.143,906.453,907.623,27111
2025-10-02,909,909.143,906.594,907.094,37636
2025-10-03,907.794,908.113,905.634,908.113,15650
2025-10-06,908.918,912.919,906.43,910.878,64942
2025-10-07,911.104,911.591,906.341,909.842,29746
2025-10-08,909.371,910.41,906.165,909.076,62049
2025-10-09,910.031,912.232,908.964,911.336,78618
2025-10-10,911.468,912.597,910.086,910.683,10986
2025-10-13,911.383,912.225,909.046,910.812,23519
2025-10-14,911.485,911.485,906.443,906.443,23333
2025-10-15,908.42,910.132,908.202,908.463,24140
2025-10-16,909.746,915.293,908.501,910.789,212636
2025-10-17,912.016,913.31,907.92,911.687,8050
2025-10-20,913.733,916.07,911.489,914.445,88609
2025-10-21,913.042,915.418,911.267,912.552,34452
2025-10-22,913.187,913.404,906.328,910.389,18186
2025-10-23,910.389,913,908.055,911.7,25400
2025-10-24,912.281,913.821,910.836,910.836,19746
2025-10-27,910.037,913.114,909.819,911.42,16765
2025-10-28,911.265,912.954,910.941,911.587,18504
2025-10-29,909.337,914.094,909.337,912.211,16526
2025-10-30,912.316,913.032,911.256,911.362,11511
2025-10-31,911.88,912.203,909.41,909.41,11894
2025-11-03,909.298,912.022,909.08,911.748,17188
2025-11-04,910.913,911.754,907.253,910.994,22137
2025-11-05,911.487,916.604,911.487,915.227,68890
2025-11-06,914.957,917.7,914.806,916.929,41475
2025-11-07,916.689,918.954,916.353,916.352,24410
2025-11-10,917.118,918.04,912.717,916.967,41890
2025-11-11,917.588,922.828,917.588,920.699,76379
2025-11-12,921.533,924.051,919.889,921.246,34397
2025-11-13,921.358,926.144,920.68,925.64,19073
2025-11-14,927.429,927.699,925.045,926.077,18634
2025-11-19,927.406,928.345,922.766,922.997,0
2025-11-20,927.347,929.018,924.452,925.27,0
2025-11-21,925.846,926.854,923.794,924.199,54674
2025-11-24,922.217,926.476,922.217,923.921,71498
2025-11-25,922.635,926.628,922.635,924.359,55873
2025-11-26,924.656,924.656,922.21,924.453,75557
2025-11-27,923.324,924.104,922.377,923.884,122071
2025-11-28,924.157,924.382,921.755,924.163,32828
2025-12-01,920.411,925.438,920.354,924.453,17525
2025-12-02,928.293,930.525,926.005,927.809,37649
2025-12-03,929.861,931.947,925.964,930.762,188214
2025-12-04,930.772,935.704,930.055,932.351,103714
2025-12-05,932.571,933.511,930.458,931.005,89900
2025-12-08,932.337,935.341,929.924,933.497,18394
2025-12-09,931.865,932.605,928.147,931.382,12531
2025-12-10,931.44,933.631,926.362,932.73,23773
2025-12-11,931.808,933.641,931.638,933.147,42996
2025-12-12,935.126,935.126,932.363,933.148,27019
2025-12-15,934.772,934.772,930.322,931.734,32148
2025-12-16,932.235,937.484,932.235,937.094,75429
2025-12-17,937.317,940.41,936.801,938.446,278530
2025-12-18,939.649,941.791,935.318,938.778,234060
2025-12-19,937.812,937.812,931.359,933.505,73526
2025-12-22,932.299,936.185,926.108,928.352,94889
2025-12-23,928.987,933.35,926.423,930.443,125250
2025-12-29,928.766,929.564,924.346,925.392,0
2025-12-30,925.154,928.986,917.393,925.607,41206
