date,open,high,low,close,volume
2012-01-02,534.89,548.01,534.42,545.17,293912
2012-01-03,551.42,555.24,551.39,553.43,807722
2012-01-04,554.17,557.57,549.14,549.16,422031
2012-01-05,550.39,553.31,549.41,553.31,199906
2012-01-06,553.88,556.75,552.21,555.09,125993
2012-01-09,555.61,555.87,550.68,552.47,296664
2012-01-10,554.59,556.45,553.14,553.48,269968
2012-01-11,552.86,554.87,551.69,551.69,274905
2012-01-12,552.01,552.43,550.17,551.29,478246
2012-01-13,553.17,554.43,551.66,553.15,597001
2012-01-16,549.61,550.77,544.66,545.75,575498
2012-01-17,549.07,555.29,548.65,554.78,331850
2012-01-18,554.62,554.62,549.92,552.93,198252
2012-01-19,553.23,554.05,550.43,554,261667
2012-01-20,555.74,556.16,552.62,552.93,252417
2012-01-23,555.82,555.82,548.52,549.53,573822
2012-01-24,548.62,551.11,548.54,549.93,519581
2012-01-25,552.17,552.17,549.08,550.41,644577
2012-01-26,548.95,550.73,547.44,549.78,511424
2012-01-27,550.43,550.43,544.05,545.25,1000595
2012-01-30,544.81,547.14,544.8,545.64,363494
2012-01-31,546.04,551.14,546.04,547.79,267010
2012-02-01,545.59,551.28,545.59,548.53,306988
2012-02-02,548.82,550.9,547.91,549.52,421019
2012-02-03,549.97,556.4,549.97,555.95,692177
2012-02-06,557.55,557.75,554.28,556.54,350969
2012-02-07,557.2,567.16,557.2,567.16,1611008
2012-02-08,567.6,598.53,567.45,598.02,809431
2012-02-09,601.48,604.44,586.11,588.52,471827
2012-02-10,585.64,592.21,582.54,587.09,329374
2012-02-13,585.6,598.96,585.6,598.21,379419
2012-02-14,600.49,601.17,595.24,599.77,193526
2012-02-15,600.98,605.23,597.49,604.43,429738
2012-02-16,602.68,602.73,593.82,595.13,306743
2012-02-17,596.12,604.52,596.12,604.52,1160138
2012-02-20,605.71,612.67,603.54,605.45,212329
2012-02-21,605.44,605.59,596.38,601.53,172198
2012-02-22,602.52,602.84,598,599.45,416427
2012-02-23,599.45,600.73,596.6,598.2,212669
2012-02-27,600.16,600.28,590.61,590.9,325831
2012-02-28,592.7,596.88,592,592.81,158854
2012-02-29,592.56,596.26,590.73,594.48,528281
2012-03-01,597.06,597.5,592.79,593.08,231964
2012-03-02,593.03,596.91,590.87,594.68,517052
2012-03-05,595.62,600.4,595.26,596.4,438758
2012-03-06,596.48,596.48,587.02,587.08,730275
2012-03-07,588.96,588.96,581.24,585.08,292427
2012-03-08,585.05,588.68,584.93,588.68,264453
2012-03-09,590.02,593.8,588.22,590.23,314970
2012-03-12,590.66,590.66,586.78,588.24,242540
2012-03-13,589.05,591.1,588.03,589.67,574849
2012-03-14,590.4,598.83,590.12,598.83,858860
2012-03-15,601.81,601.81,597.93,600.34,312341
2012-03-16,598.47,600.62,597.14,599.28,943713
2012-03-19,600.73,602.16,597.32,599.85,1219652
2012-03-20,601.49,602.01,599.42,601.24,197721
2012-03-21,601.7,601.97,598.63,599.56,405125
2012-03-22,597.86,598.05,593.73,594.96,217060
2012-03-23,595.03,597.68,595.03,597.42,122783
2012-03-26,595.6,598.56,594.7,598.56,301861
2012-03-27,599.77,603.76,598.92,600.19,260108
2012-03-28,601.99,604.18,601.61,604.06,1097048
2012-03-29,603.55,604.38,601.17,602.01,252718
2012-03-30,604.59,604.79,601.24,602.62,298108
2012-04-02,602.66,605.75,601.87,605.71,695605
2012-04-03,606.23,611.47,606.22,611.18,311881
2012-04-04,612.36,614.45,609.61,610.29,1038400
2012-04-05,610.38,615.13,610.38,613.27,150598
2012-04-10,610.85,610.85,605.09,606.2,797522
2012-04-11,608.18,610.05,605.96,609.67,849757
2012-04-12,611.18,614.23,611,613.25,249634
2012-04-13,614.52,615.75,611.45,612.46,341072
2012-04-16,613.52,616.05,611.05,612.38,453107
2012-04-17,614.74,619.57,613.66,618,446265
2012-04-18,619.36,623.84,617.93,621.92,538121
2012-04-19,624.83,625.19,619.85,620.48,228200
2012-04-20,621.2,623.1,619.48,622.9,301393
2012-04-23,621.54,625.6,618.71,619.58,507431
2012-04-24,620.13,621.88,617.57,619.93,1124036
2012-04-25,620.6,621.96,618.78,618.94,845538
2012-04-26,624.38,624.71,619.17,619.8,506288
2012-04-27,620.76,624.29,619.86,622.18,545480
2012-04-30,631.54,631.84,625.07,631.77,419381
2012-05-02,633.88,634.15,633.18,633.8,491788
2012-05-03,634.41,636.22,633.93,635.72,278952
2012-05-04,634.35,635.95,632.6,633.15,195328
2012-05-07,628.65,629.38,624.03,625.72,455248
2012-05-08,625.92,627.64,623.46,627.15,1821388
2012-05-09,622.86,624.55,619.25,619.25,718371
2012-05-10,618.96,628.59,618.96,628.59,1267882
2012-05-11,631.46,631.46,624.98,626.76,144437
2012-05-14,627.59,627.88,622.51,623.4,335904
2012-05-15,621.13,626.3,617.96,626.3,316130
2012-05-16,624.2,624.2,620.67,621.41,342439
2012-05-18,611.67,614.3,609.64,614.3,640455
2012-05-21,618.31,619.63,613.35,614.39,197630
2012-05-22,615.23,618.59,613.34,615.37,95217
2012-05-23,612.66,612.95,605.43,605.43,205138
2012-05-24,605.25,608.56,602.7,605.32,125052
2012-05-25,606.21,607.35,603.48,603.48,117338
2012-05-28,604.85,610.59,604.85,610.59,452678
2012-05-29,610.59,613.65,606.98,609.24,212748
2012-05-30,609.17,609.17,604.02,605.71,181170
2012-05-31,604.37,605,601.02,605,345850
2012-06-01,609.87,610.79,601.2,603.46,174174
2012-06-04,599.79,604.76,597.12,604.76,328852
2012-06-05,603.29,609.72,603.29,609.72,171329
2012-06-06,610.89,617.81,610.54,616.8,261249
2012-06-07,617.57,619.35,615.04,615.52,250161
2012-06-08,615.87,615.97,612.4,615.67,329938
2012-06-11,617.01,621.28,616.43,616.69,240142
2012-06-12,617.14,617.14,612.37,614.08,226942
2012-06-13,613.48,613.87,610.91,611.69,196120
2012-06-14,611.78,612.85,607.67,607.67,255887
2012-06-15,609.29,615.06,608.95,612.03,724641
2012-06-18,614.64,619.47,614.64,618.85,204095
2012-06-19,620.07,620.49,617.61,619.77,142022
2012-06-20,618.62,624.75,618.62,624.75,382493
2012-06-21,625.16,625.16,621.68,623.56,200591
2012-06-22,619.89,622.4,619.47,621.02,40695
2012-06-25,620.4,620.47,614.71,615.9,657505
2012-06-26,615.63,617.35,612.9,613.8,204038
2012-06-27,614.47,615.82,613.99,615.51,297512
2012-06-28,616.19,619.35,615.82,617.42,121039
2012-06-29,620.32,623.26,620.26,623.26,118238
2012-07-02,625.42,628.75,623.88,624.32,200013
2012-07-03,624.67,628.74,620.08,620.08,213435
2012-07-04,623.8,630.66,623.8,629.48,138887
2012-07-05,629.44,632.33,628.84,631.58,58323
2012-07-06,631.76,635.06,628.75,633.23,147159
2012-07-09,633.69,633.83,630.26,631.1,173893
2012-07-10,633.01,633.1,629.66,631.92,111089
2012-07-11,630.04,633.33,628.8,629.72,119215
2012-07-12,628.69,631.34,627.83,629.98,84888
2012-07-13,631.15,635.15,631.15,634.63,123480
2012-07-16,633.15,634.55,630.83,634.33,314208
2012-07-17,634.36,638.43,633.92,638.43,265189
2012-07-18,638.26,640.76,636.62,640.76,95921
2012-07-19,640.38,644.77,640.38,644.77,151923
2012-07-20,644.6,647.2,642.93,645.4,104722
2012-07-23,645.28,645.28,637.49,637.49,170943
2012-07-24,636.05,638.7,634.01,638.7,59990
2012-07-25,638.11,640.01,635.79,640.01,599949
2012-07-26,638.28,639.7,636.39,639.7,204557
2012-07-27,639.92,642.59,637.64,642.59,208085
2012-07-30,644.32,644.32,641.71,642.89,414771
2012-07-31,642.82,648.22,642.46,648.19,360686
2012-08-01,648.48,648.85,645.23,645.33,179805
2012-08-02,645.3,654.56,643.32,653.71,493617
2012-08-03,653.44,663.37,651.86,663.37,578779
2012-08-06,664.34,666.53,660.99,665.54,481132
2012-08-07,661.5,664.61,658.4,662.43,204540
2012-08-08,663.25,669.23,662.22,669.23,779345
2012-08-09,668.28,669.91,664.93,667.9,177035
2012-08-10,665.59,670.9,664.77,664.77,208064
2012-08-13,664.95,669.67,664.95,669.67,88154
2012-08-14,669.4,669.41,666.05,668.88,635741
2012-08-15,667.4,669.54,665.95,667.67,205567
2012-08-16,676.45,682.69,676.45,680.09,473260
2012-08-17,681.89,688.58,681.74,686.2,725252
2012-08-21,686.51,687.06,679.99,682.31,204606
2012-08-22,682.89,683.3,681.08,681.08,232949
2012-08-23,681.28,684.86,679.37,684.63,279713
2012-08-24,683.88,684.72,681.38,682.45,511112
2012-08-27,678.56,683.24,677.68,681.16,218597
2012-08-28,681.2,681.23,674.03,677.05,636993
2012-08-29,670.37,678.59,670.37,678.59,254349
2012-08-30,678.63,678.98,674.69,677.51,125598
2012-08-31,674.99,679.37,674.51,677.97,211310
2012-09-03,677.41,679.63,672.31,672.31,352725
2012-09-04,672.29,673.76,669.73,670.02,211933
2012-09-05,669.37,673.03,669.37,670.86,234852
2012-09-06,670.19,670.84,668.31,668.62,132880
2012-09-07,670.64,680.65,670.64,679.05,295295
2012-09-10,678.39,678.66,672.98,672.98,184011
2012-09-11,672.35,674.85,670.65,670.65,169018
2012-09-12,670.65,676.03,669.86,676.03,186910
2012-09-13,675.07,675.82,666.87,666.87,455455
2012-09-14,671.35,675.5,671.35,674.14,590083
2012-09-17,673.78,674.05,667.07,674.05,253904
2012-09-18,673.76,674.62,671.18,673.86,275060
2012-09-19,673.84,677.83,673.3,675.92,134714
2012-09-20,676.27,676.83,670.86,672.64,303633
2012-09-21,673.02,676.53,672.19,674.87,201083
2012-09-24,673.84,674.01,669.03,671.72,303640
2012-09-25,672.17,672.78,667.84,671.64,217476
2012-09-26,670.14,670.49,666.08,668.79,162181
2012-09-27,669.34,670.48,666.79,668.04,264724
2012-09-28,668.35,670.94,666.58,668.21,175048
2012-10-01,668.14,671.02,668.14,668.52,204162
2012-10-02,668.94,670.61,666.3,670.61,205466
2012-10-03,669.53,672.89,669.51,669.61,112233
2012-10-04,669.79,673.22,667.67,673.22,130066
2012-10-05,671.97,671.97,668.63,669.9,286081
2012-10-08,668.08,670.16,666.91,668.23,98323
2012-10-09,668.13,669.6,667.46,669.6,77482
2012-10-10,669.6,670.16,664.62,667.33,76323
2012-10-11,667.4,668.94,666.58,668.88,237267
2012-10-12,668.03,671.01,667.7,669.74,96745
2012-10-15,670.01,670.2,667.18,668.38,246697
2012-10-16,669.19,669.88,666.71,669.2,321083
2012-10-17,669.11,672.48,666.72,671.65,350076
2012-10-18,671.69,672.41,669.57,669.57,78696
2012-10-19,669.28,672.67,669.28,672.15,116484
2012-10-22,673.12,673.95,669.21,669.84,161003
2012-10-23,670.51,671.78,666.33,670,274523
2012-10-24,670.77,673.19,662.03,673.19,306582
2012-10-25,673.19,673.19,663.33,663.6,140538
2012-10-26,664.49,666.87,663.55,666.09,683762
2012-10-29,669.93,672.2,668.3,669.29,153841
2012-10-30,671.55,679.57,671.55,679.57,305845
2012-10-31,681.68,681.83,675.07,675.7,202817
2012-11-01,674.04,680.24,674.04,678.85,96478
2012-11-02,677.95,678.73,669.75,675.18,885569
2012-11-05,675.22,675.93,668.23,672.83,331094
2012-11-06,672.27,675.45,670.54,674.88,201397
2012-11-07,671.97,674.49,671.26,673.09,417887
2012-11-08,674.32,676.06,671.02,673.04,175627
2012-11-09,672.68,675.8,672.68,674.71,251935
2012-11-12,675.12,677.73,673.75,675.94,215846
2012-11-13,676.99,678.68,673.81,675.5,164808
2012-11-14,675.35,678.99,675.31,678.33,238884
2012-11-15,678.97,680.21,676.36,680.05,152359
2012-11-16,679.39,684.72,675.69,676.25,834841
2012-11-19,682.01,685.23,679.84,681.66,553621
2012-11-20,685.92,688.53,684.08,687.44,311081
2012-11-21,689.57,692,688.92,691.42,314145
2012-11-22,693.11,696.71,691.2,691.55,444913
2012-11-23,691.91,694.85,691.51,693.28,314316
2012-11-26,692.72,693.29,683.51,688.85,584554
2012-11-27,690.81,693.38,685.68,688.66,387434
2012-11-28,687.4,688.86,683.83,685.71,527771
2012-11-29,684.57,685.67,683.56,685.67,254100
2012-11-30,687.66,688.74,683.87,685.12,189061
2012-12-03,686.1,687.08,683.29,683.29,218444
2012-12-04,685.04,688.08,684.41,684.87,424201
2012-12-05,686.21,687.39,679.68,681.72,1030791
2012-12-06,681.67,682,677.68,679.78,730696
2012-12-07,678.95,686.63,678.79,686.63,840164
2012-12-10,687.18,687.49,682.04,682.8,336883
2012-12-11,685.77,690.18,684.48,689.25,743786
2012-12-12,691.41,702.24,691,701.4,568501
2012-12-13,713.7,733.89,713.2,726.2,1526502
2012-12-14,729.95,731.67,725.8,728.24,576452
2012-12-17,729.78,729.78,719.9,720.47,574061
2012-12-18,722.44,725.1,719.74,723.09,545977
2012-12-19,725.35,726.53,717.74,720.84,258914
2012-12-20,718.52,727.39,717.92,720.84,185471
2012-12-21,727.29,728.03,722.93,725.12,234816
2012-12-27,727.94,732.04,726.73,732.04,247251
2012-12-28,733.29,736.95,732.12,734.2,335154
2013-01-02,739.3,754.62,739.3,752.86,742394
2013-01-03,762.23,768.02,757.82,760.02,744061
2013-01-04,760.2,763.38,758.95,760.88,419587
2013-01-07,764.55,770.4,763.24,765.85,451686
2013-01-08,768.5,771.08,763.15,763.98,523533
2013-01-09,764.13,765.5,762.12,765.5,271125
2013-01-10,767.37,775.83,765.86,772.97,2318192
2013-01-11,773.4,776.9,770.63,774.14,1429330
2013-01-14,771.91,775.13,768.74,775.13,401863
2013-01-15,770.9,772.02,762.43,763.57,544761
2013-01-16,764.47,766.15,760.83,764.18,402487
2013-01-17,764.98,765.65,763.51,764.99,571154
2013-01-18,767.82,769.81,763.56,769.81,529632
2013-01-21,769.67,769.67,764.16,764.16,459370
2013-01-22,764.57,765.9,758.91,761.07,345019
2013-01-23,762.33,764.53,760.64,763.57,246603
2013-01-24,763.86,767.8,763.85,767.8,311207
2013-01-25,767.5,769.9,764.96,769.33,541617
2013-01-28,770.43,777.12,769.87,773.93,1113359
2013-01-29,774.85,774.85,767.49,770.04,188655
2013-01-30,770.14,771.97,767.9,769.46,359921
2013-01-31,775.07,775.14,770.2,770.82,728163
2013-02-01,770.91,774.55,770.31,774.26,248388
2013-02-04,775.57,775.57,767.3,768.49,280155
2013-02-05,765.08,765.08,753.95,755.33,615067
2013-02-06,757.42,760.85,752.56,752.56,330553
2013-02-07,754.69,761.19,754.69,756.78,171630
2013-02-08,756.78,762.19,756.78,757.6,283991
2013-02-11,759.06,763,755.53,756.48,246678
2013-02-12,758.34,759.98,755.9,755.9,524915
2013-02-13,754.44,755.82,749.62,751.24,297051
2013-02-14,752.71,753.83,748.63,748.83,2054537
2013-02-15,750.66,757.6,749.4,756.81,1018883
2013-02-18,754.55,756.38,752.58,756.38,710876
2013-02-19,755.54,760.85,754.83,760.85,468169
2013-02-20,761.2,761.35,758.18,759.27,1053126
2013-02-21,758.66,759.43,756.42,758.39,162849
2013-02-22,758.39,761.65,758.07,760.42,300870
2013-02-25,757.11,761.78,757.11,758.97,174270
2013-02-26,757.79,762.05,757.39,762.05,367672
2013-02-27,764.2,765.79,761.98,762.99,409502
2013-02-28,763.77,766.36,761.45,762.99,259484
2013-03-01,769.53,779.1,765.42,765.42,616749
2013-03-04,768.57,773.42,768.5,771.46,145320
2013-03-05,776.11,782.27,775.25,781.24,640395
2013-03-06,779.44,785.71,779.27,784,609968
2013-03-07,784.41,787.12,781.83,786.17,305475
2013-03-08,787.1,804.26,784.51,801.23,5759162
2013-03-11,799.99,805.18,797.89,801.03,544470
2013-03-12,800.87,806.66,799.71,806.66,410085
2013-03-13,805.93,806.07,799.9,801.87,273566
2013-03-14,803.55,814.18,803.55,811.69,848641
2013-03-15,819.11,825.82,817.3,820.11,846515
2013-03-18,813.67,818.35,813.46,814.07,399868
2013-03-19,815.91,821.7,813.4,821.7,450574
2013-03-20,819.42,828.38,817.79,827.48,5857314
2013-03-21,820.37,826.53,819.71,819.71,1009548
2013-03-22,822.72,826.41,820.45,826.41,388801
2013-03-25,825.24,832.6,824,827.71,530485
2013-03-26,828.51,830.09,827.64,829.83,243959
2013-03-27,830.59,837.26,830.03,834.7,250353
2013-03-28,840.59,842.16,834.55,838.2,205396
2013-04-02,836.91,840.01,832.61,837.52,510605
2013-04-03,835.66,836.79,829.32,829.32,326973
2013-04-04,825.34,837.39,823.89,837.39,435553
2013-04-05,835.91,836.33,831.98,836.01,285598
2013-04-08,837.2,837.2,828.89,832.02,165944
2013-04-09,832.64,837.81,830.14,831.11,471437
2013-04-10,833.72,842.05,832.7,835.23,956402
2013-04-11,836.17,837.98,832.1,834.82,352247
2013-04-12,835.63,838.12,831.42,832.26,248666
2013-04-15,837.41,838.08,829.87,834.05,283497
2013-04-16,829.6,829.6,821.78,824.79,437140
2013-04-17,828,830.72,824.9,826.11,226222
2013-04-18,820.75,820.75,808.3,808.3,376352
2013-04-19,809.49,815.09,809.17,813.43,383223
2013-04-22,819.98,830.06,819.98,825.05,405795
2013-04-23,827.15,829.62,820.03,829.62,590160
2013-04-24,828.78,833.5,828.49,831.64,396007
2013-04-25,833.31,833.31,824.31,826.22,542558
2013-04-26,829.32,830.31,823.85,827.38,743510
2013-04-29,827.6,827.6,816.5,820.33,469369
2013-04-30,820.05,829.95,819.23,829.95,1858468
2013-05-02,828.53,831.75,816.79,816.79,550167
2013-05-03,816.95,816.95,811.44,814.26,485175
2013-05-06,815.11,820.48,814.32,817.08,243072
2013-05-07,815.39,822.59,814.75,822.29,401088
2013-05-08,818.87,825.53,814.63,825.53,210284
2013-05-10,818.04,827.62,816.49,816.49,320184
2013-05-13,816.7,817.96,813.13,814.76,225263
2013-05-14,813.11,815.39,807.94,808.22,225941
2013-05-15,811.62,819.8,808.22,808.22,298500
2013-05-16,814.34,821.23,814.34,817.79,301297
2013-05-17,815.58,815.66,812.28,813.26,493868
2013-05-20,816.29,819.36,812.93,818.89,208366
2013-05-21,820,820,813.06,814.06,1200844
2013-05-22,814.54,815.27,813.47,813.47,370458
2013-05-23,813.13,813.18,802.15,802.53,691063
2013-05-24,803.76,805.7,800.34,801.58,160585
2013-05-27,804.15,804.31,796.29,798.8,113634
2013-05-28,799.06,804.71,799.06,801.06,113200
2013-05-29,807.07,810.66,803.1,803.27,367539
2013-05-30,802.97,806.85,802.97,805.36,97366
2013-05-31,807.53,808.76,805.66,806.54,319377
2013-06-03,811.86,822.79,807.86,821.7,328972
2013-06-04,822.4,824.64,817.5,822.51,270301
2013-06-05,816.43,823.93,814.36,823.27,352749
2013-06-06,823.36,823.36,815.5,819.6,489515
2013-06-07,819.22,820.86,812.51,813.17,159578
2013-06-10,814.95,815.71,810.82,815.49,149517
2013-06-11,813.73,817.3,813.24,816.68,92540
2013-06-12,814.14,816.27,813.36,815.36,351772
2013-06-13,814.79,814.79,805.29,808.62,386121
2013-06-14,808.79,810.57,806.83,806.88,122881
2013-06-17,808.72,812.01,808.46,810.65,113968
2013-06-18,812.37,817.01,810.39,816.84,363643
2013-06-19,817.06,817.65,813.47,815.15,245530
2013-06-20,815.44,816.36,811.68,811.95,417388
2013-06-21,813.36,813.36,810.06,810.98,311081
2013-06-25,810.82,812.11,807.55,808.18,337602
2013-06-26,808.18,810.02,805.68,806.51,402181
2013-06-27,805.84,807.55,804.68,805.89,338459
2013-06-28,807.88,813.52,805.41,812.73,439643
2013-07-01,813.72,816.69,808.31,816.43,295843
2013-07-02,815.2,818.27,814.78,815.36,351690
2013-07-03,816.44,818,814.28,814.42,409984
2013-07-04,814.42,814.77,809.91,813.44,837365
2013-07-05,813.36,817.62,813.36,817.5,803107
2013-07-08,819.2,819.73,814.53,815.61,101064
2013-07-09,815.56,817.77,814.16,814.33,1315890
2013-07-10,814.33,817.99,814.33,815.16,357569
2013-07-11,817.3,821.27,817.02,820.88,91772
2013-07-12,820.99,821.2,818.02,818.94,48166
2013-07-15,818.96,824.07,818.96,823.87,80681
2013-07-16,826.87,829.5,824.25,828.94,409027
2013-07-17,829.98,832.78,827.99,830.77,223836
2013-07-18,836.03,839.34,832.91,837.67,373815
2013-07-19,842.15,842.15,837.08,841.5,436337
2013-07-22,842.22,842.22,835.43,836.83,152248
2013-07-23,837.91,839.77,834.89,837.18,399196
2013-07-24,836.93,838.85,836.18,838.37,476876
2013-07-25,838.3,839.2,836.26,837.73,487462
2013-07-26,840.18,845.56,840.18,844.11,543674
2013-07-29,839.5,839.5,836.13,836.13,597997
2013-07-30,836.34,841.9,836.34,841.21,514187
2013-07-31,841.79,843.06,838.9,839.56,161609
2013-08-01,841.48,843.27,840.28,843.13,264327
2013-08-02,844.16,844.16,840.6,840.6,195537
2013-08-05,842.21,844.43,840.27,841.85,361120
2013-08-06,842.86,843.95,840.07,840.07,645742
2013-08-07,838.97,839.6,836.43,839.04,296683
2013-08-08,839.8,840.49,837.86,839.79,554086
2013-08-09,842.43,844.95,840.96,844.95,279372
2013-08-12,845.03,845.25,841.92,842.07,267661
2013-08-13,843.56,848.17,843.56,847.57,297675
2013-08-14,846.88,851.35,845.48,851.35,749061
2013-08-15,851.42,852.3,846.32,847.08,166970
2013-08-16,846.34,847.21,841.35,842.01,343290
2013-08-19,840.96,847.7,840.94,847.62,415624
2013-08-21,847.18,847.46,842.54,842.54,335457
2013-08-22,842.2,844.48,842.2,843.98,230451
2013-08-23,844.95,846.69,842.72,845.66,191947
2013-08-26,845.1,845.39,841.03,844.37,309545
2013-08-27,844.34,844.37,840.77,844.37,167180
2013-08-28,843.47,843.61,838.26,840.33,389585
2013-08-29,839.38,842.44,838.38,841.14,367135
2013-08-30,839.67,840.56,837.7,840.56,232289
2013-09-02,839.81,839.81,813.71,835.19,210327
2013-09-03,835.08,835.17,824.63,825.43,485679
2013-09-04,825.59,827.4,825.42,825.95,226054
2013-09-05,828.82,830.89,824.73,828.64,383606
2013-09-06,829.21,831.35,827.47,830.8,322593
2013-09-09,831.68,831.68,818.42,818.42,530050
2013-09-10,821.88,824.35,817.81,819.36,555820
2013-09-11,816.2,824.1,816.02,822.56,457567
2013-09-12,820.23,828.07,820.23,828.07,148367
2013-09-13,828.33,830.43,826.2,828.42,129559
2013-09-16,827.41,832.06,826.65,831.07,250353
2013-09-17,830.19,830.85,827.18,828.06,185847
2013-09-18,828.14,832.62,826.74,831.33,237924
2013-09-19,831.5,835.09,830.88,832.06,270858
2013-09-20,832.38,832.64,828.17,830.2,122645
2013-09-23,831.25,834.01,828.67,834.01,289512
2013-09-24,833.06,833.62,830.63,832.54,194701
2013-09-25,833.62,837.01,833.03,837.01,680397
2013-09-26,836.08,836.46,834.75,836.05,371569
2013-09-27,836.45,838.02,835.55,836.02,346306
2013-09-30,837.6,837.73,835.48,836.51,382445
2013-10-01,836.91,837.56,833.12,836.31,337959
2013-10-02,836.47,837.08,835.05,835.68,529387
2013-10-03,837.12,837.84,836.11,836.73,492556
2013-10-04,835.79,837.87,832.57,837.39,217443
2013-10-07,835.9,838.5,835,838.5,264521
2013-10-08,839.68,839.79,835.88,838.25,174707
2013-10-09,835.93,836.8,832.3,835.84,246029
2013-10-10,836.96,837.99,834.77,834.93,275403
2013-10-11,834.77,836.27,833.27,835.39,194028
2013-10-14,835.63,837.99,832.37,837.99,604033
2013-10-15,835.33,838.33,832.5,835.07,898615
2013-10-16,834.34,835.46,831.83,833.63,762387
2013-10-17,836.13,836.81,832.92,834.47,854479
2013-10-18,834.11,836.49,833.5,835.05,572080
2013-10-21,835.62,836.02,834.53,834.53,914607
2013-10-22,834.09,836.06,830.41,830.41,597693
2013-10-23,834.65,840.62,834.16,838.46,215271
2013-10-24,839.26,846.02,839.11,845.15,502654
2013-10-25,844.36,844.36,838.8,841.45,318538
2013-10-28,842.08,844.68,841.72,844.32,276981
2013-10-29,844.98,845.08,841.64,841.83,341985
2013-10-30,841.83,842.49,838.82,840.16,62818
2013-10-31,840.16,842.52,839.28,842.15,166663
2013-11-01,842.29,845.18,841.7,845,412441
2013-11-04,845.52,846.4,843.93,845.31,193321
2013-11-05,843.35,845.86,842.38,844.29,103840
2013-11-06,846.72,849.97,845.47,849.03,446406
2013-11-07,847.98,849.68,847.08,849.68,403571
2013-11-08,849.36,853.51,845.94,853.51,192268
2013-11-11,853.01,854.99,850.13,852.11,130112
2013-11-12,853.15,855.25,849.32,855.25,171169
2013-11-13,853.51,854.81,847.31,851.3,263313
2013-11-14,851.39,854.89,850.61,854.89,163888
2013-11-15,844.89,848.38,841.66,844.9,690513
2013-11-18,844.9,845.92,841.88,844.73,254783
2013-11-19,845.18,845.89,841.18,845.23,340589
2013-11-20,839.1,843.65,836.93,841.28,223035
2013-11-21,841.07,845.21,840.89,845.21,191219
2013-11-22,844.62,845.09,840.11,840.27,105508
2013-11-25,839.19,840.6,838.37,840.26,184918
2013-11-26,839.25,839.29,830.31,830.31,1451659
2013-11-27,831.48,834.54,831.24,831.71,267272
2013-11-28,831.75,845.25,829.82,844.13,689253
2013-11-29,843.65,843.94,841.59,841.59,119553
2013-12-02,843.33,844.19,839.04,841.06,115077
2013-12-03,841.27,841.44,836.42,839.08,312080
2013-12-04,838.73,842.84,833.13,833.42,439602
2013-12-05,833.42,834.41,829.08,830.46,958837
2013-12-06,832.4,833.53,827.25,828.75,951813
2013-12-09,829.48,832.12,824.45,825.87,705287
2013-12-10,826.15,826.19,823.17,823.89,389367
2013-12-11,824.59,824.85,814.4,815.18,660309
2013-12-12,817.15,817.15,796.14,803.3,944250
2013-12-13,801.38,801.38,797.33,799.2,558995
2013-12-16,798.85,813.26,798.85,813.26,444940
2013-12-17,818.12,819.44,815.09,818.65,546731
2013-12-18,818.16,820.63,817.34,820.38,650959
2013-12-19,821.65,822.47,811.65,814.88,651159
2013-12-20,815.09,816.22,808.36,809.49,551262
2013-12-23,807.14,809.45,804.72,804.72,432337
2013-12-27,804.06,812.83,801,812.83,558345
2013-12-30,808.31,820.11,807.44,817.72,367993
2014-01-02,821.41,826.9,821.41,822.5,330689
2014-01-03,822.89,829.97,822.09,827.11,2101444
2014-01-06,827.94,835.13,827.94,830.41,210656
2014-01-07,832.91,835.32,832.26,834.69,201117
2014-01-08,836.4,836.53,832.56,833.85,429744
2014-01-09,834.08,836.37,831.38,836.06,160535
2014-01-10,835.8,837.61,834.6,836.35,201112
2014-01-13,836.67,839.54,836.38,839.22,444221
2014-01-14,839.43,839.43,832.04,833.31,1536768
2014-01-15,834.23,838.24,833.34,837.94,230808
2014-01-16,838.12,840.59,833.42,834.72,258393
2014-01-17,835.29,837.12,834.45,836.18,784055
2014-01-20,835.56,836.81,834.12,835.13,84383
2014-01-21,836.2,838.86,835.15,838.86,429682
2014-01-22,840.7,841.58,839.44,840.68,119884
2014-01-23,842.08,842.97,841.03,841.41,229874
2014-01-24,841.69,842.74,836.91,838.2,370780
2014-01-27,837.83,837.83,833.8,837.47,155235
2014-01-28,836.87,837.85,832.23,836.11,118318
2014-01-29,834.78,838.69,833.64,836.99,338097
2014-01-30,836.99,837.28,835.22,835.58,54495
2014-01-31,835.83,835.83,832.45,832.45,275385
2014-02-03,834.24,836.36,833.13,834.51,261098
2014-02-04,831.85,831.85,824.62,828.84,204596
2014-02-05,829.84,833.08,828.1,833.01,211989
2014-02-06,832.44,833.03,828.47,828.47,149321
2014-02-07,831.29,832.04,828.95,830.78,189851
2014-02-10,830.84,831.51,826.26,828.19,163435
2014-02-11,828.93,834.65,828.93,832.63,207691
2014-02-12,830.15,831.67,824.81,831.03,129667
2014-02-13,832.71,834.12,828.52,829.7,356530
2014-02-14,826.95,828.09,824.19,826.27,246082
2014-02-17,823.19,828.6,822.32,823.22,416749
2014-02-18,824.93,829.08,824.36,828.56,181177
2014-02-19,827.86,828.18,824.33,827.85,161779
2014-02-20,828.61,829.96,825.35,827.23,341419
2014-02-21,827.23,828.61,825.8,826.18,121328
2014-02-25,828.75,831.28,825.14,825.27,463660
2014-02-26,825.11,826.6,821.35,823,147598
2014-02-27,824.76,830.24,824.4,827.22,359996
2014-02-28,833.74,833.74,824.49,824.49,355629
2014-03-03,820.28,820.28,804.99,807.43,631684
2014-03-04,807.26,815.55,807.09,813.2,267142
2014-03-05,815.19,818.48,811.66,817.18,197678
2014-03-06,816.06,820.08,815.88,816.21,164116
2014-03-07,816.72,818.28,814.91,817.47,439743
2014-03-10,817.49,818.85,813.04,814.5,450824
2014-03-11,815.1,815.71,810.18,812.29,187437
2014-03-12,813.34,814.42,809.32,809.68,398545
2014-03-13,809.69,810.14,794.72,794.72,543886
2014-03-14,792.99,792.99,772,777.9,1349167
2014-03-17,779.07,785.87,778.11,783.33,1186962
2014-03-18,789.22,793.3,789.04,792.36,677042
2014-03-19,795.59,795.59,792.8,793.78,230947
2014-03-20,793.12,793.48,789.24,789.84,181863
2014-03-21,788.97,791.75,787.72,789.22,239881
2014-03-24,791.54,797.14,791.54,794.94,358132
2014-03-25,797.8,801.42,796.8,799.92,384004
2014-03-26,801.15,803.23,800.01,802.81,344844
2014-03-27,801.13,802.26,798.7,799.51,302397
2014-03-28,800.98,800.98,793.64,795.5,338609
2014-03-31,795.76,797.6,793.25,796.54,209999
2014-04-01,796.68,799.35,795.61,798.39,265078
2014-04-02,800.5,801.75,797.24,799.58,326536
2014-04-03,800.85,801.87,797.77,801.87,711892
2014-04-04,802.82,805.32,799.77,805.32,913691
2014-04-07,805.44,807.55,803.65,805.53,202498
2014-04-08,799.23,803.43,796.55,801.44,226820
2014-04-09,801.88,801.88,793.74,797.29,267177
2014-04-10,798.91,799.99,795.76,797.4,124566
2014-04-11,795.92,801.01,793.87,794.89,604290
2014-04-14,795.72,796.9,792.89,794.41,359067
2014-04-15,794.94,795.6,789.68,793.47,558722
2014-04-16,796.08,796.08,790.21,792.88,180909
2014-04-17,792.97,793.32,790.73,793.26,290729
2014-04-22,793.12,796.7,791.58,796.7,161198
2014-04-23,794.92,799.5,793.34,799.5,118502
2014-04-24,798.76,800.88,797.44,800.1,197307
2014-04-25,799.69,799.69,791.58,795.76,464647
2014-04-28,797.2,798.61,790.55,791.21,119666
2014-04-29,793.05,795.29,789.25,791.31,552842
2014-04-30,791.59,792.54,786.65,790.49,180580
2014-05-02,790.33,794.98,789.64,794.81,100329
2014-05-05,795.5,795.5,790.3,790.66,168890
2014-05-06,787.15,792.6,787.15,789.31,986177
2014-05-07,790.69,792.89,789.52,791.29,594882
2014-05-08,786.34,788.22,782.21,782.54,507161
2014-05-09,782.6,782.6,777.48,782.53,322975
2014-05-12,784.06,784.06,778.69,780.59,214722
2014-05-13,780.72,782.03,775.99,777.17,509546
2014-05-14,775.08,781.26,774.69,779.32,270118
2014-05-15,780.55,780.86,773.22,773.22,478729
2014-05-16,773.24,776.85,773.15,775.81,189137
2014-05-19,775.05,779.46,775.05,777.68,151307
2014-05-20,776.96,779.85,773.09,777.32,276944
2014-05-21,778.03,778.4,775.29,775.29,187866
2014-05-22,775.87,778.2,773.45,773.45,70712
2014-05-23,774.34,777.97,774.04,777.97,293356
2014-05-26,775.8,783.12,775.8,780.06,133507
2014-05-27,780.78,784.62,779.26,783.28,266804
2014-05-28,784.93,785.54,781.75,783.89,326155
2014-05-30,787.15,798.68,781.84,798.68,731738
2014-06-02,795.36,795.74,790.82,793.25,141487
2014-06-03,793.93,793.93,788.27,792.62,427989
2014-06-04,790.12,790.66,787.92,787.92,214504
2014-06-05,787.92,790.87,787.79,790.87,131036
2014-06-06,791.81,793.18,789.22,790.92,1152712
2014-06-09,790.92,794.94,790.92,791.65,304169
2014-06-10,793.29,801.14,793.29,800.54,179833
2014-06-11,801.81,807.32,800.42,801.43,104219
2014-06-12,803.4,804.4,800.33,803.55,288418
2014-06-13,805.6,805.6,799.81,805.2,290814
2014-06-16,806.86,806.86,800.17,805.54,239567
2014-06-17,805.71,807,801.31,801.31,456421
2014-06-18,801.49,803.67,801.14,802.67,151635
2014-06-19,801.26,804.68,800.68,800.68,314305
2014-06-20,805.8,806.04,801.89,804,333403
2014-06-25,801.46,806.51,801.46,803,265926
2014-06-26,801.19,804.04,797.67,798.33,208704
2014-06-27,800.1,801.57,795.98,797.46,330040
2014-06-30,797.24,806.32,796.92,802.26,474509
2014-07-01,802.18,805.61,799.69,804.56,207174
2014-07-02,805.58,807.32,803.95,805.69,148990
2014-07-03,805.77,808.33,804.42,808.17,197105
2014-07-04,808.43,808.93,805.17,805.17,417338
2014-07-07,805.39,806.32,803.17,805.79,96990
2014-07-08,806.05,806.91,803.21,803.39,178505
2014-07-09,803.82,806.09,803.22,804.48,185825
2014-07-10,804.4,804.65,797.07,798.72,283064
2014-07-11,800.85,801.09,797.79,800.5,265140
2014-07-14,798.99,799.89,797.38,798.99,129904
2014-07-15,799.9,804.15,796.51,802.37,204649
2014-07-16,803.16,805.08,801.99,804.86,158762
2014-07-17,806.05,807.02,798.96,801.7,124501
2014-07-18,799.54,801.35,795.44,800.69,273134
2014-07-21,799.17,799.17,794.29,795.21,65076
2014-07-22,796.03,798.32,792.65,792.65,52422
2014-07-23,793.47,795.91,793.42,795.91,105500
2014-07-24,796.21,798.32,793.39,794.84,153207
2014-07-25,795.41,796.96,793.95,794.47,167585
2014-07-28,794.36,795.04,790.22,790.22,218424
2014-07-29,791.91,795.13,791.9,791.9,197713
2014-07-30,792.76,794.71,792.75,794.69,325488
2014-07-31,794.28,795.02,791.95,792.02,173691
2014-08-01,791.58,792.98,785.32,789.81,487625
2014-08-04,787.9,788.8,781.99,784.85,219443
2014-08-05,783.69,786.25,783.16,785.92,343669
2014-08-06,785.4,786.91,779.99,780.58,399558
2014-08-07,778.52,778.52,766.63,768.06,389259
2014-08-08,764.53,764.53,753.27,756.32,768211
2014-08-11,758.54,769.61,757.65,769.48,251465
2014-08-12,769.51,770.82,765.9,768.65,63429
2014-08-13,769.05,772.91,767.77,772.86,89493
2014-08-14,773.33,773.33,762.84,765.74,163553
2014-08-15,763.92,768.18,763.92,766.39,76298
2014-08-18,765.96,766.85,762.54,765.07,128361
2014-08-19,764.77,768.78,764.77,766.41,123293
2014-08-21,772.08,775.12,769.36,775.12,408847
2014-08-22,775.33,781.72,775.33,778.99,239527
2014-08-25,780.19,786.32,780.19,785.47,187526
2014-08-26,787.96,788.95,784.99,785.83,165643
2014-08-27,784.89,790.32,784.89,790.32,125056
2014-08-28,791.83,791.83,780.26,784.05,250088
2014-08-29,783.7,784.6,777.98,777.98,159372
2014-09-01,779.7,779.72,775.81,779,356080
2014-09-02,778.2,779.43,774.15,777.91,350333
2014-09-03,777.91,781.76,777.17,777.17,299532
2014-09-04,776.87,777.72,767.97,767.97,276772
2014-09-05,768.45,772.39,768.45,769.77,323369
2014-09-08,768.83,772.54,768.25,768.83,379582
2014-09-09,768.19,770.2,764.94,767.13,262335
2014-09-10,765.74,769.33,765.34,766.29,341811
2014-09-11,767.32,770.64,766.19,767.2,537028
2014-09-12,767.93,769.39,765.12,766.41,97252
2014-09-15,765.32,767.13,764.4,766.81,75486
2014-09-16,766.38,766.38,762.47,763.44,310769
2014-09-17,763.74,766.72,762.53,765.49,170514
2014-09-18,765.56,766.37,763.71,763.71,116736
2014-09-19,764.39,765.36,757.47,763.87,256995
2014-09-22,764.43,767.11,763.35,766.02,246052
2014-09-23,766.85,767.22,765.33,766.04,286064
2014-09-24,766.67,766.67,761.97,762.3,159434
2014-09-25,762.3,765.99,761.65,761.76,266310
2014-09-26,761.18,764.84,761.18,761.47,171912
2014-09-29,762.48,763.07,760.03,761.63,122645
2014-09-30,761.73,765.38,761.14,765.22,648997
2014-10-01,767.03,768.42,764.65,766.29,315766
2014-10-02,764.11,766.87,764.09,765.67,71186
2014-10-03,766,766,760.73,762.74,100238
2014-10-06,764.95,767.65,762.73,766.4,480721
2014-10-07,767.07,767.75,759.95,764.46,230643
2014-10-08,767.79,768.37,762.5,765,798311
2014-10-09,764.86,765.36,763.14,763.14,133718
2014-10-10,763.36,763.36,758.8,760.23,395681
2014-10-13,759.49,760.53,758.23,759.63,146770
2014-10-14,758.5,758.5,750.44,750.48,886625
2014-10-15,751.79,753.45,740.28,740.28,726641
2014-10-16,740.58,742.36,729.02,731.61,865310
2014-10-17,730.75,740.78,730.51,737.49,634912
2014-10-20,737.75,739.88,735.91,737.19,242299
2014-10-21,734.94,739.44,733.31,739.14,369484
2014-10-22,737.23,737.91,733.74,735.71,275958
2014-10-23,736.03,743.06,736.03,737.53,294666
2014-10-24,737.48,739.5,732.59,737.11,700395
2014-10-27,737.55,742.68,737.35,739.32,73120
2014-10-28,742.65,743.42,739.8,741.6,163798
2014-10-29,742.75,747.3,742.75,746.41,183171
2014-10-30,749.46,752.27,748.99,750.22,201953
2014-10-31,751.58,759.98,750.59,759.89,303347
2014-11-03,761.41,762.43,758.29,760.96,153525
2014-11-04,761.31,762.2,753.29,753.29,123208
2014-11-05,753.33,757.89,753.33,755.78,120361
2014-11-06,758.75,760.9,757.69,759.13,1203320
2014-11-07,764.51,766.53,759.82,764.99,457999
2014-11-10,766.6,769.46,765.29,767.94,159013
2014-11-11,768,768,764.94,766.63,49442
2014-11-12,765.32,765.62,759.33,759.33,247823
2014-11-13,760.16,763.13,759.71,759.71,221561
2014-11-14,759.01,763.89,759.01,762.3,158444
2014-11-17,762.3,762.3,758.44,759.91,556866
2014-11-18,760.87,760.87,757.97,758.99,101752
2014-11-19,758.36,758.83,755.84,758.53,156410
2014-11-20,758.88,759.86,756.18,758.07,60957
2014-11-21,759.33,759.9,757.74,758.68,107085
2014-11-24,758.26,761.37,757.84,760.28,185062
2014-11-25,762.07,770.35,761.98,770.35,268808
2014-11-26,772.57,773.33,770.36,770.59,396539
2014-11-27,771.39,772.05,768.04,771.62,205834
2014-11-28,771.62,777.96,771.62,776.09,447456
2014-12-01,774.3,776.63,771.65,776.53,482009
2014-12-02,775.48,776.48,771.8,776.26,618269
2014-12-03,776.74,778.16,774.2,777.65,282561
2014-12-04,777.95,783.25,777.04,782.06,227345
2014-12-05,783.66,784.58,780.43,781.3,116796
2014-12-08,779.27,781.75,777.6,780.06,140169
2014-12-09,779.29,779.45,775.92,776.9,254857
2014-12-10,778.04,780.62,771.89,773.11,367424
2014-12-11,774.51,775.61,766.8,766.8,936930
2014-12-12,767.27,767.27,754.96,759.33,538337
2014-12-15,762.21,762.65,757.98,761.51,203213
2014-12-16,759.31,759.31,752.92,754.34,362543
2014-12-17,751.68,755.72,749.22,751.33,742477
2014-12-18,753.57,764.79,753.57,759.15,175654
2014-12-19,760.05,763.98,759.12,762.5,493844
2014-12-22,761.41,761.41,754.86,760.51,478334
2014-12-23,754.86,755.91,751.7,753.76,541888
2014-12-29,754.76,756.97,754.28,756.18,100668
2014-12-30,757.17,759.15,750.68,755.05,217949
2015-01-02,756.1,761.72,755.46,760.49,208948
2015-01-05,764.05,766.82,764.05,765.39,115263
2015-01-06,765.42,766.61,761.63,761.63,97745
2015-01-07,760.73,765.61,759.5,765.24,424474
2015-01-08,765.01,767.63,763.08,767.23,118835
2015-01-09,767.96,771.39,767.62,770.88,510845
2015-01-12,768.55,772.69,768.55,771.15,161650
2015-01-13,771.87,777.87,771.3,777.87,2692046
2015-01-14,777.57,777.57,772.11,774.69,1708194
2015-01-15,775,779.26,774.84,779.21,122618
2015-01-16,779.9,783.63,777.09,783.5,771550
2015-01-19,786.11,790.87,785.11,789.97,1207471
2015-01-20,789.91,803.72,789.91,802.46,376783
2015-01-21,803.86,810.11,801.23,808.91,388220
2015-01-22,811.33,825.63,811.33,825.63,827373
2015-01-23,828.76,834.68,817.71,820.45,713947
2015-01-26,819.56,819.66,813.17,817.47,192692
2015-01-27,817.45,819.67,814.69,816.14,76107
2015-01-28,818.02,819.05,814.44,815.53,143929
2015-01-29,811.07,817.57,810.65,815.46,130692
2015-01-30,815.23,818.49,813.26,815.45,282290
2015-02-02,814.81,820.09,813.69,819.17,340374
2015-02-03,813.93,818.11,813.02,816.98,482843
2015-02-04,816.01,817.78,814.22,816.12,502097
2015-02-05,816.31,818.08,812.38,817.08,295993
2015-02-06,817.75,825.03,816.05,820.45,1051036
2015-02-09,823.27,828.51,819.7,826.67,1227704
2015-02-10,828.64,832.68,827.76,831.31,373451
2015-02-11,834.24,842.54,832.71,841.86,552401
2015-02-12,848.72,854.21,847.01,852.98,1166002
2015-02-13,855.68,856.56,849.04,851.64,1120263
2015-02-16,850,850,844.48,847.81,219536
2015-02-17,847.06,847.21,840.65,842.31,493596
2015-02-18,841.91,843.76,839.01,841.6,1123134
2015-02-19,843.91,845,841.23,844.95,300725
2015-02-20,845.12,847.78,843.11,844.95,540764
2015-02-23,847.55,851.39,846.61,851.39,1269032
2015-02-25,851.96,852,844.88,850.43,318296
2015-02-26,847.52,847.52,837.87,843.31,726747
2015-02-27,843.76,858.64,843.76,856.53,627289
2015-03-02,858.91,859.44,853.02,853.53,852455
2015-03-03,860.46,863.98,859.23,860.5,575236
2015-03-04,858.69,863.31,857.86,860.47,217065
2015-03-05,861.72,867.12,861.72,864.84,268615
2015-03-06,864.44,865.13,859.31,863.81,247400
2015-03-09,862.15,865.15,861.81,863.04,108445
2015-03-10,865.25,867.49,863.26,865.77,414034
2015-03-11,866.47,866.65,861.97,863.81,200274
2015-03-12,863.68,864.4,859.66,862.56,161644
2015-03-13,863.1,866.52,861.16,864.73,367716
2015-03-16,864.57,867.5,861.58,867.5,234979
2015-03-17,867.7,867.7,864.48,865.26,334301
2015-03-18,866.86,869.55,860.68,869.55,209294
2015-03-19,870.48,870.48,860.97,860.99,234634
2015-03-20,860.33,865.41,860.11,863.68,165673
2015-03-23,865.44,865.94,860.92,863.29,152154
2015-03-24,862.75,862.75,858.92,860.31,152766
2015-03-25,860.75,863.61,860.27,861.46,356132
2015-03-26,859.93,862.61,859.93,861.01,295748
2015-03-27,860.45,862.68,858.99,861.8,111245
2015-03-30,863.57,864.94,862.36,863.77,77390
2015-03-31,863.97,864.3,861.04,862.86,141927
2015-04-01,863.05,867.23,859.12,867.23,114252
2015-04-02,865.94,871.33,862.57,871.33,254671
2015-04-07,870.8,877.23,869.44,874.68,322552
2015-04-08,877.46,884.57,877.46,883.54,697242
2015-04-09,885.29,885.36,879.14,883.34,161547
2015-04-10,886.83,888.3,884.38,887.68,221958
2015-04-13,887.1,887.21,883.71,886.1,327047
2015-04-14,886.79,891.19,883.75,886.46,465257
2015-04-15,887.95,888.13,883.61,884.83,385582
2015-04-16,885.48,891.63,883.92,891.63,270813
2015-04-17,891.9,892.31,887.74,889.39,204615
2015-04-20,889.4,893.34,887.42,892.76,211442
2015-04-21,891.37,893.48,889,891.78,219663
2015-04-22,895.2,897.77,892.97,892.97,194242
2015-04-23,892.23,894.4,884.8,889.99,297339
2015-04-24,892.99,892.99,887.93,890.16,186724
2015-04-27,891.5,895.13,883.68,886.92,259006
2015-04-28,884.97,885.1,878.41,879.09,287106
2015-04-29,878.96,880.3,876.03,878.14,234195
2015-04-30,878.08,880.71,876.02,877.83,156979
2015-05-04,879.45,885.19,877.91,882.69,229770
2015-05-05,881.86,888.04,881.86,882.97,141009
2015-05-06,887.49,887.49,877.92,882.85,370308
2015-05-07,880.55,880.55,870.67,870.67,507242
2015-05-08,873.85,873.85,853.82,853.82,968811
2015-05-11,858.71,859.47,852.6,852.6,202128
2015-05-12,855.82,855.88,846.94,848.42,250477
2015-05-13,848.67,853.46,848.32,851.82,403049
2015-05-15,852.77,861.12,851.69,860.11,249813
2015-05-18,859.34,865.8,858.44,863.09,96959
2015-05-19,862.5,868.89,861.73,868.22,561635
2015-05-20,871.57,876.23,869.06,874.55,254126
2015-05-21,875.15,876.21,871.92,871.95,171587
2015-05-22,873.39,874.98,870.52,874.2,215696
2015-05-25,873.83,876.06,868.19,869.24,113252
2015-05-26,870.09,871.14,866.83,869.25,597924
2015-05-27,868.5,869.07,858.11,858.68,453883
2015-05-28,858.47,861.63,850.59,854.68,1386239
2015-05-29,857.46,858.04,851,856.8,282416
2015-06-01,858.24,868.45,858.06,866.49,369289
2015-06-02,866.23,866.47,861.05,865.68,710012
2015-06-03,867.19,868.81,862.81,867.39,1243795
2015-06-04,864.76,868.42,863.5,863.5,179451
2015-06-05,863.41,870.76,863.41,869.43,208999
2015-06-08,866.74,866.87,855.39,855.94,409461
2015-06-09,864.04,864.04,854.06,854.45,601756
2015-06-10,859.55,859.55,851.98,851.98,175151
2015-06-11,851.95,858.81,851.85,854.95,371692
2015-06-12,857.76,859.21,852.37,852.54,291435
2015-06-15,855.36,857.98,850.27,851.4,305675
2015-06-16,852.48,852.48,846.01,846.01,189588
2015-06-17,848.71,849.64,846.5,848.76,837262
2015-06-18,847.7,849.83,845.16,846.63,537095
2015-06-19,845.52,847.63,843.96,843.96,142569
2015-06-22,848.08,853.9,848.08,853.9,336151
2015-06-25,852.46,856.96,851.04,856.96,286218
2015-06-26,854.57,856.36,845.1,855.31,192003
2015-06-29,843.03,843.03,833.96,839.34,568786
2015-06-30,838.05,846.43,836.53,844.7,119397
2015-07-01,846.29,858.02,842.26,857.6,408195
2015-07-02,856.37,861,854.91,861,187230
2015-07-03,862.34,862.34,855.81,856.15,380144
2015-07-06,851.67,852.59,848.52,849.91,122083
2015-07-07,849.32,852.76,848.12,852.76,305090
2015-07-08,852.17,852.17,844.06,844.65,124793
2015-07-09,845.91,847.76,838.6,840.2,477110
2015-07-10,841.14,846.11,839.09,840.43,435571
2015-07-13,843.7,849.23,841.78,847.07,1023942
2015-07-14,850,851.68,847.44,851.55,596278
2015-07-15,851.69,853.58,848.93,851.28,1124000
2015-07-16,851.04,856.09,850.13,854.53,342944
2015-07-17,855.84,857.18,853.58,856.47,90443
2015-07-20,856.96,860.97,855.68,859.7,129541
2015-07-21,862.32,862.59,857.42,859.47,83767
2015-07-22,859.97,859.97,853.56,858.09,108336
2015-07-23,858.11,860.85,856.03,858.09,64578
2015-07-24,860.56,864.38,860.56,860.67,72573
2015-07-27,865.39,867.96,862.36,862.36,760028
2015-07-28,868.13,870.54,867.07,867.07,535851
2015-07-29,869.68,876.98,869.27,869.27,389866
2015-07-30,876.11,877.71,870.97,876.98,112265
2015-07-31,870.98,873.53,866.97,873.53,102627
2015-08-03,869.14,873.14,868.19,868.19,105335
2015-08-04,872.56,877.07,871.73,871.73,122575
2015-08-05,877,882.25,876.59,881.21,381240
2015-08-06,878.18,886.18,878.18,886.18,658669
2015-08-07,886.82,887.78,884.64,886.68,237586
2015-08-10,887.83,890.97,887.35,890.58,331942
2015-08-11,890.58,893.6,888.93,893.6,237072
2015-08-12,895.69,896.25,891.29,891.6,285439
2015-08-13,903.61,904.93,899.21,903.82,552148
2015-08-14,908.7,912.59,908.7,911.45,547786
2015-08-17,910.85,914.19,909.88,912.4,305735
2015-08-18,913.96,913.96,906.19,906.19,155042
2015-08-19,908.89,909.61,907.53,908.77,468950
2015-08-21,906.61,906.61,893.32,895.69,510078
2015-08-24,869.2,869.76,850.64,850.64,1655211
2015-08-25,851.44,869.72,848.47,869.72,873203
2015-08-26,865.7,869.48,864.75,867.15,569498
2015-08-27,876.43,885.11,871,882.77,611449
2015-08-28,884.35,886.36,876.89,879.55,355240
2015-08-31,880.06,882.05,876.12,876.12,305764
2015-09-01,875.1,875.47,868.83,869.69,301080
2015-09-02,870.52,873.95,868.26,873.95,205560
2015-09-03,873.22,880.86,873.22,880.86,483106
2015-09-04,880.42,881.48,875.89,877.92,796338
2015-09-07,877.64,881.27,877.32,880.24,81118
2015-09-08,880.14,881.79,877.8,881.79,101706
2015-09-09,881.99,886.07,880.66,880.83,140473
2015-09-10,882.23,882.96,878.56,879.17,186067
2015-09-11,880.77,882.99,879.68,882.67,170710
2015-09-14,880.99,883.58,880.99,883.58,340427
2015-09-15,882.47,884.48,880.37,880.37,409753
2015-09-16,881.34,884.76,881.34,884.6,171769
2015-09-17,885.33,888.93,884.61,887.42,196024
2015-09-18,889.35,889.71,884.32,887.17,243010
2015-09-21,885.59,885.59,877.43,883.31,102043
2015-09-22,883.59,883.6,817.34,876.92,142395
2015-09-23,875.29,879.27,872.8,877.12,398408
2015-09-24,877.77,877.77,867.95,868.3,198914
2015-09-25,870.9,874.27,869.12,870.9,648289
2015-09-28,874.55,874.63,869.46,873.6,111527
2015-09-29,873.61,873.61,867.38,869.96,187084
2015-09-30,871.42,875.82,863.21,863.21,183436
2015-10-01,867.1,875.81,866.68,866.68,343670
2015-10-02,868.38,872.96,866.6,869.2,211016
2015-10-05,869.96,877.91,869.96,873.28,417867
2015-10-06,873.74,875.82,870.61,870.61,640864
2015-10-07,871.46,871.46,863.91,864.23,473653
2015-10-08,864.52,867.96,864.42,864.72,186613
2015-10-09,865.58,868.96,862.64,865.92,845662
2015-10-12,867.82,868.54,858.7,861.37,1112122
2015-10-13,862.32,864.82,859.77,863.5,705351
2015-10-14,865.07,866.73,862.46,863.11,257139
2015-10-15,864.46,866.98,862.48,862.48,906839
2015-10-16,863.52,869.36,863.12,869.04,176001
2015-10-19,867.22,871.51,866.47,867.52,152998
2015-10-20,867.57,869.32,866.91,867.22,383751
2015-10-21,867.8,868.3,865.69,866.42,105685
2015-10-22,865.78,867.05,863.66,865.75,123509
2015-10-23,864.02,866.91,862.35,866.79,112972
2015-10-26,867.52,867.56,862.47,863.52,84891
2015-10-27,865.48,865.74,858.15,859.28,315249
2015-10-28,861.76,863.01,859.55,862.11,243400
2015-10-29,862.11,864.18,862.11,862.71,153407
2015-10-30,863.45,871.93,861.86,869.03,391064
2015-11-02,871.54,871.54,866.64,869.14,246644
2015-11-03,870.49,872.13,868.34,868.45,322558
2015-11-04,869.09,874.6,868.24,873,314242
2015-11-05,875.45,875.45,868.15,868.69,172899
2015-11-06,870.71,880.01,870.71,876.3,553290
2015-11-09,879.79,880.71,870.68,873.88,252746
2015-11-10,877.12,881.31,873.65,880.39,320984
2015-11-11,880.54,884.34,879.21,882.15,377828
2015-11-12,880.3,884.2,877.97,884.2,513860
2015-11-13,882.36,885.7,880.45,880.45,248243
2015-11-16,882.45,882.45,874.27,878.09,350758
2015-11-17,878.09,880.37,872.72,876.43,1391384
2015-11-18,878.16,881.02,877.41,879.33,287892
2015-11-19,880.05,881.25,877.71,878.71,73538
2015-11-20,881.31,881.71,878.28,881.56,110361
2015-11-23,881.05,883.96,879.49,879.49,319401
2015-11-24,881.8,883.79,878.74,879.23,349536
2015-11-25,881.95,888.53,881.95,888.11,165491
2015-11-26,887.78,892.02,885.94,892.02,290271
2015-11-27,892.93,893.4,889.71,893.01,175217
2015-11-30,895.52,898.46,890.9,890.9,510502
2015-12-01,891.3,897.12,891.3,894.08,319467
2015-12-02,894.64,899.23,894.64,894.87,203106
2015-12-03,895.41,902.55,895.41,901.31,165366
2015-12-04,901.31,905.19,899.93,904.24,167646
2015-12-07,904.61,908.16,902.01,908.16,92809
2015-12-08,908.71,909.45,901.6,903.1,232550
2015-12-09,905.99,905.99,901.53,901.53,309613
2015-12-10,901.53,903.2,897.33,900.23,155461
2015-12-11,895.79,902.35,894.37,900.62,157387
2015-12-14,900.27,900.83,888.96,890.25,212323
2015-12-15,889.6,894.07,885.05,887.5,229666
2015-12-16,885.03,888.19,881.78,886.65,164289
2015-12-17,891.69,895.83,888.01,889.67,371811
2015-12-18,890.13,890.91,878.43,883.7,13761226
2015-12-21,884.77,894.09,883.32,893.89,294673
2015-12-22,893.89,898.73,893.27,898.73,775613
2015-12-23,898.49,900.54,894.69,897.05,363709
2015-12-28,898.62,901.82,892.05,896.59,94547
2015-12-29,899.09,899.4,895.32,898.36,226472
2015-12-30,898.34,900.46,895.91,898.99,273957
2016-01-04,896.23,896.48,891.14,891.75,291441
2016-01-05,892.95,900.95,892.95,897.11,201582
2016-01-06,899.42,899.53,895.47,895.6,228912
2016-01-07,896.08,896.08,882.24,884.5,441022
2016-01-08,884.93,890.67,884.76,886.9,176552
2016-01-11,887.41,890.97,885.48,888.31,160261
2016-01-12,891.2,895.94,888.86,893.79,636673
2016-01-13,894.18,895.47,892.42,892.6,954622
2016-01-14,893.75,893.93,885.82,891.06,248428
2016-01-15,893.4,893.4,885.07,885.07,266496
2016-01-18,885.7,892.18,883.96,884.33,582586
2016-01-19,884.12,885.9,878.27,880.13,390169
2016-01-20,879.94,879.94,872.63,875.15,1245399
2016-01-21,871.13,871.55,861.61,864,473713
2016-01-22,863.26,874.54,863.26,874.54,252598
2016-01-25,871.17,879.29,871.17,877.79,578653
2016-01-26,875.5,876.34,869.81,872.67,69369
2016-01-27,872.07,880.91,872.07,879.88,187265
2016-01-28,879.88,881.23,877.4,881.23,84847
2016-01-29,879.99,884.6,879.99,881.46,194211
2016-02-01,875.65,883.96,874.69,883.96,336019
2016-02-02,884.84,889.25,883.09,885.92,267418
2016-02-03,887.81,892.15,887,891.31,311596
2016-02-04,891.31,893.55,886.2,886.2,153666
2016-02-05,886.29,893.39,885.33,891.09,355342
2016-02-08,891.09,893.7,887.66,889.99,318355
2016-02-09,890.43,891.39,882.79,882.94,255002
2016-02-10,880.83,882.68,879.15,882.5,231365
2016-02-11,885.96,887.77,882.16,882.16,151443
2016-02-12,883.72,884.37,880.15,882.01,191556
2016-02-15,882.34,890.44,882.34,888.82,233939
2016-02-16,889.57,891.91,889.3,890.47,178295
2016-02-17,891.31,891.32,888.49,890.13,458044
2016-02-18,889.98,896.26,888.42,895.86,480277
2016-02-19,897.02,903.12,896.57,901.67,749603
2016-02-22,901.67,905.02,900.6,904.1,1102258
2016-02-23,905.24,915.64,905.24,915.64,441788
2016-02-25,916.58,917.63,913.36,917.63,233585
2016-02-26,916.94,927.12,916.94,926.15,598639
2016-02-29,926.15,927.62,916.91,926.89,386161
2016-03-01,929.71,933.29,927.84,929.64,496218
2016-03-02,938.1,948.68,937.85,948.66,617690
2016-03-03,953.29,960.08,951.45,959.26,586798
2016-03-04,960.22,960.22,955.33,956.75,450338
2016-03-07,958.66,961.88,952.78,952.78,246409
2016-03-08,950.15,951.38,946.91,950.08,679984
2016-03-09,951.22,952.18,946.73,947.29,453279
2016-03-10,947.43,953.32,947.26,953.03,153999
2016-03-11,954.93,956.21,953.02,956.21,60713
2016-03-14,956.77,958.16,951.57,956.24,82845
2016-03-15,957.44,959.14,952.47,954.25,18904528
2016-03-16,954.68,958.15,952.91,955.87,227200
2016-03-17,958.1,966.52,956.53,966.52,159159
2016-03-18,966.75,970.63,965,970.63,1043486
2016-03-21,971.93,972.73,963.33,963.33,482332
2016-03-22,963.19,967.93,962.8,966.6,63645
2016-03-23,963.21,969.6,962.78,968.65,289664
2016-03-24,967.22,972.71,966.33,972.68,75916
2016-03-29,971.33,971.58,967.24,968.8,761482
2016-03-30,965.82,968,964.06,964.99,112727
2016-03-31,965.33,971.56,964.61,970.6,333364
2016-04-01,971.41,971.41,964.55,964.55,175797
2016-04-04,967.27,971.01,964.06,970.37,265909
2016-04-05,972.1,973.36,965.47,965.6,208925
2016-04-06,967.66,969.94,966.43,969.09,171622
2016-04-07,965.14,969.01,964.42,964.42,70477
2016-04-08,963.13,966.85,961.19,964.99,255969
2016-04-11,965.01,969.79,963.19,969.79,83100
2016-04-12,970.71,972.89,964.88,968.35,162918
2016-04-13,968.35,968.35,962.67,966.84,93448
2016-04-14,965.36,974.77,964.58,974.42,207556
2016-04-15,977.85,977.85,971.5,975.89,281826
2016-04-18,977.4,977.4,971.59,973.74,117992
2016-04-19,974.77,976.07,971.03,975,107246
2016-04-20,975.26,975.28,969.26,971.08,55539
2016-04-21,971.4,971.78,967.58,971.75,112546
2016-04-22,971.53,973.21,966.96,973.12,94834
2016-04-25,974.98,975.17,967.85,968.24,478137
2016-04-26,971.3,986.93,971.3,985.97,654357
2016-04-27,990.6,991.69,984.83,986.21,351206
2016-04-28,988.32,991.69,986.62,989.83,423702
2016-04-29,992.95,992.95,988.47,989.67,138719
2016-05-02,989.67,995.17,988.62,989.36,96760
2016-05-03,990.58,992.36,988.56,990.22,284407
2016-05-04,992.7,992.7,988.04,988.23,114439
2016-05-06,989.36,989.36,979.38,983.83,298007
2016-05-09,982.85,987.9,982.04,986.33,232850
2016-05-10,987.05,989.81,986.02,989.81,184982
2016-05-11,991.34,992.49,982.2,990.14,471902
2016-05-12,992.75,993.26,985.91,986.11,474449
2016-05-13,986.65,989.83,985.71,986.01,23036740
2016-05-16,986.73,989.58,981.43,982.95,171588
2016-05-17,987.32,987.32,980.53,981.21,163705
2016-05-18,981.81,982.68,975.84,978.26,148215
2016-05-19,978.37,989.72,978.37,989.52,221403
2016-05-20,990.27,993.02,986.52,988.37,331869
2016-05-23,988.54,991.92,987.9,988.23,976637
2016-05-24,988.18,991.1,986.23,991.1,321727
2016-05-25,991.67,995.04,990.84,995.04,325603
2016-05-26,995.07,995.07,990.04,994.05,170542
2016-05-27,994.03,998.46,993.09,997.8,227565
2016-05-30,994.11,994.76,986.82,988.24,1331066
2016-05-31,988.64,990.07,986.62,989.38,175100
2016-06-01,989.38,992.27,986.98,991.34,166107
2016-06-02,992.08,997.81,990.27,995.34,751333
2016-06-03,996.8,1006.24,995.45,1006.24,306238
2016-06-06,1006.29,1006.47,994.58,996.34,1160409
2016-06-07,1001.7,1001.7,996.41,998.86,265402
2016-06-08,998.86,1000.79,992.4,999.63,328963
2016-06-09,1000.88,1001.6,995.52,999.19,242298
2016-06-10,998.52,999.67,991.79,991.79,274258
2016-06-13,995.18,998.25,990.54,998.25,359691
2016-06-14,998.39,1001.61,992.74,998.03,120404
2016-06-15,998.03,998.03,990.86,991.34,379356
2016-06-16,991.85,995.09,973.11,973.11,528947
2016-06-17,977.38,980.22,970.16,971.62,258560
2016-06-20,975.12,976.16,959.66,963.55,404344
2016-06-21,966.95,969.59,962.21,964.48,244292
2016-06-22,967.38,972.68,966.28,972.68,111668
2016-06-27,954.49,961.92,945.77,955.95,569244
2016-06-28,960.59,973.26,959.98,969.26,418606
2016-06-29,976.05,982.4,976.05,978.65,447595
2016-06-30,981.06,981.89,979.19,980.37,161686
2016-07-01,980.5,982.51,978.96,981.59,127948
2016-07-04,980.7,984.12,976.46,981.81,298464
2016-07-05,983.14,983.84,980.03,983.1,370854
2016-07-06,985.53,988.87,982.98,988,751029
2016-07-07,988,989.34,985.41,986,260364
2016-07-08,986.31,989.25,985.26,988.15,133018
2016-07-11,989.24,989.83,987.23,989.43,152175
2016-07-12,991.84,996.25,990.27,991.13,722356
2016-07-13,994.47,995.23,988.44,988.44,726618
2016-07-14,991.31,999.11,991.31,996.71,306676
2016-07-15,997.4,1005.39,997.4,1005.08,338042
2016-07-18,1009.15,1013.13,1008.79,1011.32,524174
2016-07-19,1010.99,1017.05,1009.56,1015.57,520029
2016-07-20,1017.62,1019.77,1015.91,1019.77,366351
2016-07-21,1017.95,1023.57,1017.58,1021.91,350364
2016-07-22,1019.2,1024.39,1019.08,1021.21,118891
2016-07-25,1021.17,1021.17,1015.58,1018.11,263832
2016-07-26,1017.66,1018.92,1014.78,1018.9,264129
2016-07-27,1016.33,1018.8,1013.97,1014.04,210348
2016-07-28,1014.23,1015.21,1003.68,1003.68,205528
2016-07-29,1008.19,1010.07,1007.8,1010.07,43898
2016-08-01,1008.17,1016.61,1008.17,1013.09,186042
2016-08-02,1013.09,1013.54,1008.65,1008.66,180786
2016-08-03,1011.08,1011.79,1006.11,1008.35,221532
2016-08-04,1008.35,1013.94,1007.44,1011.08,92108
2016-08-05,1011.74,1017.29,1011.74,1016.42,145303
2016-08-08,1017.47,1017.47,1009.13,1009.83,141766
2016-08-09,1009.1,1013.51,1008.47,1012.21,88996
2016-08-10,1011.07,1015.43,1011.07,1013.1,102936
2016-08-11,1010.21,1010.21,994.5,1000.92,596225
2016-08-12,996.53,997.47,984.84,991.86,253154
2016-08-15,991.64,1004.43,991.56,1004.43,285824
2016-08-16,1006.53,1009.84,1001.73,1001.73,544376
2016-08-17,1003.61,1005.57,999.82,1002.53,153708
2016-08-18,1004.62,1004.62,997.56,1001.12,170343
2016-08-19,1001.04,1002.93,993.77,995.12,342231
2016-08-22,995.4,1000.18,993.05,995.72,173877
2016-08-23,995.72,998.34,995.15,998.34,156426
2016-08-24,998.98,999.83,998.01,998.97,111449
2016-08-25,997.8,1001.15,997.8,998.77,108354
2016-08-26,998.66,999.66,996.98,998.22,58493
2016-08-29,1003.08,1003.08,995.32,995.32,130347
2016-08-30,995.29,1000.76,995.29,999.69,121822
2016-08-31,1000.87,1001.06,995.85,997.99,407614
2016-09-01,999.96,1003.28,997.61,1000.18,131482
2016-09-02,1003.02,1003.24,998.75,999.58,64412
2016-09-05,1001.22,1003.19,999.72,1001.85,226865
2016-09-06,1005.03,1005.17,999.31,1003.22,133939
2016-09-07,1003.74,1004.16,1000.51,1000.53,196861
2016-09-08,1002.22,1002.39,997.31,998.47,127833
2016-09-09,999.98,1002.01,998.44,998.82,828377
2016-09-12,999.79,1000.26,994.26,995.1,216882
2016-09-13,997.88,999.9,994.7,999.9,133060
2016-09-14,998.31,999.24,993.91,994.84,47045
2016-09-15,995.06,998.1,993.98,995.7,74355
2016-09-16,996.37,997.34,992.17,993.49,221192
2016-09-19,992.62,992.62,988.87,990.81,174978
2016-09-20,990.94,1002.32,990.94,1001.56,103248
2016-09-21,997.23,997.49,994.45,996.55,231913
2016-09-22,998.09,999.93,995.9,997.99,171623
2016-09-23,998.92,999.32,995.58,999.32,190031
2016-09-26,994.49,994.78,990.38,992.27,284934
2016-09-27,992.27,994.58,989.51,993.19,111995
2016-09-28,992.9,998.01,991.93,998.01,167000
2016-09-29,998.33,1006.22,997.27,1003.81,177491
2016-09-30,1003.05,1003.1,996.96,1001.34,188835
2016-10-03,1000.73,1001.83,999.64,1001.83,148045
2016-10-04,1003.17,1005.58,1002.09,1004.56,169095
2016-10-05,1004.39,1005.83,1003.92,1003.92,188299
2016-10-06,1004.01,1006.6,1004,1005.41,197892
2016-10-07,1007.62,1007.88,1004.51,1005,184292
2016-10-10,1005.93,1010.71,1005.53,1005.53,215014
2016-10-11,1006.55,1011.25,1006.45,1011.25,188120
2016-10-12,1012.18,1016,1009.07,1016,248916
2016-10-13,1015.29,1015.97,1012.47,1014.87,185986
2016-10-14,1014.48,1019.32,1014.48,1017.43,141887
2016-10-17,1016.67,1020.76,1014.47,1019.54,140775
2016-10-18,1019.43,1022.18,1017.41,1019.58,172020
2016-10-19,1019.35,1025.86,1018.64,1023.58,120315
2016-10-20,1023.58,1028.74,1022.52,1027.9,132821
2016-10-21,1030.37,1032.06,1025.7,1031.34,133616
2016-10-24,1032.05,1033.02,1025.84,1025.84,64111
2016-10-25,1030.89,1033.56,1027.03,1029.95,321659
2016-10-26,1034.45,1035.77,1026.84,1026.84,120973
2016-10-27,1027.31,1032.44,1027.15,1031.04,81368
2016-10-28,1031.87,1036.46,1028.53,1033.79,181743
2016-10-31,1035.27,1039.64,1033.31,1036.52,241602
2016-11-01,1034.58,1040.36,1029.58,1029.58,206718
2016-11-02,1034.47,1034.47,1026.42,1026.74,272844
2016-11-03,1029.61,1029.61,1018.2,1020.55,147449
2016-11-04,1022.21,1022.23,1015.64,1016.01,170371
2016-11-07,1016.65,1019.36,1016.11,1016.11,272067
2016-11-08,1018.02,1021.83,1014.13,1018.71,133736
2016-11-09,1006.47,1013.72,1001.93,1011.64,403021
2016-11-10,1012.63,1027.48,1012.63,1022.43,257337
2016-11-11,1027.64,1030.75,1023.55,1027.92,104495
2016-11-14,1032.98,1032.98,1023.47,1028.57,201789
2016-11-15,1027.08,1029.7,1025.95,1025.95,90973
2016-11-16,1026.14,1027.29,1022.46,1024.5,166435
2016-11-17,1027.52,1033.09,1026.57,1029.99,167510
2016-11-18,1030.5,1035.26,1030.26,1032.5,109925
2016-11-21,1034.79,1035.23,1028.19,1031.72,159609
2016-11-22,1034.98,1035.07,1029.27,1029.27,429270
2016-11-23,1032.69,1033.5,1029.32,1033.09,154335
2016-11-24,1031.33,1032.97,1026.75,1030,91525
2016-11-25,1031.47,1037.35,1030.21,1036,107969
2016-11-28,1037.12,1038.39,1033.75,1034.36,266569
2016-11-29,1036.3,1043.65,1036.3,1043.65,161503
2016-11-30,1044.87,1047.54,1042.29,1042.84,430670
2016-12-01,1045.31,1051.15,1044.25,1049.39,490436
2016-12-02,1048.83,1050.51,1046.24,1047.86,180178
2016-12-05,1048.96,1050.72,1045.4,1048.55,93491
2016-12-06,1051.48,1051.85,1046.83,1046.91,248881
2016-12-07,1048.91,1050.54,1047.83,1047.83,126300
2016-12-08,1047.12,1050.18,1046.25,1048.75,175727
2016-12-09,1048.07,1050.39,1046.46,1050.08,277279
2016-12-12,1050.45,1051.37,1047.17,1049.61,80547
2016-12-13,1049.88,1050.22,1044.62,1048.34,229655
2016-12-14,1049.96,1051.73,1044.21,1045.26,119529
2016-12-15,1045.97,1052.04,1044.99,1050.35,363960
2016-12-16,1051.07,1057.73,1049.62,1057.64,327169
2016-12-19,1056.93,1059.97,1053.45,1057.76,537053
2016-12-20,1055.66,1064.57,1053.44,1061.51,368521
2016-12-21,1062.2,1074.2,1061.92,1071.45,377198
2016-12-22,1073.02,1073.19,1064.84,1068.83,452243
2016-12-23,1066.73,1071.3,1060.36,1071.14,254348
2016-12-27,1073.22,1076.22,1069.75,1071.65,257253
2016-12-28,1074.88,1075.11,1066.4,1069.71,164445
2016-12-29,1070.85,1074.85,1067.79,1072.8,215824
2016-12-30,1074.8,1076.05,1072,1075.5,185318
2017-01-02,1072.19,1081.97,1072.1,1081.93,513675
2017-01-03,1081.47,1084.27,1080.76,1081.77,549101
2017-01-04,1084.24,1085.87,1082.92,1083.62,192707
2017-01-05,1088.95,1090.11,1084.76,1084.76,606816
2017-01-06,1086.18,1096.66,1086.18,1096.41,149234
2017-01-09,1096.79,1101.56,1092.05,1093.9,297080
2017-01-10,1092.93,1094.17,1079.84,1079.84,334616
2017-01-11,1081.33,1088.67,1081.33,1088.09,230528
2017-01-12,1089.59,1093.05,1088.03,1088.81,302951
2017-01-13,1093.23,1093.23,1086.01,1092.03,271462
2017-01-16,1089.72,1093.47,1087.45,1089.94,198564
2017-01-17,1093.06,1093.84,1089.28,1092.4,140586
2017-01-18,1091.62,1092.57,1088.09,1088.09,220095
2017-01-19,1095.1,1095.1,1086.46,1092.13,136357
2017-01-20,1092.31,1095.22,1089.37,1091.21,370503
2017-01-23,1091.78,1096.39,1091.78,1095.25,130930
2017-01-24,1095.83,1097.11,1092.94,1094.44,144078
2017-01-25,1095.18,1098.74,1094.57,1095.85,180522
2017-01-26,1098.09,1099.71,1096.77,1098.19,352583
2017-01-27,1096.62,1096.62,1089.11,1096.14,167721
2017-01-30,1096.86,1100.23,1095,1099.85,178922
2017-01-31,1099.44,1102.01,1093.9,1102.01,458296
2017-02-01,1100.35,1102.41,1098.31,1100.48,546357
2017-02-02,1100.58,1105.83,1099.74,1105.18,335944
2017-02-03,1105.03,1105.86,1100.75,1103.55,291835
2017-02-06,1104.22,1111.26,1103.5,1108.36,99531
2017-02-07,1109.45,1109.45,1106.11,1106.11,261445
2017-02-08,1105.15,1107.32,1101.93,1105.49,417997
2017-02-09,1104.73,1108.13,1101.1,1107.81,333618
2017-02-10,1103.86,1111.28,1103.86,1104.38,312596
2017-02-13,1109.73,1112.96,1108.69,1112.96,277131
2017-02-14,1110.9,1115.69,1110.41,1112.34,320589
2017-02-15,1115.54,1119.38,1113.68,1116.34,279982
2017-02-16,1117.02,1120.06,1113.62,1117.23,287045
2017-02-17,1118.91,1119.54,1110.05,1114.86,360403
2017-02-20,1113.96,1116.88,1112.13,1113.91,143801
2017-02-21,1109.98,1111.29,1105.19,1106.5,662087
2017-02-22,1111.08,1115.34,1110,1111.5,803232
2017-02-23,1112.99,1114.75,1109.35,1112.33,257080
2017-02-27,1107.88,1112.54,1104.54,1104.54,240209
2017-02-28,1109.66,1116.37,1106.95,1106.95,749720
2017-03-01,1108.71,1109.01,1103.57,1108.61,414258
2017-03-02,1108.52,1113.63,1107.81,1113.63,663709
2017-03-03,1113.54,1115.97,1111.74,1114.72,180470
2017-03-06,1114.37,1116.73,1110.6,1112.93,536890
2017-03-07,1113.9,1115.73,1111.59,1114.08,261928
2017-03-08,1117.89,1117.89,1109.72,1111.85,235479
2017-03-09,1112.7,1114.04,1109.64,1110.35,120999
2017-03-10,1113.81,1118.21,1112.25,1115.71,942563
2017-03-13,1116.37,1121.62,1115.77,1120.48,294411
2017-03-14,1118.97,1123.96,1115.85,1115.85,255093
2017-03-15,1119.33,1120,1117.21,1118.94,95771
2017-03-16,1122.34,1123.56,1116.67,1118.29,242178
2017-03-17,1116.33,1124.08,1115.43,1123.14,156375
2017-03-20,1123.22,1124.98,1121.32,1123.46,258895
2017-03-21,1125.96,1127.67,1123.79,1127.67,130177
2017-03-22,1126.36,1127.07,1121.53,1125.13,216555
2017-03-23,1127.35,1128.26,1120.67,1122.86,118101
2017-03-24,1125.28,1128.39,1124.34,1127.74,140436
2017-03-27,1132.78,1134.06,1123.59,1126.13,245834
2017-03-28,1128.82,1130.51,1125.09,1126.43,301710
2017-03-29,1128.45,1130.89,1122.3,1124.34,346074
2017-03-30,1126,1126.4,1118.16,1118.28,350497
2017-03-31,1116.93,1122.4,1116.93,1122.2,260830
2017-04-03,1123.46,1123.6,1120.19,1122.32,148111
2017-04-04,1119.23,1122.95,1117.81,1118.23,317573
2017-04-05,1120.7,1121.29,1109.24,1109.24,425337
2017-04-06,1110.32,1115.9,1110.32,1115.24,228630
2017-04-07,1115.95,1117.52,1111.08,1112.93,193643
2017-04-10,1111.88,1115.82,1110.04,1113.33,246690
2017-04-11,1118.91,1118.91,1113.6,1114.64,218500
2017-04-12,1115.09,1118.45,1112.62,1118.45,805824
2017-04-13,1118.11,1119.47,1115.79,1118.61,171808
2017-04-18,1120.27,1120.7,1116.21,1116.79,236241
2017-04-19,1117.35,1117.73,1111.59,1115.38,151058
2017-04-20,1116.65,1118.58,1113.9,1116.25,115093
2017-04-21,1118.07,1118.84,1114.06,1117.4,247270
2017-04-24,1117.6,1119.52,1115.27,1117.43,260683
2017-04-25,1112.41,1116.46,1110.68,1114.93,322682
2017-04-26,1116.76,1125.89,1114.44,1125.89,266314
2017-04-27,1127.39,1127.39,1117.05,1123.49,133362
2017-04-28,1123.01,1126.81,1122.33,1124.39,286238
2017-05-02,1126.46,1128.03,1122.57,1127.55,341929
2017-05-03,1128.67,1130.76,1123.05,1126.55,361907
2017-05-04,1124.98,1127.13,1119.01,1124.38,279360
2017-05-05,1127.64,1128.89,1122.65,1124.2,313454
2017-05-08,1130.15,1131.98,1123,1131.02,357076
2017-05-09,1131.58,1133.39,1129.3,1129.61,313034
2017-05-10,1129.03,1134.2,1128.66,1132.03,141577
2017-05-11,1133.4,1135.44,1127.75,1128.02,284470
2017-05-12,1125.37,1129.33,1125.37,1127.3,202191
2017-05-15,1120.91,1124.87,1118.56,1119.57,502800
2017-05-16,1124.77,1124.77,1114.09,1115,470193
2017-05-17,1111.43,1118.75,1109.11,1116.39,231514
2017-05-18,1116.27,1116.27,1108.78,1110.82,297286
2017-05-19,1111.07,1114.94,1111.07,1113.3,147733
2017-05-22,1115.1,1117.82,1110.82,1117.09,87119
2017-05-23,1118.95,1121.75,1116.76,1118.29,87138
2017-05-24,1120.57,1123.43,1119.77,1121.33,135037
2017-05-26,1123.51,1123.62,1119.86,1122.13,136313
2017-05-29,1122.24,1122.24,1116.08,1116.8,140357
2017-05-30,1117.65,1117.65,1112.42,1116.2,226282
2017-05-31,1114.17,1119.38,1111.57,1116.57,310698
2017-06-01,1116.77,1122.7,1116.77,1122.7,76094
2017-06-02,1122.7,1124.36,1117.65,1123.64,188578
2017-06-05,1123.89,1128.23,1119.3,1122.04,101688
2017-06-06,1125.48,1127.86,1122.61,1124.02,263274
2017-06-07,1124.65,1125.65,1122.01,1123.22,227754
2017-06-08,1123.22,1127.68,1121.07,1126.76,248459
2017-06-09,1123.71,1133.9,1123.71,1133.78,101555
2017-06-12,1133.08,1133.08,1127.04,1131.37,438518
2017-06-13,1131.58,1133.34,1128.18,1132.59,142263
2017-06-14,1133.45,1136.23,1129.96,1132.21,177271
2017-06-15,1134.56,1136.62,1129.13,1129.13,144384
2017-06-16,1130.98,1133.26,1129.27,1130.35,312103
2017-06-19,1128.43,1134.53,1126.7,1129.44,249184
2017-06-20,1130.64,1133.46,1126.1,1132.01,497750
2017-06-21,1133.58,1137.68,1133.58,1135.88,56923
2017-06-22,1138.73,1138.73,1132.29,1132.89,317579
2017-06-26,1135.5,1137.84,1128.12,1133.75,1041221
2017-06-27,1142.03,1143.99,1137.22,1143.61,627099
2017-06-28,1142.84,1143.43,1139.66,1141.35,157142
2017-06-29,1141.9,1144.35,1138.73,1142.72,211550
2017-06-30,1144.11,1145.8,1137.08,1137.08,211147
2017-07-03,1142.59,1147.46,1140.64,1143.34,238479
2017-07-04,1145.56,1152.47,1145.56,1152.47,351623
2017-07-05,1150.99,1156.71,1149.19,1155.5,277172
2017-07-06,1155.9,1166.29,1154.95,1158.1,192926
2017-07-07,1158.61,1171.03,1158.59,1171.03,391508
2017-07-10,1171.36,1171.43,1162.59,1168.27,209266
2017-07-11,1164.41,1173.89,1163.67,1170.87,454267
2017-07-12,1172.01,1183.01,1163.42,1182.83,525748
2017-07-13,1183.22,1190.69,1178.63,1190.68,498309
2017-07-14,1184.64,1196.96,1184.64,1196.96,591550
2017-07-17,1196.62,1198.31,1189.45,1189.45,237061
2017-07-18,1194.2,1197.81,1187.54,1197.81,219244
2017-07-19,1196.84,1200.62,1172.45,1200.62,426191
2017-07-20,1216.88,1227.43,1216.88,1224.35,1355292
2017-07-21,1223.11,1228.28,1221.72,1225.92,1231115
2017-07-24,1225.92,1231.61,1221.99,1230.81,241410
2017-07-25,1230.72,1241.44,1227.36,1234.03,814749
2017-07-26,1235.47,1235.47,1226.61,1226.91,739327
2017-07-27,1230.81,1238.82,1229.87,1238.31,572232
2017-07-28,1240.03,1244.01,1235.85,1242.45,352724
2017-07-31,1240.95,1242.6,1231.36,1231.42,584560
2017-08-01,1228.27,1238.83,1222.2,1238.83,493056
2017-08-02,1230.45,1230.62,1223.63,1230.4,317180
2017-08-03,1229.28,1233.63,1227.08,1231.48,561999
2017-08-04,1236.11,1239.82,1229.33,1238.84,660377
2017-08-07,1235.45,1242.11,1233.83,1241.54,307649
2017-08-08,1238.31,1244.23,1237.09,1244.23,394251
2017-08-09,1244.71,1249.54,1241.34,1243.58,527504
2017-08-10,1244.06,1254.55,1243.91,1254.55,832480
2017-08-11,1254.55,1254.78,1241.35,1252.39,270308
2017-08-14,1253.15,1255.94,1243.19,1254.71,242778
2017-08-15,1251.72,1255.31,1242.81,1242.81,441817
2017-08-16,1241.98,1252.24,1241.49,1250.57,253608
2017-08-17,1250.57,1262.3,1247.61,1259.11,493078
2017-08-18,1262.41,1262.41,1254.61,1254.65,234777
2017-08-21,1255.79,1263.25,1255.72,1257.11,184331
2017-08-22,1257.46,1262.85,1253.53,1256.81,401464
2017-08-23,1256.68,1268.55,1256.52,1268.55,365375
2017-08-24,1269.92,1275.91,1268.07,1274.43,417473
2017-08-25,1274.39,1277.47,1269.07,1277.47,281929
2017-08-28,1278.75,1282.11,1273.74,1276.91,299004
2017-08-29,1277.8,1277.8,1270.2,1275.68,178584
2017-08-30,1271.42,1275.89,1266.35,1272.5,169169
2017-08-31,1274.67,1280.15,1271.39,1271.93,346597
2017-09-01,1273.69,1276.91,1271.52,1272.1,129832
2017-09-04,1272.1,1272.94,1256.07,1256.07,428841
2017-09-05,1256.57,1266.12,1254.41,1265.96,230087
2017-09-06,1262.79,1266.58,1258.45,1265.61,245091
2017-09-07,1261.22,1267.52,1261.22,1265.96,146556
2017-09-08,1263.17,1267.08,1258.32,1262.44,114219
2017-09-11,1262.87,1271.17,1262.12,1267.33,395473
2017-09-12,1267.33,1271.92,1257.69,1258.67,1090234
2017-09-13,1264.67,1265.27,1249.44,1251.55,983921
2017-09-14,1258.24,1258.24,1243.05,1244.97,530662
2017-09-15,1245.03,1246.92,1241.01,1242.17,308510
2017-09-18,1241.83,1247.23,1236.3,1242.78,138109
2017-09-19,1236.02,1240.67,1227.09,1240.67,512682
2017-09-20,1240.87,1240.87,1229.27,1234.6,277539
2017-09-21,1234.63,1235.84,1228.47,1234.11,149820
2017-09-22,1235.44,1240.88,1233.71,1235.79,157576
2017-09-25,1228.93,1230.76,1226.61,1229.6,237679
2017-09-26,1224.82,1228.45,1218.61,1225.75,179339
2017-09-27,1226.98,1226.98,1215.5,1215.5,94941
2017-09-28,1215.29,1219.38,1207.72,1219.38,377668
2017-09-29,1220.35,1225.95,1212.74,1225.95,467966
2017-10-02,1225.18,1225.9,1213.09,1213.09,145985
2017-10-03,1218.14,1220.02,1214.28,1216.42,227049
2017-10-04,1220.39,1222.28,1217.36,1219.94,101603
2017-10-05,1218.72,1226.51,1215.61,1215.62,89858
2017-10-06,1219.39,1220.71,1212.73,1216.83,308552
2017-10-09,1216.53,1225.9,1216.17,1219.9,289370
2017-10-10,1223.54,1225.11,1217.96,1220.89,134861
2017-10-11,1224.91,1224.91,1217.9,1218.4,115527
2017-10-12,1222.7,1230.15,1222.44,1226.71,336584
2017-10-13,1227.26,1241.59,1226.05,1241.59,351079
2017-10-16,1240.68,1243.98,1229.03,1230.92,285671
2017-10-17,1229.77,1236.37,1229.77,1236.37,119771
2017-10-18,1234.84,1237.65,1218.79,1235,117708
2017-10-19,1235,1235,1225.12,1230.28,174449
2017-10-20,1232.06,1233.26,1222.44,1222.59,106116
2017-10-23,1227.58,1229.3,1223.55,1227.18,60256
2017-10-24,1226.2,1234.62,1226.2,1226.92,146691
2017-10-25,1228.64,1231.52,1225.36,1225.86,132120
2017-10-26,1229.28,1229.37,1217.25,1225.5,327136
2017-10-27,1224.91,1226.19,1218.54,1225.45,186069
2017-10-30,1225.45,1225.45,1207.28,1209.28,185670
2017-10-31,1210.18,1219.84,1209.46,1216.27,358648
2017-11-01,1219.95,1221.6,1213.28,1219.46,292627
2017-11-02,1217.27,1226.91,1216.88,1226.17,158433
2017-11-03,1228.87,1229.03,1219.28,1223.43,235818
2017-11-06,1223.72,1228.98,1219.23,1225.11,89354
2017-11-07,1224.99,1227.99,1220.17,1220.16,253531
2017-11-08,1219.19,1222.32,1217.14,1222.28,97657
2017-11-09,1222.28,1235.84,1222.28,1232.82,442479
2017-11-10,1232.82,1235.52,1226.77,1226.77,228790
2017-11-13,1228.28,1235.23,1228.28,1232.27,231872
2017-11-14,1231.59,1235.33,1226.2,1228.68,488172
2017-11-15,1228.68,1237.27,1225.32,1225.44,142463
2017-11-16,1221.09,1232.47,1221.09,1227.31,216873
2017-11-17,1229.04,1232.49,1224.73,1229.21,87126
2017-11-20,1229.46,1235.83,1223.33,1232.39,426626
2017-11-21,1232.4,1235.94,1228.37,1234.79,321389
2017-11-22,1236.35,1238.68,1228.64,1238.68,235035
2017-11-23,1233.08,1240.9,1232.76,1232.83,77572
2017-11-24,1229.55,1238.19,1229.55,1237.13,240387
2017-11-27,1236.87,1239.5,1232.1,1237.6,191805
2017-11-28,1234.31,1237.03,1230.89,1231.33,68327
2017-11-29,1232.13,1236.69,1229.86,1233.79,573765
2017-11-30,1234.94,1238.76,1231.63,1237.6,591432
2017-12-01,1237.8,1239.24,1234.79,1238.67,263100
2017-12-04,1234.93,1235.3,1226.49,1228.33,740580
2017-12-05,1228.87,1231.44,1224.02,1226.66,77918
2017-12-06,1227.91,1230.55,1225.94,1226.68,97411
2017-12-07,1224.53,1227.28,1222.14,1227.28,64157
2017-12-08,1226.46,1228.54,1219.23,1228.54,275879
2017-12-11,1224.18,1225.11,1217.65,1223.08,96578
2017-12-12,1216.9,1224.72,1196.01,1196.21,380962
2017-12-13,1196.21,1197.74,1184.89,1187.36,329538
2017-12-14,1188.73,1199.42,1187.85,1189.27,499573
2017-12-15,1188.1,1193.6,1186.84,1191.07,160005
2017-12-18,1195.9,1197.96,1191.52,1192.94,317346
2017-12-19,1198.12,1204.79,1194.81,1200.87,237067
2017-12-20,1204.9,1228.64,1202.75,1218.45,861330
2017-12-21,1224.13,1228.2,1215.12,1220.61,1408249
2017-12-22,1221.79,1224.31,1214.49,1218.52,830799
2017-12-27,1220.3,1225.36,1217.26,1222.83,158458
2017-12-28,1222.58,1235.27,1219.67,1233.02,301619
2017-12-29,1234.14,1246.37,1231.05,1242.12,488870
2018-01-02,1247.65,1256.49,1245.24,1256.37,195207
2018-01-03,1259.05,1261.67,1251.97,1256.59,503125
2018-01-04,1260.56,1263.65,1251.31,1263.65,113058
2018-01-05,1261.66,1271.81,1257.2,1267.33,201744
2018-01-08,1261.69,1271.59,1261.69,1267.99,504889
2018-01-09,1269.65,1277.7,1265.01,1277.54,180136
2018-01-10,1276.09,1281.73,1274.43,1280.9,160035
2018-01-11,1281.04,1281.04,1267.91,1277.09,263436
2018-01-12,1277.46,1278.12,1267.61,1270.72,216118
2018-01-15,1270.72,1276.11,1267.95,1271.08,193715
2018-01-16,1272.44,1273.29,1269.6,1269.86,189565
2018-01-17,1270.66,1270.66,1262.35,1267.54,443066
2018-01-18,1269.38,1279.86,1269.32,1279.48,221358
2018-01-19,1280.22,1281.27,1274.12,1278.76,884620
2018-01-22,1279.71,1283.33,1276.35,1280.75,152672
2018-01-23,1279.25,1283.4,1278.44,1278.81,228127
2018-01-24,1279.2,1286.32,1278.03,1285.23,206912
2018-01-25,1283.7,1287.44,1281.28,1281.8,261397
2018-01-26,1281.8,1291.7,1281.8,1290.09,145400
2018-01-29,1291.23,1292.54,1286.1,1289.24,103505
2018-01-30,1285.84,1291.8,1285.72,1290.81,108899
2018-01-31,1285.02,1292.44,1285.02,1290.08,159436
2018-02-01,1292.15,1296.48,1287.36,1287.36,100573
2018-02-02,1289.41,1298.06,1289.41,1297.51,857308
2018-02-05,1295.2,1295.75,1288.93,1290.17,285829
2018-02-06,1269.55,1272.07,1248.51,1255.39,679814
2018-02-07,1260.7,1273.98,1260.28,1271.02,336522
2018-02-08,1279.76,1286.02,1279.44,1284.38,105851
2018-02-09,1275.4,1279,1264.27,1273.61,340040
2018-02-12,1277.27,1279.49,1272.38,1275.84,100727
2018-02-13,1276.25,1279.54,1262.34,1267.82,413044
2018-02-14,1271.1,1273.98,1263.31,1269.66,305958
2018-02-15,1269.55,1275.19,1269.55,1274.78,52860
2018-02-16,1275.09,1275.26,1268.84,1270.6,40299
2018-02-19,1272.33,1281.53,1272.33,1280.95,97853
2018-02-20,1277.29,1280.31,1271.08,1277.74,68479
2018-02-21,1277.21,1281.16,1271.68,1281.16,58595
2018-02-22,1281.56,1285.84,1275.72,1283.97,125727
2018-02-23,1285.24,1292.24,1282.15,1290.09,68275
2018-02-26,1289.47,1295.03,1286.27,1293.81,127697
2018-02-27,1301.65,1307.11,1296.04,1298.61,328987
2018-02-28,1303.98,1319.04,1302.44,1319.04,809688
2018-03-01,1320.62,1320.62,1311.65,1312.87,109632
2018-03-02,1317.11,1318.21,1310.21,1316.27,313969
2018-03-05,1311.95,1314.66,1304.78,1308.87,151170
2018-03-06,1309.49,1314.65,1308.03,1308.4,775813
2018-03-07,1307.75,1314.98,1307.75,1312.61,143213
2018-03-08,1310.96,1313.96,1308.74,1311.26,116136
2018-03-09,1312.32,1313.74,1310.15,1310.46,74450
2018-03-12,1308.69,1312.28,1303.61,1305.17,130789
2018-03-13,1304.38,1309.05,1303.14,1307.03,463395
2018-03-14,1307.53,1309.14,1301.23,1304.22,505310
2018-03-15,1307.51,1309.14,1302.45,1309.14,131947
2018-03-16,1309.56,1309.91,1302.63,1307.58,760173
2018-03-19,1308.28,1319.02,1305.6,1315.4,2735341
2018-03-20,1313.63,1316.37,1308.13,1308.87,1054953
2018-03-21,1312.15,1315.71,1309.45,1312.22,975309
2018-03-22,1312.35,1313.68,1308.33,1313.68,1257777
2018-03-23,1310.66,1310.78,1300.29,1309.81,940802
2018-03-26,1258.14,1275.91,1252.73,1267.97,2824791
2018-03-27,1272.77,1279.37,1270.26,1271.66,1168672
2018-03-28,1272.45,1272.45,1265.31,1268.37,922657
2018-03-29,1270.06,1272.06,1265.21,1269.2,872062
2018-04-03,1269.14,1270.9,1265.26,1266.78,1169499
2018-04-04,1267.65,1268.32,1262.44,1264.12,1417236
2018-04-05,1262.67,1265.86,1259.25,1263.38,2252424
2018-04-06,1263.15,1265.84,1258.46,1258.46,534985
2018-04-09,1264.69,1264.69,1257.61,1263.16,493788
2018-04-10,1264.74,1264.8,1257.21,1260.22,429464
2018-04-11,1261.2,1262.41,1254.82,1254.82,851281
2018-04-12,1258.43,1262.36,1254.42,1261.51,689674
2018-04-13,1261.2,1261.2,1257.41,1259.42,272617
2018-04-16,1261.21,1262.49,1253.78,1258.44,630298
2018-04-17,1258.65,1259.5,1254.84,1257.11,459001
2018-04-18,1257.11,1261.39,1257.11,1261.39,38909
2018-04-19,1262.95,1263.76,1254.55,1256.48,419952
2018-04-20,1258.39,1261.37,1257.89,1258.98,506727
2018-04-23,1258.81,1259.6,1256.29,1258.28,512512
2018-04-24,1259.02,1259.02,1253.96,1254.84,551020
2018-04-25,1257.78,1263.12,1253.83,1261.5,607426
2018-04-26,1262.71,1264.45,1260.5,1261.38,319777
2018-04-27,1261.38,1261.73,1251.64,1251.7,718842
2018-04-30,1255.61,1255.76,1250.27,1253.16,876206
2018-05-02,1250.47,1252.14,1244.78,1245.18,3808689
2018-05-03,1245.39,1252.65,1245.39,1249.28,249635
2018-05-04,1254.07,1254.07,1248.09,1248.09,164706
2018-05-07,1250.38,1251.07,1244.42,1245.38,442947
2018-05-08,1247.2,1248.16,1243.14,1244.64,255584
2018-05-09,1245.22,1259.59,1244.36,1259.59,812457
2018-05-11,1260.64,1264.21,1247.24,1264.21,471204
2018-05-14,1259.43,1263.02,1255.04,1259.06,310086
2018-05-15,1258.77,1261.56,1254.2,1257.49,516720
2018-05-16,1259.67,1260.22,1252.51,1259.07,288056
2018-05-17,1258.89,1264.04,1258.56,1261.13,241151
2018-05-18,1258.23,1259.34,1252.18,1252.17,320866
2018-05-21,1252.18,1254.99,1248.48,1251.62,282872
2018-05-22,1252.45,1254.26,1250.08,1253.42,286276
2018-05-23,1252.23,1257.77,1251.92,1253.59,217759
2018-05-24,1256.19,1260.52,1256.19,1258.74,310099
2018-05-25,1258.24,1258.24,1251.22,1254.31,371185
2018-05-28,1258.12,1260.4,1249.17,1250.22,139981
2018-05-29,1248.05,1253.93,1245.2,1245.2,218058
2018-05-30,1245.82,1247.94,1244.15,1245.13,159622
2018-05-31,1245.16,1253.18,1233.04,1233.04,346209
2018-06-01,1239.67,1251.44,1238.21,1251.44,462694
2018-06-04,1247.77,1247.77,1238.68,1243.97,189559
2018-06-05,1246.09,1249.43,1242.47,1246,401949
2018-06-06,1248.05,1250.44,1245.6,1249.5,196969
2018-06-07,1248.95,1250.58,1237.49,1250.58,128873
2018-06-08,1253.45,1257.64,1250.99,1254.18,247796
2018-06-11,1252.9,1260.52,1252.9,1260.52,123872
2018-06-12,1261.14,1262.12,1257.26,1258.11,146051
2018-06-13,1260.51,1261.77,1256.55,1258.61,216740
2018-06-14,1263.59,1263.59,1256.42,1258.96,1951412
2018-06-15,1261.15,1270.57,1260.97,1270.4,1965377
2018-06-18,1269.48,1271.97,1266.03,1271.43,1815791
2018-06-19,1274.6,1275.76,1268.32,1269.61,599924
2018-06-20,1267.47,1270.57,1265.68,1266.12,1166380
2018-06-21,1266.91,1269.46,1265.39,1267.11,287906
2018-06-22,1268.19,1269.13,1265.69,1267.33,113653
2018-06-25,1277.53,1277.53,1270.84,1274.89,1187019
2018-06-26,1270.27,1273.85,1268.85,1272.41,1002975
2018-06-27,1272.47,1272.47,1266.99,1267.94,490412
2018-06-28,1267.27,1267.49,1258.81,1258.81,554679
2018-06-29,1259.57,1262.8,1259.05,1261.6,841773
2018-07-02,1260.03,1265.57,1257.12,1259.51,253692
2018-07-03,1260.73,1270.61,1259.29,1259.29,391775
2018-07-04,1260.03,1264.77,1260.03,1261.34,114632
2018-07-05,1259.93,1265.45,1259.09,1259.09,132235
2018-07-06,1260.65,1261.32,1254.75,1254.75,334214
2018-07-09,1259.51,1261.03,1257.12,1260.37,211418
2018-07-10,1260.65,1261.75,1258.62,1261.11,565998
2018-07-11,1260.67,1261.56,1256.38,1258.78,400274
2018-07-12,1259.25,1260.18,1255.2,1257.46,117322
2018-07-13,1256.38,1259.88,1256.03,1257.21,569444
2018-07-16,1261.01,1262.21,1257.16,1259.64,289388
2018-07-17,1262.4,1267.75,1257.38,1267.21,332466
2018-07-18,1261.52,1263.24,1256.98,1257.8,370284
2018-07-19,1258.33,1260.21,1256.49,1257.78,223626
2018-07-20,1259.35,1260.58,1256.93,1259.53,270946
2018-07-23,1261.02,1261.8,1258.36,1260.97,72579
2018-07-24,1261.37,1263.06,1259.32,1261.25,164355
2018-07-25,1262.49,1264.13,1258.56,1260.77,92360
2018-07-26,1265.45,1265.45,1257.91,1258.88,89198
2018-07-27,1258.47,1264.13,1258.47,1262.47,231301
2018-07-30,1259.99,1262.46,1257.87,1258.1,265092
2018-07-31,1258.76,1259.72,1256.31,1258.87,178631
2018-08-01,1254.99,1260.5,1254.38,1256.76,307626
2018-08-02,1256.6,1261.31,1256.6,1257.91,131861
2018-08-03,1257.72,1260.76,1255.73,1258.16,198023
2018-08-06,1259.35,1260.51,1256.38,1258.1,77515
2018-08-07,1257.12,1257.12,1243.03,1245.07,79759
2018-08-08,1245.72,1245.72,1238.58,1239.29,156340
2018-08-09,1238.75,1240.35,1232.88,1232.88,295700
2018-08-10,1233.94,1237.78,1233.76,1235.45,455915
2018-08-13,1228.07,1237.89,1227.31,1236.41,471763
2018-08-14,1235.66,1239.68,1235.44,1238.17,105657
2018-08-15,1238.8,1244.5,1238.13,1241.41,3525098
2018-08-16,1241.5,1241.5,1232.43,1233.12,97348
2018-08-17,1239.26,1239.96,1235.52,1237.45,478884
2018-08-21,1235.84,1236.45,1227.87,1228.46,206136
2018-08-22,1229.65,1229.65,1224.7,1224.7,150835
2018-08-23,1222.97,1228.16,1222.97,1225.5,211994
2018-08-24,1225.39,1226.95,1223.76,1224.93,172468
2018-08-27,1225.11,1229.8,1220.96,1224.36,144736
2018-08-28,1224,1224.88,1220.28,1220.28,225281
2018-08-29,1223.12,1223.21,1216.78,1217.79,118327
2018-08-30,1219.48,1225.99,1217.65,1225.99,166246
2018-08-31,1225.21,1229.38,1222.87,1224.13,150896
2018-09-03,1227.76,1229.24,1221.32,1225.52,180527
2018-09-04,1225.98,1226.46,1218.37,1225.51,191513
2018-09-05,1227.33,1227.33,1220.09,1221.42,413269
2018-09-06,1219.52,1225.98,1218.49,1224.42,321233
2018-09-07,1225.84,1228.01,1222.45,1226.34,227838
2018-09-10,1226.2,1227.59,1224.68,1227.42,78767
2018-09-11,1226.54,1226.54,1218.62,1221.71,343843
2018-09-12,1222.28,1224,1216.83,1217.3,1850305
2018-09-13,1217.41,1220.04,1215.86,1218.48,155199
2018-09-14,1218.15,1220.67,1213.92,1213.92,410928
2018-09-17,1214.41,1217.77,1210.59,1211.7,93864
2018-09-18,1214.85,1219.21,1212.01,1212.61,133158
2018-09-19,1213.59,1215.69,1204.7,1207.54,199331
2018-09-20,1210.76,1218.46,1208.84,1218.46,926411
2018-09-21,1218.25,1219.94,1215.42,1219.94,460662
2018-09-24,1218.73,1222.95,1215.85,1218.46,237588
2018-09-25,1216.67,1218.61,1213.84,1214.75,422250
2018-09-26,1216.52,1219.24,1213.21,1214.21,532366
2018-09-27,1216.49,1218.53,1214.06,1214.2,193535
2018-09-28,1214.3,1215.84,1211.9,1215.84,118754
2018-10-01,1215.91,1226.53,1215.91,1218.55,638282
2018-10-02,1224,1225.72,1218.31,1218.54,469014
2018-10-03,1219.07,1224.04,1218.08,1222.15,130747
2018-10-04,1223.28,1224.94,1221.61,1222.05,170163
2018-10-05,1224.55,1224.68,1216.75,1219.02,143342
2018-10-08,1218.46,1220.38,1213.43,1213.43,319077
2018-10-09,1215.98,1215.98,1207.27,1209.72,417086
2018-10-10,1213.92,1233.76,1213.92,1224.44,862177
2018-10-11,1222.28,1222.28,1199.49,1203.47,477189
2018-10-12,1199.53,1216.38,1199.53,1213.31,573117
2018-10-15,1215.89,1222.99,1215.51,1218.76,330817
2018-10-16,1219.92,1224.15,1219.92,1221.64,241206
2018-10-17,1220.85,1227.29,1220.85,1226.39,122926
2018-10-18,1226.65,1233.81,1226.32,1231.5,311804
2018-10-19,1231,1232.41,1227.21,1229.16,417123
2018-10-22,1228.46,1229.89,1223.51,1225.28,144978
2018-10-23,1223.31,1223.79,1210.04,1210.35,269636
2018-10-24,1207.65,1208.76,1204.62,1207.65,199926
2018-10-25,1198.13,1198.75,1190.18,1194.11,463991
2018-10-26,1195.92,1197.49,1189.43,1192.33,222556
2018-10-29,1195.85,1197.03,1191.41,1191.73,532573
2018-10-30,1191.9,1194.85,1185.72,1187.61,1260604
2018-10-31,1186.59,1186.59,1177.32,1180.57,690114
2018-11-01,1182.04,1192.11,1181.91,1192.11,246953
2018-11-02,1192.58,1202.26,1192.58,1194.58,484215
2018-11-05,1198.2,1198.97,1191.24,1192.41,202883
2018-11-06,1193.97,1193.97,1188.85,1189.81,163072
2018-11-07,1187.42,1194.13,1187.42,1188.32,294925
2018-11-08,1193.99,1197.74,1189.12,1191.78,143503
2018-11-09,1189.99,1193.1,1188.7,1189.33,287731
2018-11-12,1191.75,1196.89,1189.99,1192.54,141640
2018-11-13,1193.6,1193.97,1186.46,1189.6,457813
2018-11-14,1189.24,1189.24,1181.34,1183.29,173432
2018-11-15,1184.61,1193.8,1184.18,1188,240309
2018-11-16,1190.49,1190.49,1184.51,1188.74,177353
2018-11-19,1188.27,1190.78,1186.76,1188.51,285201
2018-11-20,1188.41,1194.16,1187.79,1188.87,304941
2018-11-21,1190.1,1200.57,1186.88,1200.57,227180
2018-11-22,1202.6,1204.61,1195.01,1195.01,199571
2018-11-23,1191.93,1200.03,1191.53,1198.48,399808
2018-11-26,1199.42,1203.81,1199.42,1199.98,207118
2018-11-27,1199.9,1205.6,1198.85,1203.47,179251
2018-11-28,1206.23,1209.51,1202.78,1204.28,200763
2018-11-29,1203.91,1212.54,1203.91,1211.79,353216
2018-11-30,1214.5,1226.97,1209.74,1226.97,3927849
2018-12-03,1228.6,1228.6,1209.24,1217.14,502899
2018-12-04,1219.12,1219.12,1204.8,1210.2,376454
2018-12-05,1209.56,1212.08,1203.51,1207.45,188770
2018-12-06,1213.76,1214.35,1195.05,1195.05,226437
2018-12-07,1200.66,1204.11,1199.72,1204.11,92756
2018-12-10,1204.22,1206.43,1185.45,1190.1,248256
2018-12-11,1192.9,1193.67,1185.11,1192.46,455474
2018-12-12,1191.31,1193.5,1188.24,1190.2,251205
2018-12-13,1192.67,1200.89,1191.92,1197.16,334590
2018-12-14,1198.44,1202.85,1192.55,1192.55,175857
2018-12-17,1190.16,1193.06,1187.28,1188.13,269355
2018-12-18,1180.49,1182.73,1170.4,1172.57,380129
2018-12-19,1172.08,1173.8,1166.28,1173.1,1129704
2018-12-20,1168.28,1171,1159.21,1164.34,340128
2018-12-21,1160.5,1165.86,1148.27,1162.63,331762
2018-12-27,1163.71,1165.36,1155.41,1155.41,337127
2018-12-28,1163.15,1169.3,1160.43,1162.86,121747
2019-01-02,1163.78,1170.1,1163.27,1169.38,1294442
2019-01-03,1170.33,1171.88,1162.08,1166.5,349095
2019-01-04,1160.21,1169.82,1159.8,1168.54,139932
2019-01-07,1167.27,1172.41,1164.58,1169.66,191009
2019-01-08,1170.02,1180.53,1170.02,1178.9,119706
2019-01-09,1182.02,1196.15,1181.78,1196.15,251737
2019-01-10,1196.73,1199.95,1189.35,1190.41,306254
2019-01-11,1192.54,1199.33,1190.95,1190.95,146392
2019-01-14,1193.68,1197.9,1188.72,1195,350465
2019-01-15,1197.17,1207.73,1196.08,1207.16,183109
2019-01-16,1208.15,1208.79,1201.98,1206.49,134372
2019-01-17,1206.43,1211.46,1201.25,1210.37,258372
2019-01-18,1213.14,1223.11,1213.14,1221.67,201817
2019-01-21,1225.75,1229.81,1223.66,1224.66,288072
2019-01-22,1224.82,1226.32,1218.96,1223.32,100493
2019-01-23,1219.97,1222.68,1216.69,1221.54,79789
2019-01-24,1225.75,1225.75,1215.86,1222.04,156699
2019-01-25,1222.1,1226.22,1219.14,1224.62,163476
2019-01-28,1225.94,1227.89,1220.7,1222.14,143715
2019-01-29,1223.34,1229.78,1221.05,1229.78,123414
2019-01-30,1228.93,1239.91,1228.32,1239.91,174572
2019-01-31,1238.72,1243.44,1237.77,1241.73,174043
2019-02-01,1241.74,1244.51,1236.71,1237.65,399774
2019-02-04,1240.03,1240.46,1232.01,1237.46,108438
2019-02-05,1239.95,1239.95,1230.84,1232.86,345244
2019-02-06,1235.25,1237.12,1227.05,1230.26,201377
2019-02-07,1230.83,1235.91,1227.55,1229.1,669936
2019-02-08,1231.89,1231.89,1225.24,1227.39,284740
2019-02-11,1227.49,1228.22,1221.79,1221.79,164604
2019-02-12,1222.2,1225.71,1218.02,1218.02,301321
2019-02-13,1215.23,1221.26,1213.76,1216.79,263096
2019-02-14,1220.79,1221.29,1214.53,1216.65,377822
2019-02-15,1220.5,1225.18,1218.55,1220.57,226996
2019-02-18,1224.75,1227.72,1220.49,1222.78,127794
2019-02-19,1221.09,1221.09,1216.55,1218.54,135650
2019-02-20,1222.68,1224.23,1212.44,1214.88,281263
2019-02-21,1214.05,1220.5,1211.12,1218.75,995406
2019-02-22,1219.35,1223.59,1215.75,1223.03,333776
2019-02-25,1223.87,1227.8,1220.85,1224.39,172522
2019-02-26,1229.27,1231.15,1225.29,1228.48,211700
2019-02-27,1230.39,1234.99,1226.48,1234.99,201846
2019-02-28,1234.07,1234.07,1220.77,1220.77,325208
2019-03-01,1222.41,1240.3,1222.41,1237.62,377068
2019-03-04,1241.89,1247.31,1240.77,1241.23,192626
2019-03-05,1246.53,1249.88,1241.25,1241.25,204726
2019-03-06,1244.91,1247.24,1241.71,1242.84,207242
2019-03-07,1245.93,1247.52,1243.16,1247.34,171078
2019-03-08,1247.33,1249.56,1242.9,1246.82,108792
2019-03-11,1248.29,1250.62,1244.65,1250.62,178170
2019-03-12,1247.69,1248.96,1242.85,1246.43,114922
2019-03-13,1249.68,1249.68,1239.12,1243.93,197438
2019-03-14,1246.38,1246.8,1239.79,1242.3,107187
2019-03-15,1244.04,1244.22,1228.13,1228.13,477026
2019-03-18,1231.44,1239.07,1230.42,1235.36,318160
2019-03-19,1238.03,1242.18,1235.29,1240.46,529793
2019-03-20,1241.83,1242.13,1235.08,1235.57,165919
2019-03-21,1232.9,1238.84,1232.9,1236.32,216600
2019-03-22,1236.04,1239.8,1233.28,1237.21,171834
2019-03-25,1239.7,1243.45,1236.23,1238.97,338956
2019-03-26,1242.62,1247.88,1240.3,1242.96,147110
2019-03-27,1242.96,1243.9,1233.67,1239.39,173822
2019-03-28,1241.47,1243.13,1236.22,1237.75,100950
2019-03-29,1239.43,1240.28,1235.49,1238.48,169098
2019-04-01,1241.74,1243.36,1235.21,1240.79,216070
2019-04-02,1243.81,1246.86,1237.43,1244.97,601123
2019-04-03,1244.29,1244.29,1237.46,1240.21,231574
2019-04-04,1243.05,1245.27,1238.65,1244.05,331836
2019-04-05,1242.43,1245.71,1241.49,1243.79,191854
2019-04-08,1246.3,1246.3,1233.9,1235.94,125097
2019-04-09,1238.08,1242.88,1237.98,1239.45,87143
2019-04-10,1240.08,1242.28,1237.09,1238.23,411152
2019-04-11,1244.27,1245.92,1239.89,1243.58,183888
2019-04-12,1243.43,1253.77,1243.43,1249.1,274939
2019-04-15,1250.42,1252.82,1246.67,1249.42,174019
2019-04-16,1251.63,1257.9,1249.38,1251.63,293457
2019-04-17,1252.1,1257.74,1250.03,1250.32,308018
2019-04-18,1250.74,1256.06,1248.7,1251.08,147966
2019-04-23,1252.98,1254.74,1246.37,1251.98,168962
2019-04-24,1251.72,1252.38,1244.84,1250.47,172556
2019-04-25,1254.3,1259.93,1250.95,1254.4,343608
2019-04-26,1257.88,1265.11,1255,1261.7,210839
2019-04-29,1265.36,1266.93,1253.88,1256.82,78547
2019-04-30,1261.19,1262.84,1254.98,1257.38,141225
2019-05-02,1263.28,1263.37,1254.64,1254.64,176413
2019-05-03,1256.14,1263.17,1254.21,1257.85,636552
2019-05-06,1255.27,1257.8,1250.8,1254.9,368950
2019-05-07,1254.56,1255.32,1248.75,1252.79,263590
2019-05-08,1256.93,1259.62,1254.61,1254.8,180061
2019-05-09,1255.97,1256.73,1251.55,1256.12,186174
2019-05-10,1258.82,1261.45,1254.81,1258.4,1215326
2019-05-13,1258.82,1260.73,1253.67,1253.67,1545829
2019-05-14,1251.74,1255.35,1246.97,1249.05,175273
2019-05-15,1250.95,1256.97,1249.63,1255.14,329944
2019-05-16,1256.78,1258.9,1250.25,1254.03,115190
2019-05-17,1252.01,1256.81,1247.77,1250.7,193769
2019-05-20,1249.97,1249.97,1244.13,1244.53,207855
2019-05-21,1242.85,1243.85,1240.66,1242.69,265975
2019-05-22,1244.38,1250.35,1242.52,1243.68,180104
2019-05-23,1246.48,1250,1243.82,1243.82,220926
2019-05-24,1248.72,1250.79,1241.7,1242.92,306366
2019-05-27,1252.31,1252.31,1243.5,1243.84,345668
2019-05-28,1248.66,1251.37,1245.13,1251.37,340189
2019-05-29,1245.47,1246.81,1240.37,1243.1,174013
2019-05-31,1241.08,1243.96,1237.24,1239.27,362266
2019-06-03,1247.62,1252.94,1244.62,1252.6,504414
2019-06-04,1255.4,1261.52,1249.94,1253.87,661655
2019-06-05,1255.28,1256.43,1248.98,1248.98,364748
2019-06-06,1247.29,1256.97,1247.29,1252.27,664051
2019-06-07,1253.64,1256.47,1251.59,1254.22,570087
2019-06-10,1255.26,1259.33,1251.67,1253.01,304600
2019-06-11,1256.16,1257.53,1251.72,1255.92,247293
2019-06-12,1255.7,1257.54,1251.15,1251.15,285311
2019-06-13,1257.06,1257.06,1249.18,1252.35,266216
2019-06-14,1254.7,1254.7,1249.23,1249.63,290554
2019-06-17,1248.58,1251.9,1248.28,1249.25,279000
2019-06-18,1248.88,1251.77,1246.48,1251.6,308760
2019-06-19,1269.27,1269.27,1250.15,1258.8,392041
2019-06-20,1258.97,1263.69,1258.13,1262.29,132162
2019-06-21,1262.49,1262.6,1255.5,1256.16,205137
2019-06-25,1249.06,1256.66,1247.35,1255.61,192477
2019-06-26,1252.21,1254.79,1245.72,1246.09,278275
2019-06-27,1245.69,1254.4,1245.69,1253.11,263801
2019-06-28,1255.74,1258.04,1253.13,1254.55,258580
2019-07-01,1255.18,1262.45,1255.18,1255.81,489247
2019-07-02,1258.34,1262.75,1256.11,1256.11,357106
2019-07-03,1257.63,1262.65,1257.52,1259.89,273292
2019-07-04,1259.43,1262.8,1258.16,1259.43,178161
2019-07-05,1259.39,1263.08,1259.39,1261.29,172689
2019-07-08,1262.77,1265.23,1259.92,1259.92,554392
2019-07-09,1260.93,1271.47,1260.27,1269.83,137319
2019-07-10,1272.36,1273.75,1270.19,1271.37,118301
2019-07-11,1273.64,1276.83,1271.19,1275.51,136257
2019-07-12,1276.18,1279.56,1274.16,1276.2,236864
2019-07-15,1277.58,1278.13,1273.23,1274.36,200816
2019-07-16,1280.84,1281.02,1270.58,1274.77,402203
2019-07-17,1271.1,1276.6,1270.25,1273.66,566375
2019-07-18,1269.15,1272.17,1267.85,1271.8,54600
2019-07-19,1271.8,1273.77,1266.86,1271.13,91559
2019-07-22,1273.74,1273.74,1266.59,1267.01,171387
2019-07-23,1263.92,1267.15,1262.58,1264.74,177169
2019-07-24,1266.75,1266.75,1262.65,1266.16,206368
2019-07-25,1265.87,1273.49,1265.87,1270.61,103271
2019-07-26,1270.61,1270.87,1264.52,1268.34,70677
2019-07-29,1268.37,1271.51,1265.29,1265.7,181969
2019-07-30,1265.92,1267.69,1263.47,1266.22,136642
2019-07-31,1267.43,1268.1,1263.39,1267.59,143603
2019-08-01,1268.87,1272.1,1267.7,1272.1,100139
2019-08-02,1270.15,1271.87,1264.18,1264.71,133828
2019-08-05,1264.67,1265.48,1261.43,1265.35,181995
2019-08-06,1263.73,1267.55,1260.77,1266.88,238068
2019-08-07,1268.2,1270.5,1264.67,1269.14,114241
2019-08-08,1269.14,1270.23,1265.13,1267.42,68193
2019-08-09,1269.67,1272.29,1267.82,1267.9,39611
2019-08-12,1271.75,1271.93,1265.26,1265.26,201466
2019-08-13,1267.15,1267.15,1262.18,1264.21,118876
2019-08-14,1265.75,1267.04,1259.98,1260.83,109133
2019-08-15,1260.71,1261.49,1253.11,1257.62,148806
2019-08-16,1258.24,1259.05,1255.4,1257.67,72338
2019-08-19,1257.67,1262.84,1256,1257.6,233622
2019-08-21,1257.23,1257.23,1247.24,1250.5,424435
2019-08-22,1251.15,1252.14,1247.47,1252.14,130320
2019-08-23,1251.02,1254.24,1247.08,1248.89,292443
2019-08-26,1252.79,1252.79,1247.13,1249.97,691081
2019-08-27,1250.67,1252.45,1247.77,1247.77,176776
2019-08-28,1247.52,1248.6,1241.36,1246.01,503919
2019-08-29,1241.5,1245.82,1240.89,1244.68,97477
2019-08-30,1244.97,1250.36,1243.13,1246.45,205262
2019-09-02,1248.26,1248.61,1243.6,1245.05,161862
2019-09-03,1245.4,1245.4,1238.32,1240.03,335091
2019-09-04,1243.55,1243.55,1235.08,1235.08,246200
2019-09-05,1235.6,1239.04,1235.1,1235.1,190029
2019-09-06,1238.28,1238.47,1231.46,1233.57,269329
2019-09-09,1237.25,1237.26,1230.18,1231.25,103630
2019-09-10,1232.52,1232.52,1226.07,1226.89,182850
2019-09-11,1225.85,1229.9,1225.85,1229.66,157868
2019-09-12,1228.62,1229.92,1222.87,1223.57,248456
2019-09-13,1225.73,1228.94,1224.89,1225.43,240991
2019-09-16,1230.15,1233.29,1230.01,1231.93,92658
2019-09-17,1233.95,1233.95,1226.86,1229.79,269795
2019-09-18,1230.06,1233.77,1228.55,1233.78,286465
2019-09-19,1230.72,1233.8,1228.13,1232.17,943891
2019-09-20,1232.27,1234.09,1230.05,1232.67,100930
2019-09-23,1232.84,1238.95,1230.17,1238.95,204045
2019-09-24,1239.22,1239.22,1235.47,1235.47,75851
2019-09-25,1235.47,1238.22,1230.79,1232.05,74445
2019-09-26,1233.36,1233.43,1227.85,1233.43,84036
2019-09-27,1233.25,1234.91,1229.43,1234.91,168235
2019-09-30,1235.67,1237.23,1234.12,1235.22,307348
2019-10-01,1236.85,1238.22,1235.55,1235.87,278045
2019-10-02,1236.43,1238.62,1234.81,1238.62,874676
2019-10-03,1238.4,1239,1235.76,1236.19,302441
2019-10-04,1238.96,1240.18,1235.53,1237.55,209459
2019-10-07,1238.34,1240.63,1233.88,1233.88,409144
2019-10-08,1236.06,1240.42,1235.24,1240.37,437749
2019-10-09,1240.77,1240.77,1232.35,1232.75,889876
2019-10-10,1232.05,1236.13,1232.06,1235.43,117191
2019-10-11,1237.29,1237.69,1235.04,1235.77,194123
2019-10-14,1235.41,1237.15,1233.27,1236.07,118871
2019-10-15,1236.73,1239.23,1235.15,1235.69,165199
2019-10-16,1238.26,1239.56,1233.73,1234.03,164486
2019-10-17,1235.1,1236.18,1230.84,1234.88,268520
2019-10-18,1234.73,1239.79,1232.74,1236.38,268684
2019-10-21,1237.31,1238.7,1234.52,1237.8,283415
2019-10-22,1240.58,1244.7,1239.69,1241.34,167398
2019-10-23,1243.25,1243.25,1239.87,1241.14,99923
2019-10-24,1242.24,1244.84,1241.58,1243.55,187183
2019-10-25,1244.74,1249.01,1244.25,1244.56,302382
2019-10-28,1245.81,1250.72,1245.56,1246.34,265593
2019-10-29,1246.34,1248.52,1243.41,1247.46,113009
2019-10-30,1248.31,1254.74,1245.05,1248.06,407256
2019-10-31,1251.04,1255.3,1249.58,1253.22,434502
2019-11-01,1254.72,1263.25,1254.72,1262.91,90876
2019-11-04,1266.24,1267.25,1259.77,1262.69,408056
2019-11-05,1265.95,1265.95,1252.98,1259.63,155781
2019-11-06,1256.2,1269.41,1256.18,1263.51,362937
2019-11-07,1265.57,1272.96,1257.56,1258.86,348189
2019-11-08,1258.2,1259.88,1254.73,1257.21,561770
2019-11-11,1258.6,1261.7,1256.06,1257.39,195953
2019-11-12,1260.85,1260.85,1255.54,1258.55,171789
2019-11-13,1257.94,1257.94,1254.58,1254.89,77586
2019-11-14,1256.37,1259.45,1254.49,1257.84,272705
2019-11-15,1257.41,1259.27,1253.75,1256.98,218871
2019-11-18,1259.3,1262.76,1255.93,1255.93,201739
2019-11-19,1258.63,1262.21,1257.04,1262.21,242797
2019-11-20,1261.38,1265.66,1260.96,1263.42,598739
2019-11-21,1262.76,1266.08,1260.41,1266.08,1433038
2019-11-22,1266.58,1266.58,1258.5,1262.33,366505
2019-11-25,1261.88,1263.17,1253.66,1258.75,451382
2019-11-26,1258.8,1259.73,1255.35,1259.73,497845
2019-11-27,1257.74,1265.32,1257.74,1264.01,655983
2019-11-28,1263.93,1267.12,1261.47,1265.27,336531
2019-11-29,1266.8,1270.05,1262.49,1264.98,380681
2019-12-02,1268.76,1269.59,1265.23,1265.24,244944
2019-12-03,1265.98,1268.76,1263.06,1264.04,445460
2019-12-04,1267.07,1270.96,1266.08,1266.08,339864
2019-12-05,1265.19,1267.58,1260.76,1266.06,274919
2019-12-06,1269.31,1269.31,1266.71,1267.22,89466
2019-12-09,1270.06,1270.06,1264.92,1266.22,248142
2019-12-10,1267.72,1268.75,1264.42,1267.42,300634
2019-12-11,1268.93,1271.33,1262.04,1268.6,1990583
2019-12-12,1269.58,1270.51,1264.53,1267.68,321895
2019-12-13,1266.78,1274.25,1266.14,1272.21,274474
2019-12-16,1274.23,1275.34,1272.89,1274.6,303113
2019-12-17,1272.74,1273.38,1266.87,1267.19,424124
2019-12-18,1266.79,1270.96,1266.22,1269.89,185876
2019-12-19,1271.86,1273.03,1268.84,1271.28,135433
2019-12-20,1269.28,1273.98,1268.68,1270.57,184887
2019-12-23,1269.87,1271.11,1267.34,1270.57,239774
2019-12-27,1274.08,1275.44,1272.09,1274.68,265869
2019-12-30,1276.37,1286.44,1275.69,1279.7,197078
2020-01-02,1283.25,1284.38,1277.57,1278.76,903427
2020-01-03,1278.94,1284.74,1277.63,1282.38,370239
2020-01-06,1282.87,1284.46,1278.44,1278.65,263900
2020-01-07,1278.65,1287.16,1278.65,1284.37,438632
2020-01-08,1284.9,1287.75,1282.63,1285.76,742203
2020-01-09,1286.12,1292.18,1283.47,1291.54,328393
2020-01-10,1294.09,1294.28,1287.33,1293.15,547698
2020-01-13,1296.05,1310.4,1294.03,1310.4,283992
2020-01-14,1307.11,1313.04,1303.71,1311.96,476464
2020-01-15,1310.88,1316.29,1308.72,1314.34,956568
2020-01-16,1315.92,1322,1308.18,1321.06,502651
2020-01-17,1320.91,1321.87,1314.81,1318.44,1751100
2020-01-20,1322.88,1330.09,1321.43,1325.18,374115
2020-01-21,1327.45,1329.93,1324.38,1327.28,432028
2020-01-22,1328.61,1328.61,1324.51,1326.21,211642
2020-01-23,1327.76,1332,1327.18,1328.81,344009
2020-01-24,1331.19,1337.95,1331.19,1336.25,219708
2020-01-27,1335.57,1335.62,1324.77,1326.1,415170
2020-01-28,1323.25,1326.3,1317.12,1324.83,219724
2020-01-29,1325.9,1330.81,1324.26,1328.24,380426
2020-01-30,1328.93,1333.13,1325.4,1328.83,176980
2020-01-31,1333.19,1340.66,1332.23,1339.06,202656
2020-02-03,1341.05,1344.79,1334.7,1342.9,492484
2020-02-04,1345.2,1347.54,1342.98,1346.53,308902
2020-02-05,1347.81,1352.84,1344.86,1351.81,306901
2020-02-06,1350.79,1357.74,1350.79,1354.96,353627
2020-02-07,1356.15,1360.34,1351.67,1358.49,376290
2020-02-10,1359.51,1365.04,1358.95,1364.37,435135
2020-02-11,1365.29,1371.39,1363.16,1365.54,477965
2020-02-12,1367.29,1374.12,1365.5,1373.08,539561
2020-02-13,1371.4,1376.93,1370.27,1374.35,663308
2020-02-14,1375.46,1376.31,1369.32,1373.75,649998
2020-02-17,1374.12,1374.8,1363.55,1366.54,613270
2020-02-18,1370.66,1372.47,1367.09,1368.51,440443
2020-02-19,1371.11,1371.62,1365.65,1365.65,408298
2020-02-20,1367.59,1371.63,1364.22,1365.6,459501
2020-02-21,1365.35,1366.62,1360.51,1364.14,463977
2020-02-25,1345.62,1346.28,1327.76,1328.52,1371668
2020-02-26,1324.96,1327.32,1304.23,1316.59,1327700
2020-02-27,1310.54,1311.27,1271.28,1271.28,1513876
2020-02-28,1241.99,1267.58,1218.69,1267.5,1711474
2020-03-02,1284.8,1307.53,1282.26,1283.55,1746837
2020-03-03,1303.28,1308.78,1302.95,1304.04,964134
2020-03-04,1306.38,1306.38,1296.45,1297.31,412905
2020-03-05,1304.54,1304.67,1285.7,1288.46,1782365
2020-03-06,1283.7,1283.7,1259.33,1259.33,1131557
2020-03-09,1232.11,1232.11,1213.18,1215.44,1524368
2020-03-10,1221.93,1234.05,1221.92,1223.2,1327443
2020-03-11,1224.22,1224.22,1187.77,1187.77,1108376
2020-03-12,1134.24,1134.24,1077.35,1079.25,2556777
2020-03-13,1040.81,1095.95,1029.26,1079.94,3855496
2020-03-16,1042.19,1042.19,969.8,971.3,2449828
2020-03-17,972.26,999.59,965.79,975.21,1533864
2020-03-18,983.91,1009.93,983.79,986.34,1146258
2020-03-19,989.5,1022.05,989.5,1019.53,1367240
2020-03-20,1064.4,1094.67,1056.25,1062.26,1568654
2020-03-23,1046.91,1046.91,1019.1,1023.11,1090849
2020-03-24,1030.61,1038.02,1026.06,1038.02,1013929
2020-03-25,1050.04,1056.98,1025.59,1029.65,817469
2020-03-26,1031.88,1033.45,1024.06,1030.13,449586
2020-03-27,1031.45,1036.58,1025.89,1029.65,474701
2020-03-30,1030.7,1030.75,1003.45,1006.13,767354
2020-03-31,1013.03,1019.73,1010.72,1013.54,581970
2020-04-01,1014.48,1016.58,1001.82,1001.82,540101
2020-04-02,1004.1,1008.18,996.98,998.14,1096866
2020-04-03,998.89,1001.56,994.84,994.84,589073
2020-04-06,1000.5,1017.67,1000.5,1016.73,689765
2020-04-07,1029.25,1065.82,1029.25,1058.04,1035069
2020-04-08,1064.48,1064.48,1047.35,1053.64,524430
2020-04-09,1060.26,1070.67,1059.45,1065.35,840187
2020-04-14,1083.24,1089.94,1080.18,1083.89,1096074
2020-04-15,1095.03,1100.31,1081.96,1084.7,1092992
2020-04-16,1089.23,1104.7,1087.9,1104.7,577101
2020-04-17,1117.34,1123.87,1117.34,1121.23,1246534
2020-04-20,1127.05,1127.05,1088.11,1092.06,1432448
2020-04-21,1085.48,1090.8,1078.55,1080.46,1075494
2020-04-22,1078.76,1087.81,1078.34,1087.48,382741
2020-04-23,1090.87,1093.39,1084.33,1086.35,476543
2020-04-24,1094.52,1098.29,1092.1,1098.29,483840
2020-04-27,1101.58,1107.69,1100.51,1102.13,507993
2020-04-28,1110.54,1115.5,1106.54,1108.42,761763
2020-04-29,1113.45,1118.95,1111.63,1118.7,904635
2020-04-30,1125.34,1130.7,1123.69,1126.14,1068105
2020-05-04,1128.56,1128.56,1115.52,1115.94,963100
2020-05-05,1126.18,1135.52,1125.01,1134.99,774100
2020-05-06,1138.84,1147.92,1138.84,1147.57,912743
2020-05-07,1148.09,1148.1,1140.84,1143.42,594065
2020-05-08,1144.3,1144.3,1136.06,1137.96,517185
2020-05-11,1142.55,1144.56,1135.25,1135.25,669447
2020-05-12,1138.46,1147.91,1136.55,1146.17,616362
2020-05-13,1146.21,1156.28,1146.21,1152.82,669811
2020-05-14,1157.43,1170.58,1157.43,1158.98,1003346
2020-05-15,1163.51,1163.51,1150.49,1152.33,862912
2020-05-18,1155.1,1155.75,1149.79,1149.79,516655
2020-05-19,1155.58,1161.95,1154.54,1155.75,607207
2020-05-20,1158.41,1162.93,1156.15,1159.05,446335
2020-05-22,1156.05,1158.19,1153.66,1155.75,565917
2020-05-25,1156.14,1158.37,1153.82,1155.52,297258
2020-05-26,1158.74,1159.47,1154.64,1156.3,526115
2020-05-27,1159.45,1162,1158.09,1161.21,462002
2020-05-28,1163.69,1169.43,1162.35,1169.39,775953
2020-05-29,1171.44,1192.99,1171.08,1190.83,1740790
2020-06-01,1188.07,1201.03,1188.08,1188.78,472282
2020-06-02,1193.94,1204.95,1193.94,1196.2,826402
2020-06-03,1198.3,1202.01,1189.83,1193.64,1629239
2020-06-04,1195.32,1195.86,1181.73,1184.85,659014
2020-06-05,1185.14,1188.12,1180.76,1184.55,692295
2020-06-08,1186.54,1192.32,1183.36,1185.51,543814
2020-06-09,1188.58,1193.23,1185.42,1187.87,496413
2020-06-10,1189.74,1191.43,1186.29,1189.51,265872
2020-06-11,1188.55,1189.23,1179.93,1180.13,483092
2020-06-12,1175.21,1181.36,1166.56,1177.41,635791
2020-06-15,1175.55,1176.69,1167.06,1168.41,246330
2020-06-16,1172.48,1180.49,1171.06,1180.41,707852
2020-06-17,1181.6,1192.74,1180.25,1192.31,408018
2020-06-18,1191.07,1194.94,1189.93,1192.72,266528
2020-06-19,1196.17,1213.22,1195.38,1211.65,372836
2020-06-22,1212.01,1225.51,1212.01,1223.34,395029
2020-06-25,1222.04,1226.62,1217.71,1225.12,281261
2020-06-26,1224.5,1230.4,1224.24,1227.46,208727
2020-06-29,1228.14,1229.95,1218.58,1221.16,230994
2020-06-30,1220.21,1226.45,1219.26,1219.97,408948
2020-07-01,1219.64,1228.15,1219.64,1224.89,398970
2020-07-02,1225.03,1230.02,1224.53,1229.93,233738
2020-07-03,1231.39,1240.95,1231.39,1236.69,286836
2020-07-06,1236.42,1242.03,1235.77,1241,331733
2020-07-07,1241.99,1245.17,1238.72,1242.06,488332
2020-07-08,1245.25,1246.54,1240.77,1242.87,292947
2020-07-09,1243.33,1246.23,1237.45,1240.64,475249
2020-07-10,1242.45,1251.15,1242.01,1249.82,533704
2020-07-13,1251.24,1255.91,1251.24,1254.64,473101
2020-07-14,1253.95,1254.35,1244.34,1244.34,302150
2020-07-15,1244.78,1245.51,1236.54,1237.78,309806
2020-07-16,1237.45,1239.32,1233.36,1235.1,190395
2020-07-17,1235.26,1236.7,1231.95,1234.37,223845
2020-07-20,1232.95,1238.33,1230.34,1231.29,293706
2020-07-21,1233.68,1243.67,1233.68,1241.81,423588
2020-07-22,1244.26,1246.84,1242.66,1246.63,243315
2020-07-23,1248.79,1253.38,1245.57,1245.57,616717
2020-07-24,1247.8,1249.11,1240.55,1241.75,245992
2020-07-27,1240.64,1242.07,1230.72,1232.96,289179
2020-07-28,1232.89,1233.71,1224.79,1225.37,343620
2020-07-29,1226.78,1227.6,1219.2,1219.2,316941
2020-07-30,1223.27,1223.52,1215.82,1217.21,356811
2020-07-31,1217.43,1225.68,1214.53,1217.49,355656
2020-08-03,1215.42,1216.11,1206.76,1210.7,321833
2020-08-04,1211.44,1212.61,1208.31,1208.64,347734
2020-08-05,1210.65,1212.15,1206.78,1208.77,250531
2020-08-06,1210.01,1210.9,1198.41,1199.43,426173
2020-08-07,1199.72,1199.72,1187.53,1190.21,349333
2020-08-10,1189.87,1196.71,1189.7,1196.62,245738
2020-08-11,1198.56,1204.62,1198.56,1203.25,232267
2020-08-12,1203.01,1203.67,1196.83,1200.43,194404
2020-08-13,1201.14,1201.14,1193.99,1196.14,556354
2020-08-14,1196.06,1197.7,1193.6,1194.35,220368
2020-08-17,1193.76,1194.71,1188.64,1190.15,312363
2020-08-18,1190.24,1191.05,1184.5,1187.52,206380
2020-08-19,1181.88,1186.79,1181.88,1184.8,233184
2020-08-21,1183.25,1183.25,1174.67,1175.96,272752
2020-08-24,1176.34,1178.59,1173.3,1173.3,297423
2020-08-25,1173.01,1176.64,1171.62,1175.38,284375
2020-08-26,1175.59,1176.16,1166.23,1166.61,485996
2020-08-27,1167.08,1170.49,1166.05,1168.14,452902
2020-08-28,1168.25,1171.15,1163.61,1164.72,888936
2020-08-31,1165.96,1175.11,1162.99,1173.88,1069867
2020-09-01,1175.01,1187.73,1175.01,1187.23,808472
2020-09-02,1188.68,1196.48,1184.77,1187.26,780842
2020-09-03,1183.8,1183.91,1176.79,1180.53,494530
2020-09-04,1175.44,1178.01,1172.71,1173.2,401850
2020-09-07,1170.68,1177.74,1169.26,1175.77,195541
2020-09-08,1175.52,1182.57,1172.87,1178.24,289007
2020-09-09,1178.8,1180.88,1172.42,1172.54,223913
2020-09-10,1174.59,1178.04,1172.56,1174.88,262697
2020-09-11,1176.73,1181.82,1175.11,1177.03,444657
2020-09-14,1177.77,1181.44,1176.8,1180.56,181913
2020-09-15,1184.39,1186.72,1181.18,1184.48,105416
2020-09-16,1185.03,1186.29,1181.04,1182.35,137775
2020-09-17,1184.7,1184.7,1180.57,1180.91,190942
2020-09-18,1182.54,1184.85,1179.41,1182.76,259361
2020-09-21,1183.03,1183.03,1171.93,1173.88,265803
2020-09-22,1170.57,1175.01,1169.93,1174.19,136501
2020-09-23,1174.08,1175.68,1169.4,1172.05,418720
2020-09-24,1169.72,1170.77,1155.66,1157.2,443305
2020-09-25,1158,1160.43,1154.01,1155.46,217427
2020-09-28,1159.23,1162.01,1155.81,1157.89,217605
2020-09-29,1157.64,1159.48,1150.83,1153.93,238573
2020-09-30,1155.84,1157.04,1151.97,1156.86,432501
2020-10-01,1156.76,1161.23,1156.76,1159.89,129184
2020-10-02,1160.97,1163.93,1159.28,1163.44,694768
2020-10-05,1165.68,1170.02,1164.93,1169.3,435468
2020-10-06,1172.07,1173.59,1164.69,1172.28,225396
2020-10-07,1173.87,1176.48,1172.01,1174.94,121366
2020-10-08,1174.33,1176.06,1170.24,1176.06,144381
2020-10-09,1175.23,1177.79,1174.08,1176.95,98336
2020-10-12,1175.89,1178.44,1174.07,1177.77,162235
2020-10-13,1177.08,1178.27,1174.87,1176.33,127607
2020-10-14,1174.6,1178.39,1174.6,1177.62,150631
2020-10-15,1179.57,1179.84,1173.7,1176.38,207795
2020-10-16,1175.66,1178.44,1173.35,1174.78,217289
2020-10-19,1172.79,1174.74,1170.36,1171.35,224160
2020-10-20,1175.52,1180.4,1173.72,1178.29,382093
2020-10-21,1178.53,1182.45,1176.72,1177.03,320866
2020-10-22,1179.22,1181.35,1175.84,1178.92,201163
2020-10-23,1179.28,1184.91,1179.28,1181.81,208531
2020-10-26,1182.02,1183.57,1179.16,1180.09,258879
2020-10-27,1179.93,1180.95,1176.11,1177.62,191202
2020-10-28,1177.34,1179.13,1165.15,1166.36,288381
2020-10-29,1165.87,1168.95,1158.27,1165.24,357586
2020-10-30,1163.92,1165.78,1159.28,1165.02,251843
2020-11-02,1165.17,1168.03,1161.51,1163.39,245249
2020-11-03,1164.27,1167.85,1163.44,1166.62,272435
2020-11-04,1164.22,1173.02,1163.96,1170.21,390237
2020-11-05,1172.87,1177.17,1170.31,1175.38,358757
2020-11-06,1175.75,1176.39,1168.02,1169.53,318292
2020-11-09,1170.04,1210.59,1167.33,1206.83,1291136
2020-11-10,1216.98,1226.2,1215.2,1218.4,1074410
2020-11-11,1223.97,1224.16,1213.28,1216.29,735973
2020-11-12,1216.64,1216.73,1201.73,1203.31,331667
2020-11-13,1202.7,1206.34,1202.07,1202.18,185981
2020-11-16,1203.29,1206.73,1194.94,1204.84,683856
2020-11-17,1206.67,1211.24,1202.62,1206.95,440426
2020-11-18,1206.74,1207.87,1202.64,1206.64,317927
2020-11-19,1208.6,1214.07,1208.6,1211.8,686928
2020-11-20,1213.4,1215.38,1210.59,1211.59,543934
2020-11-23,1211.76,1213.8,1210.12,1210.98,446753
2020-11-24,1211.05,1214.43,1209.97,1213.66,229391
2020-11-25,1217.05,1231.89,1216.72,1229.31,530591
2020-11-26,1231.38,1248.22,1231.38,1243.26,851158
2020-11-27,1245.15,1256.97,1244.45,1256.97,526337
2020-11-30,1258.05,1284.33,1257.47,1284.33,801849
2020-12-01,1288.64,1307.35,1288.64,1301.99,1228050
2020-12-02,1304.12,1310.3,1298.37,1301.08,758259
2020-12-03,1304.02,1307.76,1302.96,1305.95,491180
2020-12-04,1307.71,1317.49,1307.03,1317.27,823405
2020-12-07,1319.66,1325.55,1316.38,1323.76,1050307
2020-12-08,1329.8,1331.81,1320.23,1320.89,561756
2020-12-09,1325.85,1326.5,1305.98,1309.4,631315
2020-12-10,1306,1308.4,1299.6,1299.6,507772
2020-12-11,1303.62,1306.98,1300.61,1305.5,337461
2020-12-14,1305.98,1311.3,1305.5,1305.83,527517
2020-12-15,1305.69,1312.33,1305.69,1309.35,299679
2020-12-16,1312.54,1319.83,1311.01,1315.64,345905
2020-12-17,1316.99,1323.04,1316.99,1323.04,327627
2020-12-18,1322.67,1325.07,1320.4,1325.07,241043
2020-12-21,1324.62,1325.2,1304.01,1305.87,550196
2020-12-22,1310.39,1325,1308.23,1324.01,334594
2020-12-23,1322.01,1324.76,1318.62,1320.21,1057429
2020-12-28,1324.6,1328.31,1317.76,1318.97,864032
2020-12-29,1321.95,1334.05,1321.95,1333.21,605855
2020-12-30,1338.56,1344.85,1336.62,1343.64,887364
2021-01-04,1355.43,1386.05,1355.43,1378.74,945932
2021-01-05,1396.89,1399.25,1380.22,1398.03,640106
2021-01-06,1404.21,1410.69,1401.23,1409.45,906189
2021-01-07,1432.27,1436.06,1412,1415.64,861379
2021-01-08,1442.65,1444.18,1415.99,1421.46,531371
2021-01-11,1429.34,1431.05,1414.84,1420.76,1905184
2021-01-12,1422.5,1423.06,1416,1418.96,380404
2021-01-13,1419.49,1424.07,1414.37,1416.4,360579
2021-01-14,1419.79,1422.9,1416.82,1419.24,182972
2021-01-15,1418.27,1421.99,1415.1,1419.46,239307
2021-01-18,1420.52,1426.89,1418.85,1421.71,346023
2021-01-19,1425.57,1432.29,1425.5,1430.13,262719
2021-01-20,1438.34,1442.24,1433.52,1440.03,494986
2021-01-21,1450.34,1450.34,1442.58,1448.27,443230
2021-01-22,1444.52,1445.07,1440.26,1442.33,536739
2021-01-25,1443.48,1448.95,1437.23,1442.71,790052
2021-01-26,1441.74,1442.76,1436.06,1441.53,371447
2021-01-27,1444.69,1444.69,1438.19,1440.73,417037
2021-01-28,1435.82,1439.94,1432.61,1439.62,622072
2021-01-29,1438.83,1441.67,1434.72,1435.75,334532
2021-02-01,1437.87,1441.74,1419.9,1419.9,398580
2021-02-02,1424.09,1437.25,1424.09,1431.41,399412
2021-02-03,1434.39,1454.85,1434.31,1448.05,445860
2021-02-04,1450.2,1456.14,1449.8,1452.43,660577
2021-02-05,1461.17,1470.83,1461.17,1467.61,665293
2021-02-08,1473.26,1485.69,1471.61,1477.02,1455303
2021-02-09,1484.35,1489.27,1452.38,1460.18,1553308
2021-02-10,1461.13,1461.78,1440.9,1441.79,560842
2021-02-11,1450.47,1460.35,1449.15,1457.28,768663
2021-02-12,1460.46,1473.44,1460.46,1463.43,813565
2021-02-15,1470.66,1478.36,1465.55,1468.74,950281
2021-02-16,1472.16,1475.45,1459.48,1460.34,846494
2021-02-17,1463.48,1468.23,1448.33,1454.87,1185212
2021-02-18,1456.67,1458.39,1443.76,1448.25,972436
2021-02-19,1450.34,1457.69,1444.89,1457.69,878834
2021-02-22,1462.69,1464.12,1446.21,1456.1,1045807
2021-02-23,1467.68,1468.72,1456.84,1457.38,707856
2021-02-25,1458.4,1459.58,1443.52,1456.62,842031
2021-02-26,1453.49,1454.04,1445.03,1452.83,848759
2021-03-01,1452.62,1465.12,1452.62,1460.35,802669
2021-03-02,1464.62,1477.08,1464.62,1475.24,672123
2021-03-03,1482.05,1487.5,1476.24,1476.63,462777
2021-03-04,1480.87,1480.87,1459.33,1461.39,425485
2021-03-05,1461.58,1468,1460.49,1464.34,446365
2021-03-08,1467.18,1478.74,1466.97,1471.36,497821
2021-03-09,1469.06,1474.53,1463.99,1466.13,582921
2021-03-10,1467.54,1474.74,1467.54,1468.72,311338
2021-03-11,1472.92,1485.57,1472.92,1479.42,495424
2021-03-12,1480.5,1488.72,1478.06,1487.28,528960
2021-03-15,1488.64,1499.06,1487.11,1489.79,695326
2021-03-16,1491.15,1492.7,1482.93,1485.66,895324
2021-03-17,1479.85,1487.99,1477.88,1480.71,381240
2021-03-18,1482.92,1484.54,1478.73,1481.19,356728
2021-03-19,1481.74,1481.74,1474.96,1477.32,287154
2021-03-22,1483.2,1487.01,1479.41,1483.92,384594
2021-03-23,1487.25,1489.58,1483.19,1485.15,468505
2021-03-24,1486.94,1488.07,1482.54,1486.9,239031
2021-03-25,1487.2,1489.75,1483.65,1485.9,209171
2021-03-26,1487.57,1492.2,1486.58,1488.04,372262
2021-03-29,1491.71,1507.19,1491.71,1500.09,714009
2021-03-30,1496.65,1501.45,1494.54,1497.76,462399
2021-03-31,1499.35,1502.6,1495.92,1501.15,524892
2021-04-01,1505.74,1509.44,1502.14,1507.8,541095
2021-04-06,1515.56,1530.47,1515.17,1530.47,822858
2021-04-07,1533.74,1551.97,1533.74,1551.23,1337093
2021-04-08,1565.22,1581.23,1562.64,1578.66,1598812
2021-04-09,1585.44,1600.36,1585.44,1600.36,1359503
2021-04-12,1605.36,1621.88,1603.99,1619.9,1358493
2021-04-13,1623.28,1639.51,1622.79,1633.1,993560
2021-04-14,1638.18,1639.19,1623.33,1629.16,697514
2021-04-15,1630.87,1632.03,1600.61,1601.38,923249
2021-04-16,1602.56,1604.02,1596.43,1602.6,606780
2021-04-19,1602.59,1619.07,1602.6,1618.77,453650
2021-04-20,1623.36,1633.24,1623.36,1627.01,507834
2021-04-21,1628.79,1630.57,1620.61,1622.48,517719
2021-04-22,1636.64,1636.77,1625.01,1630.2,468804
2021-04-23,1631.89,1632.59,1625.3,1626.61,584087
2021-04-26,1636.4,1636.4,1625.94,1627.79,600497
2021-04-27,1628.79,1628.79,1619.34,1621.43,461600
2021-04-28,1618.51,1618.57,1609.97,1610.51,422148
2021-04-29,1612.39,1620.24,1612.37,1619.19,587461
2021-04-30,1618.86,1621.68,1615.55,1617.29,366936
2021-05-03,1620.88,1625.81,1617.95,1625.72,624291
2021-05-04,1627.66,1635.41,1627.08,1630.42,685424
2021-05-05,1633.82,1645.39,1632.37,1639.52,515290
2021-05-06,1639.77,1642.85,1636.76,1638.23,535712
2021-05-07,1641.09,1644.25,1637.18,1638.87,609013
2021-05-10,1642.78,1646.53,1637.46,1643.52,306689
2021-05-11,1642.17,1643.56,1632.23,1634.52,471930
2021-05-12,1636.26,1640.01,1632.31,1636.39,503196
2021-05-14,1636.7,1638.25,1624.96,1628.66,422885
2021-05-17,1636.95,1636.95,1619.57,1620.37,420333
2021-05-18,1621.09,1621.99,1609.61,1613.25,545212
2021-05-19,1609.92,1609.95,1564.72,1571.18,792629
2021-05-20,1574.16,1598.43,1572.88,1587.48,473984
2021-05-21,1595.64,1609.46,1595.64,1608.61,355234
2021-05-24,1612.97,1616.83,1607.19,1613.04,483109
2021-05-25,1613.52,1619.69,1611.47,1618.88,440860
2021-05-26,1619.51,1621.83,1612.45,1615.36,525325
2021-05-27,1612.46,1614.82,1600.24,1600.24,836945
2021-05-28,1608.98,1612.14,1604.36,1609.53,385350
2021-05-31,1614.57,1621.46,1611.37,1619.45,460792
2021-06-01,1616.93,1622.95,1616.73,1621.53,481442
2021-06-02,1628.42,1630.33,1619.63,1625.4,663380
2021-06-03,1631.67,1635.48,1628.3,1630.46,643297
2021-06-04,1631.16,1641.69,1631.16,1641.69,902390
2021-06-07,1642.56,1654.82,1641.98,1652.03,521211
2021-06-08,1656.71,1661.25,1655.93,1656.18,819574
2021-06-09,1658.64,1664.66,1657.6,1662.06,534035
2021-06-10,1667.19,1668.46,1655.54,1656.28,706690
2021-06-11,1659.19,1665.35,1659.19,1661.98,527006
2021-06-14,1664.48,1666.33,1650.5,1656.38,431688
2021-06-15,1656.35,1660.06,1651.96,1653.07,324096
2021-06-16,1653.24,1657.86,1651.26,1653.46,403779
2021-06-17,1650.34,1657.71,1650.24,1652.46,517085
2021-06-18,1654.51,1662.04,1654.33,1660.93,416596
2021-06-21,1661.86,1661.86,1655.57,1658.11,336396
2021-06-22,1658.04,1661.69,1651.13,1651.13,537016
2021-06-25,1654.63,1656.72,1651.7,1656.02,195839
2021-06-28,1655.51,1655.91,1649.69,1653.01,461173
2021-06-29,1655.47,1659.13,1654.63,1655.3,276341
2021-06-30,1653.35,1660.38,1653.35,1656.33,297798
2021-07-01,1659.95,1667.33,1659.95,1666.24,324263
2021-07-02,1666.24,1668.37,1661.26,1661.26,270149
2021-07-05,1662.33,1666.53,1654.68,1654.68,281860
2021-07-06,1659.93,1667.09,1657.85,1665.34,368772
2021-07-07,1664.2,1666.86,1655.78,1657.72,495004
2021-07-08,1655.78,1661.38,1652.54,1658.62,459781
2021-07-09,1660.17,1662.51,1650.42,1650.87,383890
2021-07-12,1651.75,1658.5,1651.75,1658.28,263283
2021-07-13,1655.95,1665.85,1655.68,1664.72,299668
2021-07-14,1673.54,1684.07,1673.1,1682.09,581551
2021-07-15,1684.14,1707.45,1683.21,1700.26,402724
2021-07-16,1699.27,1702.8,1695.27,1700.52,247647
2021-07-19,1705.4,1705.61,1686.19,1686.19,443220
2021-07-20,1696.37,1712.45,1696.37,1703.11,532549
2021-07-21,1707.73,1715.29,1701.17,1703.85,453322
2021-07-22,1701.46,1715.01,1700.91,1710.26,331019
2021-07-23,1711.02,1724.86,1710.9,1724.86,386965
2021-07-26,1726.94,1740.5,1726.94,1739.69,413075
2021-07-27,1742.43,1768.69,1740.41,1753.64,352056
2021-07-28,1751.74,1766.63,1751.18,1764.12,754407
2021-07-29,1763.07,1767.79,1760.66,1765.51,732674
2021-07-30,1768.91,1773.51,1761.71,1772.05,659290
2021-08-02,1773.67,1824.63,1773.67,1808.42,2013737
2021-08-03,1806.85,1833.04,1806.85,1831.77,1094880
2021-08-04,1832.8,1849.2,1779.28,1789.19,1209418
2021-08-05,1788.83,1808.28,1780.6,1807.46,583559
2021-08-06,1811.86,1816.29,1798.49,1801.44,643985
2021-08-09,1801.83,1802.22,1775.87,1780.2,969148
2021-08-10,1781.33,1808.82,1774.83,1806.89,387731
2021-08-11,1812.07,1822.57,1811.42,1820.4,408032
2021-08-12,1820.81,1834.1,1819.56,1831.62,478115
2021-08-13,1834.52,1840.73,1834.52,1839.89,939925
2021-08-16,1840.53,1852.09,1833.04,1850.75,921967
2021-08-17,1851.11,1871.49,1851.01,1866.14,627485
2021-08-18,1867.98,1881.06,1867.98,1877.16,1744668
2021-08-19,1881.86,1886.7,1867.78,1869.82,865724
2021-08-23,1873.69,1879.51,1867.53,1874.07,1036476
2021-08-24,1877.66,1895.44,1877.66,1885.23,1170447
2021-08-25,1890.71,1928.85,1888.49,1927.81,1075788
2021-08-26,1931.09,1967.5,1929.62,1963.93,798767
2021-08-27,1967.11,2008.65,1967.11,2006.53,638983
2021-08-30,2019.3,2041.15,2013.99,2036.88,617150
2021-08-31,2041.94,2045.54,1991.66,2000.55,739755
2021-09-01,2006.74,2037.6,2002.38,2028.82,792748
2021-09-02,2045.77,2128.5,2045.77,2087.87,1916911
2021-09-03,2134.08,2163.59,2134.08,2141.55,2278065
2021-09-06,2150.2,2155.16,2086.46,2093.18,1902549
2021-09-07,2081.82,2081.82,1962.49,2007.59,1525494
2021-09-08,1974.57,1988.8,1956.18,1964.07,978744
2021-09-09,1960.79,1960.79,1860.52,1880.42,1541491
2021-09-10,1880.7,1980.74,1880.7,1980.74,1180796
2021-09-13,2001.84,2040.06,2001.84,2036.63,723611
2021-09-14,2043.06,2070.94,2013.6,2020.86,1293309
2021-09-15,2020.61,2020.61,1981,1988.69,448187
2021-09-16,1995.52,2008.26,1989.19,1990.29,338108
2021-09-17,1990.8,1995.68,1984.71,1988.68,1204160
2021-09-20,1985.52,1985.52,1931.38,1939.66,807978
2021-09-21,1923.79,1944.68,1899.46,1939.11,874063
2021-09-22,1950.41,1960.5,1940.22,1946.16,496830
2021-09-23,1952.63,1954.2,1943.37,1946.77,502011
2021-09-24,1945.75,1945.75,1934.55,1939.49,471192
2021-09-27,1937.95,1938.08,1922.4,1925.05,474544
2021-09-28,1921.81,1923.02,1887.43,1893.72,671726
2021-09-29,1864.06,1893.46,1864.06,1882.11,529173
2021-09-30,1888.83,1935.53,1888.43,1932.45,388504
2021-10-01,1938.92,1956.87,1938.92,1950.54,362142
2021-10-04,1958.79,1963.47,1951.11,1954.04,418320
2021-10-05,1948.01,1949.02,1905.2,1908.48,778317
2021-10-06,1907.39,1918.12,1866.06,1871.52,556047
2021-10-07,1872.3,1884.81,1858.1,1865.51,464087
2021-10-08,1869.71,1874.65,1858.19,1862.37,429979
2021-10-11,1862.22,1862.47,1836.11,1836.11,721280
2021-10-12,1832.68,1849.22,1829.74,1847.05,456571
2021-10-13,1859,1886.05,1859,1884.34,583688
2021-10-14,1892.15,1906.75,1882.61,1895.2,484667
2021-10-15,1902.86,1910.04,1899.31,1909.14,347871
2021-10-18,1915.23,1944.43,1915.23,1943.9,716709
2021-10-19,1971.35,1986.65,1970.05,1974.16,715447
2021-10-20,1982.14,1982.14,1939.58,1946.97,716843
2021-10-21,1955.61,1955.74,1929.3,1935.28,649574
2021-10-22,1944.03,1949.01,1926.7,1945.34,466783
2021-10-25,1958.56,1961.02,1938.2,1942.66,729464
2021-10-26,1948.24,1953.84,1942.88,1953.84,668601
2021-10-27,1952.36,1953.57,1933.46,1938.18,590802
2021-10-28,1934.23,1954.79,1928.08,1954.29,1555639
2021-10-29,1956.36,1965.37,1954.49,1958.95,1061690
2021-11-01,1961.72,1970.46,1961.41,1965.72,810333
2021-11-02,1972.1,1976.03,1967.86,1972.63,685014
2021-11-03,1976.75,1989.89,1976.75,1988.1,1060601
2021-11-04,1992.51,2010.87,1992.51,2010.86,1041636
2021-11-05,2030.22,2032.83,2014.32,2016.91,1266658
2021-11-08,2024.97,2029.66,2013.55,2029.45,860762
2021-11-09,2032.06,2035.12,2026.81,2031.61,612663
2021-11-10,2032.78,2032.78,2023.21,2023.94,576130
2021-11-11,2020.84,2030.16,2019.22,2028.14,752649
2021-11-12,2032.84,2040.19,2028.66,2036.22,1059218
2021-11-15,2041.96,2059.14,2041.96,2055.64,1127537
2021-11-16,2065.86,2075.36,2057.16,2058.14,1572567
2021-11-17,2077.52,2098.34,2058.68,2079.94,1434968
2021-11-18,2084.36,2089.21,2067.43,2075.65,1119138
2021-11-19,2074.83,2074.83,2048.06,2054.84,871745
2021-11-22,2059.23,2082.6,2058.74,2069.24,701865
2021-11-23,2071.1,2071.62,2055.81,2064.98,661453
2021-11-24,2070.51,2074.85,2057.26,2061.11,685175
2021-11-25,2058.75,2064.74,2057.11,2060.03,368412
2021-11-26,2055.37,2056.91,2023.89,2025.03,965412
2021-11-29,2026.72,2034.57,2014.68,2017.18,914690
2021-11-30,2020.24,2020.24,1970.26,1970.26,923698
2021-12-01,1986.76,2001.61,1974.73,1978.57,749404
2021-12-02,1979.74,1980.85,1961.81,1961.81,873383
2021-12-03,1962,1987,1962,1987.01,798495
2021-12-06,1986.35,1993.14,1976.53,1978.37,667917
2021-12-07,1992.58,2008.99,1989.61,2003.94,743805
2021-12-08,2008.92,2013.32,1993.81,1997.83,1445757
2021-12-09,1994.33,1998.98,1982.19,1991.15,937993
2021-12-10,1998.37,2004.85,1994.78,2002.76,2450573
2021-12-13,2011.61,2022.53,2010.96,2021.91,1354523
2021-12-14,2027.39,2027.39,2004.45,2004.56,1269764
2021-12-15,2007.87,2009.43,2000.59,2004,561639
2021-12-16,2002.08,2006.81,1997.58,1999.63,427701
2021-12-17,1998.96,1999.14,1988.99,1990.21,487207
2021-12-20,1981,1980.99,1961.53,1961.77,655120
2021-12-21,1967.29,1970.78,1961.92,1964.83,580983
2021-12-22,1965.66,1968.98,1962.43,1965.15,402634
2021-12-23,1962.75,1987.04,1962.75,1986.16,435082
2021-12-27,1996.8,2000.03,1980.74,1987.52,550571
2021-12-28,1989.79,1993.08,1986.71,1991.16,740028
2021-12-29,1992.51,1998.25,1989.89,1996.3,554487
2021-12-30,2000.35,2005.81,1998.7,2001.03,636937
2022-01-03,2007.13,2025.96,2006.72,2025.96,1459409
2022-01-04,2034.8,2073.28,2034.8,2070.07,1572841
2022-01-05,2080.06,2083.64,2075.29,2080.05,1423749
2022-01-06,2077.36,2077.36,2048.59,2057.31,861104
2022-01-07,2058.79,2062.66,2055.73,2057.42,503989
2022-01-10,2060.61,2060.61,2047.07,2047.14,709837
2022-01-11,2047.99,2049.29,2042.04,2043.2,546578
2022-01-12,2047.1,2059.99,2047.02,2058.51,647370
2022-01-13,2062.3,2078.73,2061.24,2072.64,974566
2022-01-14,2072.83,2074.59,2056.44,2058.72,881933
2022-01-17,2062.09,2063.9,2055.31,2057.68,492699
2022-01-18,2058.26,2062.45,2034.01,2034.01,728425
2022-01-19,2026.86,2026.86,2008.66,2011.9,862295
2022-01-20,2007.69,2016.54,2003.34,2010.09,484769
2022-01-21,2008.89,2008.88,1942.98,1952.71,1571910
2022-01-24,1911.74,1911.74,1861.93,1861.93,2416610
2022-01-25,1857.75,1921.37,1857.75,1901.24,1720447
2022-01-26,1919.92,1947.86,1919.66,1937.19,1160274
2022-01-27,1923.55,1923.55,1902.33,1918.05,724857
2022-01-28,1927.95,1946.29,1925.64,1928.91,748258
2022-01-31,1950.8,1962.16,1950.34,1957.68,718664
2022-02-01,1973.89,2000.2,1973.89,1998.29,904775
2022-02-02,2013.37,2020.38,1998.5,1999.01,1339116
2022-02-03,2001.54,2001.54,1987.4,1988.67,512865
2022-02-04,1986.3,1990.03,1974.29,1978.79,620410
2022-02-07,1992.12,1995.4,1982.69,1984.49,458890
2022-02-08,1994.54,1997.31,1979.08,1980.53,552943
2022-02-09,1985.88,1999.97,1979.21,1999.68,937558
2022-02-10,2009.22,2010.37,1995.69,1996.95,555159
2022-02-11,1996.93,1996.93,1984.73,1989.82,593146
2022-02-14,1968.85,1968.85,1928.6,1943.59,1444348
2022-02-15,1945.33,1971.68,1945.33,1962.39,877581
2022-02-16,1973.61,1980.59,1969.26,1972.28,459709
2022-02-17,1969.48,1970.79,1942.24,1945.13,363983
2022-02-18,1938.74,1938.96,1930.22,1932.6,636700
2022-02-21,1923.12,1923.12,1888.79,1888.95,1053371
2022-02-22,1856.65,1880.6,1816.74,1873.23,1593214
2022-02-23,1879.51,1903.41,1879.51,1893.24,846999
2022-02-25,1795.89,1870.66,1795.89,1869.19,1688845
2022-02-28,1858.58,1868.77,1852.82,1857.62,993508
2022-03-01,1868.23,1880.13,1826.69,1827.19,1197221
2022-03-02,1810.38,1812.23,1779.41,1781.1,840479
2022-03-03,1783.42,1820.98,1783.42,1813.26,1055740
2022-03-04,1794.72,1794.72,1741.59,1742.46,1281722
2022-03-07,1733.26,1733.26,1616.48,1647.22,1917924
2022-03-08,1641.34,1714.08,1637.02,1713.49,1050175
2022-03-09,1753.99,1799.41,1753.99,1785.28,876578
2022-03-10,1833.36,1842.53,1779.94,1782.75,768911
2022-03-11,1782.4,1798.6,1781.48,1796.27,591531
2022-03-14,1811.43,1812.62,1800.74,1803.81,629819
2022-03-15,1806.1,1822.97,1804.67,1820.48,708394
2022-03-16,1836.16,1856.34,1836.16,1853.95,679556
2022-03-17,1873.19,1891.49,1866.61,1869.73,526473
2022-03-18,1873.6,1878.4,1865.23,1870.69,373100
2022-03-21,1879.76,1890.26,1879.39,1887.79,362954
2022-03-22,1890.88,1896.65,1890.88,1895.05,368993
2022-03-23,1894.83,1901.55,1879.68,1882.93,311582
2022-03-24,1881.7,1887.29,1879.71,1884.8,329268
2022-03-25,1889.21,1895.22,1885.78,1885.78,239345
2022-03-28,1893.04,1896.37,1882.41,1882.41,362794
2022-03-29,1886.54,1887.69,1866.72,1872.46,510838
2022-03-30,1872.75,1877.07,1866.71,1869.71,602975
2022-03-31,1881.02,1894.16,1880.88,1890.35,435430
2022-04-01,1899.25,1905.44,1895.17,1904.03,310742
2022-04-04,1915.13,1921.48,1912.25,1918.24,607853
2022-04-05,1922.03,1933.41,1922.03,1928.09,432067
2022-04-06,1930.97,1931.51,1915.94,1922.43,684341
2022-04-07,1922.8,1938.26,1922.8,1935.48,554277
2022-04-08,1941.43,1953.59,1941.43,1948.93,300541
2022-04-11,1955.08,1959.28,1949.63,1950.84,277051
2022-04-12,1954.06,1954.06,1938.21,1941.24,607859
2022-04-13,1952.85,1956.08,1932.84,1934.57,495763
2022-04-14,1935.61,1943.83,1935.02,1938.4,300910
2022-04-19,1938.73,1938.73,1912.92,1914.33,389542
2022-04-20,1915.06,1917.3,1911.32,1915.34,438158
2022-04-21,1918.83,1921.28,1911.46,1911.46,296379
2022-04-22,1913.99,1915.41,1911.38,1913.13,285111
2022-04-25,1916.26,1916.26,1896.81,1901.62,493697
2022-04-26,1901.92,1906.28,1898.45,1899.18,486333
2022-04-27,1895.03,1897.86,1890.31,1892.23,376371
2022-04-28,1895.59,1900.21,1894.58,1897.03,391001
2022-04-29,1896.42,1899.5,1893.13,1896.79,346349
2022-05-02,1898.41,1899,1888.61,1889.66,692580
2022-05-03,1891.29,1899.33,1891.29,1896.61,436356
2022-05-04,1902.48,1903.17,1895.76,1901.55,591161
2022-05-05,1911.36,1913.64,1907.3,1907.73,500562
2022-05-06,1905.36,1905.36,1883.78,1883.78,582068
2022-05-09,1879.13,1880.34,1851.4,1856.2,638263
2022-05-10,1853.61,1856,1831.07,1845.58,749532
2022-05-11,1850.53,1854.34,1844.88,1845.51,417665
2022-05-12,1829.77,1834.69,1822.02,1822.79,528423
2022-05-13,1829.58,1855.26,1829.58,1845.37,466208
2022-05-16,1843.91,1848.47,1836.74,1838.48,289951
2022-05-17,1838.18,1841.13,1832.2,1833.77,291250
2022-05-18,1836.46,1838.13,1822.8,1824.6,304819
2022-05-19,1818.79,1819.1,1804.12,1805.07,592161
2022-05-20,1806.69,1825.14,1806.69,1812.74,454957
2022-05-23,1815.78,1823.88,1813.86,1821.03,481520
2022-05-24,1819.88,1821.7,1810,1811.86,507704
2022-05-25,1813.61,1817.82,1806.18,1807.6,548479
2022-05-27,1812.25,1829.14,1812.25,1827.96,949139
2022-05-30,1834.22,1841.28,1833.2,1835.34,605705
2022-05-31,1840.9,1848.45,1832.45,1848.45,796129
2022-06-01,1844.5,1844.7,1835.97,1843.76,408003
2022-06-02,1838.52,1838.59,1831.42,1831.69,383730
2022-06-03,1833.26,1839.61,1832.42,1835.34,533244
2022-06-06,1834.87,1837.32,1823.17,1823.17,512378
2022-06-07,1825.57,1830.52,1822.95,1824.73,465642
2022-06-08,1829.32,1831.53,1824.22,1828.32,488055
2022-06-09,1829.51,1835.22,1829.51,1833.2,343420
2022-06-10,1831.92,1836.96,1826.76,1826.76,662683
2022-06-13,1820.69,1822.82,1799.83,1800.75,424497
2022-06-14,1792.86,1795.34,1774.34,1778.26,477550
2022-06-15,1775.59,1775.81,1750.49,1754.9,451603
2022-06-16,1756.07,1768.1,1744.16,1748.87,412405
2022-06-17,1745.59,1745.59,1724.63,1738.43,589521
2022-06-20,1743.86,1753.99,1739.67,1744.95,250733
2022-06-21,1745.09,1753.51,1741.82,1746.5,306799
2022-06-22,1742.87,1743.18,1734.49,1735.94,202221
2022-06-27,1737.88,1746.85,1737.88,1741.37,328766
2022-06-28,1743.02,1751.15,1743.01,1747.45,166004
2022-06-29,1746.73,1766.23,1745.64,1762.51,310086
2022-06-30,1770.24,1792.29,1768.89,1789.65,302174
2022-07-01,1792.22,1796.49,1787.24,1788.64,341207
2022-07-04,1791.16,1794.48,1787.74,1789.13,221941
2022-07-05,1804.04,1812.15,1767.86,1769.43,565985
2022-07-06,1770.5,1777,1766.7,1769.57,471656
2022-07-07,1771.91,1777.2,1769.47,1772.74,318142
2022-07-08,1777.57,1779.24,1770.04,1771.01,284823
2022-07-11,1769.2,1771.01,1762.02,1765.65,270903
2022-07-12,1763.74,1765.39,1748.51,1750.02,362188
2022-07-13,1751.23,1751.23,1739.35,1740.8,435755
2022-07-14,1739.39,1740.96,1733.67,1734,432878
2022-07-15,1732.41,1742.57,1731.38,1739.18,311440
2022-07-18,1741.16,1749.49,1741.16,1748.02,248746
2022-07-19,1742.69,1743.94,1734.41,1737.68,228878
2022-07-20,1740.73,1749.62,1740.42,1742.27,286054
2022-07-21,1743.49,1753.88,1741.29,1751.99,352174
2022-07-22,1749.89,1755.48,1749.58,1752.72,275025
2022-07-25,1749.88,1750.87,1745.36,1748.36,342946
2022-07-26,1747.91,1749.6,1745.32,1745.81,246614
2022-07-27,1745.8,1749.26,1742.13,1748.77,315966
2022-07-28,1754.31,1766.99,1753.3,1765.01,615109
2022-07-29,1766.02,1772.45,1766.02,1768.18,539652
2022-08-01,1766.14,1774.14,1764.82,1767.53,505843
2022-08-02,1762.56,1767.28,1758.95,1758.95,390363
2022-08-03,1759.79,1767.75,1758.48,1765.62,349753
2022-08-04,1767.48,1786.41,1767.48,1781.12,551047
2022-08-05,1782.35,1799.65,1782.35,1796.87,482913
2022-08-08,1799.26,1811.62,1799.11,1811.12,484798
2022-08-09,1815.24,1834.25,1814.91,1830,715885
2022-08-10,1839.66,1874.21,1839.66,1872.07,830035
2022-08-11,1879.94,1891.59,1852.92,1865.22,994521
2022-08-12,1871.61,1873.63,1843.31,1870.08,503578
2022-08-15,1875.2,1910.1,1875.2,1901.75,532923
2022-08-16,1907.19,1913.97,1892.21,1898.4,440233
2022-08-17,1899.56,1906.57,1871.43,1874.16,522689
2022-08-18,1876.23,1878.62,1866.23,1873.88,289642
2022-08-19,1870.24,1871.13,1855.44,1855.44,213573
2022-08-22,1849.29,1849.29,1815.33,1816.01,515475
2022-08-23,1809.46,1827.57,1801.86,1819.5,384391
2022-08-24,1820.26,1830.19,1820.26,1821,206081
2022-08-25,1824.91,1830.18,1816.72,1818.32,214558
2022-08-26,1817.39,1821.89,1812.09,1818.55,291970
2022-08-29,1811.08,1811.08,1790.94,1792.4,356641
2022-08-30,1790.19,1797.87,1789.23,1796.07,307930
2022-08-31,1798.37,1810.81,1795.13,1810.22,461680
2022-09-01,1811.91,1811.91,1793.98,1798.44,344577
2022-09-02,1801.03,1801.24,1791.61,1796.55,340556
2022-09-05,1791.77,1792.98,1782.49,1788.09,376705
2022-09-06,1784.63,1785.97,1780.5,1783.36,282591
2022-09-07,1780.8,1784.63,1775.35,1782.57,367516
2022-09-08,1783.18,1786.93,1783,1786.84,262725
2022-09-09,1786.72,1800.02,1786.56,1798.03,288578
2022-09-12,1800.66,1810.72,1794.83,1809.24,483465
2022-09-13,1803.25,1804.83,1792.65,1792.86,396718
2022-09-14,1785.93,1791.54,1778.62,1789.85,310348
2022-09-15,1790.92,1798.71,1788.51,1793.44,207692
2022-09-16,1792.39,1792.88,1783.03,1786,250950
2022-09-19,1782.87,1782.87,1768.55,1771.36,208126
2022-09-20,1771.65,1776.71,1760,1761.06,193416
2022-09-21,1759.91,1759.91,1736.74,1737.12,414018
2022-09-22,1732.5,1733.68,1717.9,1718.46,339894
2022-09-23,1709.31,1725.81,1707.08,1709,370049
2022-09-26,1707.54,1708.84,1695.97,1697.24,278593
2022-09-27,1699.96,1708.1,1688.36,1693.06,411518
2022-09-28,1691.19,1693.56,1670.12,1673.93,413095
2022-09-29,1673.63,1690.48,1673.63,1684.01,311774
2022-09-30,1682.97,1688.85,1675.43,1682.08,435029
2022-10-03,1683.89,1685.1,1667.74,1667.74,292637
2022-10-04,1675.66,1690.07,1662.62,1672.76,475210
2022-10-05,1682.7,1686.74,1675.9,1677.28,320311
2022-10-06,1679.65,1690.89,1679.65,1690.89,224435
2022-10-07,1691.21,1697.6,1685.46,1693.37,361244
2022-10-10,1696.04,1705.21,1692.83,1703.8,220947
2022-10-11,1705.31,1713.11,1692.1,1695.65,488000
2022-10-12,1696.7,1699.73,1691.45,1693.92,267470
2022-10-13,1692.01,1695.29,1681.17,1681.17,462408
2022-10-14,1686.9,1688.07,1669.33,1674.43,313549
2022-10-17,1673.31,1681.65,1671.28,1672.47,252504
2022-10-18,1676.17,1677.46,1670.03,1672.55,305972
2022-10-19,1676.63,1678.73,1669.86,1669.86,238594
2022-10-20,1669.5,1670.66,1658.57,1661,282931
2022-10-21,1658.12,1661.68,1650.97,1653.75,409805
2022-10-24,1655.91,1667.86,1655.76,1667.53,320113
2022-10-25,1668.06,1670.65,1656.62,1661.43,342468
2022-10-26,1662.19,1671.58,1660.98,1667.28,567509
2022-10-27,1670.65,1671.84,1665.25,1668.86,1483913
2022-10-28,1671.7,1672,1664.49,1666.46,549729
2022-10-31,1669.37,1672.81,1666.87,1671.63,360833
2022-11-01,1671.56,1685.91,1671.56,1683.93,531698
2022-11-02,1685.41,1705.2,1685.25,1704.5,604943
2022-11-03,1708.21,1715.71,1707.28,1714.8,474133
2022-11-04,1718.72,1735.55,1718.09,1731.88,466369
2022-11-07,1734.28,1735.96,1726.17,1727.97,405013
2022-11-08,1730.53,1741.34,1729.08,1740.39,330427
2022-11-09,1740.29,1741.14,1732.14,1736.6,281290
2022-11-10,1737.37,1740.43,1726.7,1740.43,315863
2022-11-11,1746.87,1753.77,1746.87,1751.24,616901
2022-11-14,1752.62,1756.28,1751.71,1754.37,357367
2022-11-15,1757.18,1759.36,1736.21,1742.28,564314
2022-11-16,1737.39,1745.15,1736.97,1739.42,298814
2022-11-17,1738.24,1745.79,1737.14,1745.79,234475
2022-11-18,1745.38,1749.3,1743.4,1746.75,286278
2022-11-21,1747.24,1748.48,1740.83,1741.91,477194
2022-11-22,1742.35,1746.03,1735.08,1736.41,315843
2022-11-23,1738.31,1742.83,1734.67,1736.15,309404
2022-11-24,1733.57,1734.48,1727.62,1730.68,344758
2022-11-25,1728.84,1730.09,1725.12,1727.79,315939
2022-11-28,1728.75,1733.14,1720.84,1721.5,421892
2022-11-29,1726.14,1737.91,1723.68,1737.91,453880
2022-11-30,1738.63,1759.72,1738.63,1759.72,399347
2022-12-01,1763.06,1767.25,1755,1761.2,356634
2022-12-02,1761.54,1766.48,1757.98,1760.36,597654
2022-12-05,1766.01,1778.08,1764.83,1777.45,941403
2022-12-06,1777.99,1781.28,1773.12,1775.74,355176
2022-12-07,1775.85,1779.32,1767.22,1770.92,537678
2022-12-08,1773.56,1775.32,1768.99,1771.97,302099
2022-12-09,1773.99,1783.81,1773.99,1777.59,387239
2022-12-12,1788.95,1794.87,1786.85,1792.41,936051
2022-12-13,1799.7,1806.79,1798.4,1806.79,1022972
2022-12-14,1806.55,1820.22,1806.3,1813.38,819337
2022-12-15,1815.98,1816.56,1796.19,1798.85,768029
2022-12-16,1798.7,1798.7,1786.74,1787.49,602118
2022-12-19,1788.48,1793.45,1774.44,1774.8,625905
2022-12-20,1774.64,1777.19,1748.9,1750.7,566660
2022-12-21,1753.9,1761.6,1753.9,1760.78,518331
2022-12-22,1763.71,1764.57,1755.27,1758.66,392915
2022-12-23,1757.23,1764.83,1753.87,1762.09,291895
2022-12-27,1766.68,1769.29,1759.34,1763.04,310685
2022-12-28,1763.02,1764.1,1752.8,1760.76,350964
2022-12-29,1759.62,1761.48,1756.55,1760.32,225926
2022-12-30,1758.94,1766.92,1758.21,1766.73,352329
2023-01-02,1768.98,1779.27,1768.61,1779.27,356843
2023-01-03,1784.31,1793.51,1783.28,1787.89,527835
2023-01-04,1793.25,1796.05,1785.97,1789.53,406251
2023-01-05,1789.72,1792.71,1787.06,1787.84,419255
2023-01-06,1788.05,1791.51,1785.85,1788.15,298830
2023-01-09,1787.25,1794.87,1786.22,1793.33,456214
2023-01-10,1799.84,1800.51,1792.35,1798.92,366745
2023-01-11,1806.02,1808.26,1801.82,1808.26,429438
2023-01-12,1809.12,1828.95,1809.09,1827.43,619758
2023-01-13,1826,1833.91,1820.74,1830.26,575715
2023-01-16,1831.74,1849.58,1831.19,1848.23,536710
2023-01-17,1848.91,1854.41,1835.91,1836.41,476283
2023-01-18,1845.57,1849.6,1838.34,1847.58,384490
2023-01-19,1845.23,1847.74,1838.46,1838.46,378702
2023-01-20,1839.73,1849.82,1839.73,1847.09,359895
2023-01-23,1845.56,1848.72,1838.95,1844.9,292957
2023-01-24,1848.23,1854.23,1845.19,1848.26,487737
2023-01-25,1848.52,1864.32,1848.52,1863.02,522566
2023-01-26,1865.49,1885.11,1865.49,1882.38,695000
2023-01-27,1885.33,1893.92,1885.05,1886.61,569936
2023-01-30,1890.96,1897.15,1878.78,1882.32,428237
2023-01-31,1883.75,1887.1,1875.04,1881.11,436417
2023-02-01,1884.7,1889.2,1883.36,1884.22,531709
2023-02-02,1889.98,1896.75,1889.57,1896.32,807273
2023-02-03,1897.56,1899.52,1892.15,1892.29,841065
2023-02-06,1893.16,1902.24,1893.16,1899.22,497383
2023-02-07,1901.53,1903.45,1894.43,1895.07,620542
2023-02-08,1902.32,1903.3,1886.06,1887.18,515153
2023-02-09,1889.13,1903.06,1889.13,1892.03,619814
2023-02-10,1892.36,1894.33,1874.04,1874.04,458967
2023-02-13,1878.04,1885.5,1874.1,1884.74,500876
2023-02-14,1896.19,1903.45,1886.2,1887.34,436074
2023-02-15,1888.07,1889.26,1871.27,1874.11,567887
2023-02-16,1873.33,1884.77,1872.81,1882.3,444495
2023-02-17,1880.87,1884.89,1879.44,1882.21,442493
2023-02-20,1885.08,1887.02,1876.88,1879.04,493103
2023-02-21,1878.73,1880.42,1867.13,1868.77,491186
2023-02-22,1870.31,1873.37,1858.95,1866.52,989931
2023-02-23,1868.08,1872.96,1867.17,1870.59,427122
2023-02-27,1873.43,1879.66,1870.43,1879.45,456883
2023-02-28,1878.77,1888.47,1877.88,1888.47,819817
2023-03-01,1892.32,1906,1891.6,1904.57,672017
2023-03-02,1905.45,1907.4,1894.54,1897,520547
2023-03-03,1900.61,1912.34,1900.61,1908.26,495033
2023-03-06,1911.48,1917.96,1905.39,1909.22,525463
2023-03-07,1908.88,1910.9,1904.61,1907.86,314152
2023-03-08,1906.89,1909.79,1905.41,1908.32,2473776
2023-03-09,1909.16,1911.57,1908.01,1911.24,268687
2023-03-10,1905.77,1907.07,1893.85,1899.41,786713
2023-03-13,1887,1887.4,1843.89,1851.27,1114807
2023-03-14,1860.45,1883.41,1860.45,1881.94,847672
2023-03-15,1890.53,1894.02,1860.77,1866.78,586754
2023-03-16,1865.5,1869.02,1861.8,1865.54,460056
2023-03-17,1875.76,1881.63,1869.82,1871.57,507655
2023-03-20,1870.46,1870.8,1860.79,1862.3,506196
2023-03-21,1863.79,1877.34,1863.79,1869.79,341213
2023-03-22,1872.1,1873.17,1867.16,1868.05,320253
2023-03-23,1868.06,1869.69,1864.28,1865.31,209440
2023-03-24,1865.04,1865.04,1858.79,1859.52,4652543
2023-03-27,1861.84,1864.09,1860.17,1862.72,298177
2023-03-28,1862.26,1867.02,1856.92,1867.02,513034
2023-03-29,1865.94,1865.94,1858.91,1864.12,610236
2023-03-30,1868.37,1870.23,1865.56,1866.62,354641
2023-03-31,1869.35,1870.69,1867.1,1867.1,228945
2023-04-03,1872.55,1872.84,1866.87,1866.87,384497
2023-04-04,1872.4,1887.82,1871.55,1887.82,577793
2023-04-05,1889.28,1894.78,1884.23,1892,385851
2023-04-06,1894.38,1907.96,1894.38,1906.54,667920
2023-04-11,1908.81,1908.82,1890.19,1897.03,566391
2023-04-12,1898.96,1902.22,1893.18,1897.23,356844
2023-04-13,1898.59,1902.25,1896.93,1902.09,1127806
2023-04-14,1903.89,1914.27,1901.05,1912.76,435217
2023-04-17,1915.54,1917.01,1910.71,1914.52,524774
2023-04-18,1922.61,1924.49,1916.12,1916.75,1939060
2023-04-19,1916.82,1917.45,1906.38,1906.99,808178
2023-04-20,1905.21,1912.93,1905.21,1907.25,444238
2023-04-21,1910.93,1911,1902.38,1907.34,310286
2023-04-24,1905.33,1907.1,1897.31,1900.05,509231
2023-04-25,1897.77,1899.9,1883.72,1896.97,1709808
2023-04-26,1895.76,1900.94,1894.29,1899.13,617113
2023-04-27,1904.9,1904.9,1898.01,1900.26,747818
2023-04-28,1904.71,1906.97,1902.25,1903.59,681423
2023-05-02,1905.42,1907.96,1900.94,1901.44,394884
2023-05-03,1905.63,1906.35,1902.42,1906.17,755513
2023-05-04,1907.03,1913.31,1907.03,1913.11,394009
2023-05-05,1915.44,1916.66,1910.22,1915.14,752236
2023-05-08,1918.42,1924.87,1911.47,1921.79,509732
2023-05-09,1925.23,1927.26,1919.79,1920.91,444942
2023-05-10,1924.33,1924.33,1916.47,1918.21,518801
2023-05-11,1912.6,1919.23,1908.78,1910.36,372023
2023-05-12,1909.31,1912.99,1903.3,1907.63,360565
2023-05-15,1909.01,1909.71,1895.27,1899.86,531845
2023-05-16,1903.51,1911.16,1903.51,1909.12,654559
2023-05-17,1906.03,1907.24,1899.48,1899.54,255034
2023-05-19,1900.31,1901.72,1885.81,1889.15,452405
2023-05-22,1887.09,1887.16,1875.64,1878.49,400083
2023-05-23,1878.41,1882.85,1876.29,1877.53,617510
2023-05-24,1871.53,1876.14,1861.58,1862.72,401824
2023-05-25,1855.23,1858.04,1847.86,1849.5,447056
2023-05-26,1850.28,1871.48,1848.81,1869.73,385101
2023-05-29,1871.86,1880.61,1871.86,1877,381565
2023-05-30,1877.85,1883.31,1875.85,1883.31,256203
2023-05-31,1882.52,1896.01,1878.57,1896.01,578893
2023-06-01,1892.76,1900.82,1889.6,1894.26,449787
2023-06-02,1893.96,1900.25,1893.96,1898.56,389819
2023-06-05,1899.69,1902.32,1889.85,1895.31,320218
2023-06-06,1887.57,1892.97,1883.81,1886.66,433887
2023-06-07,1885.64,1893.55,1885.64,1888.75,327124
2023-06-08,1885.55,1886.44,1877.81,1877.81,265298
2023-06-09,1878.62,1885.92,1878.18,1885.66,408192
2023-06-12,1886.13,1893.56,1880.01,1880.89,289520
2023-06-13,1883.03,1890.16,1881.67,1882.67,474163
2023-06-14,1884.48,1885.7,1868.98,1876.11,379851
2023-06-15,1878.26,1887.07,1878.26,1884.8,1082971
2023-06-16,1887.21,1898.86,1887.21,1892.59,10189439
2023-06-19,1897.32,1899.36,1892.17,1893.77,553772
2023-06-20,1903.66,1904.09,1897.96,1901.14,427074
2023-06-21,1902.05,1907.74,1900.1,1907.13,409917
2023-06-22,1906.97,1913.74,1903.67,1906.63,593126
2023-06-26,1909.98,1912.06,1889.97,1889.97,492909
2023-06-27,1890.7,1890.7,1881.79,1885.75,376171
2023-06-28,1885.99,1892.74,1885.68,1889.24,374543
2023-06-29,1888.48,1892.24,1885,1885.67,164216
2023-06-30,1885.23,1888.74,1885.23,1888.25,136721
2023-07-03,1888.37,1891.84,1885.6,1888.46,398288
2023-07-04,1887.59,1888.68,1884.67,1887.83,295937
2023-07-05,1885.97,1888.81,1884.69,1887.1,281124
2023-07-06,1887.45,1890.64,1884.79,1886.02,236471
2023-07-07,1882.7,1887.68,1882.7,1887.38,302303
2023-07-10,1885.96,1889.75,1883.04,1885.07,315800
2023-07-11,1883.19,1888.16,1882.02,1886.5,279361
2023-07-12,1885.63,1896.09,1885.63,1895.53,432968
2023-07-13,1894.53,1900.01,1891.85,1899.5,302023
2023-07-14,1900.8,1900.96,1891.85,1894.43,294035
2023-07-17,1893.96,1895.72,1885.81,1888.1,334146
2023-07-18,1891.61,1894.8,1887.82,1890.59,678848
2023-07-19,1891.55,1901.86,1891.55,1896.4,430264
2023-07-20,1895.88,1895.88,1880.86,1881.89,997471
2023-07-21,1881.31,1893.1,1881.1,1892.45,497575
2023-07-24,1893.61,1898.05,1886.5,1890.27,632368
2023-07-25,1891.2,1899.22,1891.19,1898.34,720180
2023-07-26,1899.88,1900.74,1886.26,1887.34,402737
2023-07-27,1888.41,1896.57,1888.41,1892.62,540125
2023-07-28,1892.97,1898.37,1888.55,1895.98,313313
2023-07-31,1892.97,1895.85,1889.61,1893.18,244643
2023-08-01,1894.37,1899.97,1888.74,1893.34,593693
2023-08-02,1893.26,1894.8,1888.88,1891.94,411842
2023-08-03,1886.45,1886.45,1867.14,1872.31,557656
2023-08-04,1870.51,1870.51,1863.91,1867.63,669114
2023-08-07,1868.21,1870.76,1864.56,1867.21,484114
2023-08-08,1865.47,1868.89,1863.29,1867.86,513767
2023-08-09,1867.08,1871,1865.35,1871,418856
2023-08-10,1872.43,1875.39,1865.12,1865.12,745324
2023-08-11,1865.82,1868.71,1863.53,1865.18,522540
2023-08-14,1861.89,1866.05,1860.96,1862.77,2130785
2023-08-15,1867.95,1872.58,1865,1867.98,401298
2023-08-16,1867.71,1869.25,1861.27,1866.87,422745
2023-08-17,1865.48,1866.75,1859.05,1863.95,684841
2023-08-18,1864.02,1866.89,1859.43,1864.62,818531
2023-08-21,1866.98,1869.72,1860.02,1860.02,895077
2023-08-22,1861.3,1862.7,1855.64,1857.61,800941
2023-08-23,1855.56,1859.16,1851.48,1856.01,408160
2023-08-24,1857.06,1858.71,1842.31,1843,531059
2023-08-25,1843.51,1847.31,1840.89,1843.78,310425
2023-08-28,1845.06,1846.14,1834.49,1834.49,459268
2023-08-29,1835.18,1837.56,1828.55,1832.06,506385
2023-08-30,1832.64,1833.8,1829.09,1831.77,296005
2023-08-31,1831.89,1833.73,1821.67,1821.67,744930
2023-09-01,1828.63,1839.7,1828.19,1838.41,697257
2023-09-04,1838.38,1858.74,1838.38,1855.89,571831
2023-09-05,1855.92,1860.74,1853.35,1859.11,1624933
2023-09-06,1862.48,1872.64,1862.48,1872.64,529007
2023-09-07,1873.2,1881.07,1867.1,1881.07,781509
2023-09-08,1885.7,1887.96,1879.1,1880.56,494356
2023-09-11,1881.87,1884.21,1871.02,1873.83,243900
2023-09-12,1866.52,1866.52,1845.52,1847.31,2123759
2023-09-13,1842.94,1842.94,1825.96,1828.74,654631
2023-09-14,1827.27,1827.27,1817.04,1822.42,560930
2023-09-15,1823.62,1841.56,1823.62,1841.04,569209
2023-09-18,1839.2,1839.2,1822.33,1825.32,441756
2023-09-19,1823.24,1825.19,1813.35,1814.59,485207
2023-09-20,1831.62,1836.4,1828.79,1830.96,611657
2023-09-21,1830.8,1834.35,1823.11,1826.56,1099258
2023-09-22,1820.96,1830.58,1820.96,1826.67,446869
2023-09-25,1821.95,1825.96,1820.43,1823.14,288672
2023-09-26,1822.53,1826.72,1821.49,1823.91,308589
2023-09-27,1826.19,1864.63,1825.56,1861.39,768123
2023-09-28,1862.2,1867.73,1848.93,1851.1,544361
2023-09-29,1851.58,1857.95,1848.92,1855.19,320511
2023-10-02,1857.52,1863.37,1856.33,1859.65,257171
2023-10-03,1859.16,1859.92,1852.03,1852.96,340530
2023-10-04,1850.04,1853.55,1841.6,1847.38,368264
2023-10-05,1846.82,1851.36,1838.99,1842.91,340490
2023-10-06,1841.51,1842.48,1830.88,1833.54,356717
2023-10-09,1832.16,1834.21,1818.16,1819.47,384120
2023-10-10,1815.76,1817.62,1808.66,1814.72,753691
2023-10-11,1811.35,1818.92,1810.93,1818.48,456996
2023-10-12,1819.39,1827.21,1818.76,1822.46,523110
2023-10-13,1823.67,1824.62,1817.74,1820.15,293352
2023-10-16,1819.59,1823.01,1810.39,1810.4,319807
2023-10-17,1811.63,1814.62,1808.56,1810.74,340802
2023-10-18,1807.87,1810.97,1806.32,1809.68,216000
2023-10-19,1807.72,1811.21,1804.65,1806.76,399639
2023-10-20,1809.76,1809.77,1797.33,1801.52,267359
2023-10-23,1800.3,1801.87,1794.15,1794.51,217138
2023-10-24,1799,1806.41,1797.19,1801.37,378870
2023-10-25,1801.41,1803.35,1796.25,1800.09,351043
2023-10-26,1800.34,1800.62,1795.45,1799.32,377503
2023-10-27,1799.21,1802.17,1795.8,1797.51,322363
2023-10-30,1796.21,1797.78,1788.28,1790.12,224683
2023-10-31,1787.87,1791.59,1784.83,1785.43,432033
2023-11-01,1775.64,1781.53,1771.21,1776.44,354753
2023-11-02,1769.86,1784.81,1765.86,1781.04,541369
2023-11-03,1773.26,1778.69,1770.76,1774.27,355320
2023-11-06,1772.17,1803.79,1772.17,1795.6,861641
2023-11-07,1795.26,1799.49,1786.79,1789.18,429811
2023-11-08,1788.98,1792.9,1783.3,1783.88,467668
2023-11-09,1786.05,1795.14,1786.05,1791.73,295407
2023-11-10,1794.13,1797.61,1784.21,1786.1,258127
2023-11-13,1784.06,1786.31,1777.32,1779.38,359431
2023-11-14,1777.63,1781.35,1775.28,1777.53,363265
2023-11-15,1779.91,1787.44,1772.97,1773.78,581484
2023-11-16,1774.86,1779.87,1772.02,1779.49,810285
2023-11-17,1777.04,1778.49,1769.85,1775.64,916182
2023-11-20,1774.93,1774.93,1759.42,1759.62,595836
2023-11-21,1758.7,1760.23,1747.22,1748.88,628067
2023-11-22,1750.16,1753.55,1748.79,1749.78,336580
2023-11-23,1751.3,1756.51,1750.03,1753.6,352160
2023-11-24,1752.42,1765.72,1750.97,1763.6,436129
2023-11-27,1766.24,1768.59,1760.39,1764.12,1410703
2023-11-28,1759.09,1760.3,1753,1753.89,514881
2023-11-29,1754.14,1755.52,1745.75,1751.35,302646
2023-11-30,1751.32,1757.84,1750.01,1752.18,611708
2023-12-01,1753.68,1754.58,1751.08,1754.06,324183
2023-12-04,1753.27,1755.07,1744.16,1745.33,379219
2023-12-05,1745.36,1747.73,1740.71,1741.06,412371
2023-12-06,1741.57,1745.31,1738.19,1744.48,387784
2023-12-07,1742.37,1743.98,1738.46,1742.72,412179
2023-12-08,1742.55,1747.81,1740.33,1746.08,318723
2023-12-11,1747.74,1765.04,1747.74,1763.95,344907
2023-12-12,1767.37,1778.46,1767.37,1777.48,313536
2023-12-13,1779.22,1779.65,1771.71,1777.56,305578
2023-12-14,1779.9,1787.05,1779.9,1785.51,546371
2023-12-15,1785.7,1788.82,1780.96,1781.18,522773
2023-12-18,1779.61,1780.29,1772.34,1775.73,266624
2023-12-19,1774.54,1776.29,1769.91,1771.19,363411
2023-12-20,1766.56,1769.21,1759.9,1761.13,342341
2023-12-21,1758.8,1763.81,1755.88,1759.82,307516
2023-12-22,1757.48,1762.78,1756.19,1760.9,338716
2023-12-27,1760.01,1763.75,1757.56,1760.11,316558
2023-12-28,1760.57,1770.21,1760.57,1767.09,340127
2023-12-29,1766.65,1770.39,1766.44,1768.56,301702
2024-01-02,1768.03,1771.77,1766.55,1768.95,281338
2024-01-03,1769.75,1798.39,1769.75,1795.81,731459
2024-01-04,1804.53,1823.17,1802.05,1820.72,603058
2024-01-05,1824.52,1825.38,1816.97,1819.02,329567
2024-01-08,1818.7,1821.08,1811.93,1812.83,470365
2024-01-09,1817.46,1825.06,1817.04,1821.45,252395
2024-01-10,1820.03,1820.46,1809.64,1812.04,336540
2024-01-11,1813.14,1818.18,1810.63,1816.05,515535
2024-01-12,1816.17,1827,1815.53,1824.16,463553
2024-01-15,1823.09,1828.22,1818.56,1821,342051
2024-01-16,1823.03,1827.82,1823,1824.66,374596
2024-01-17,1824.56,1826.24,1815.43,1815.71,249821
2024-01-18,1814.01,1815.48,1812.22,1814.62,481537
2024-01-19,1814.72,1817.3,1810.94,1815.06,320775
2024-01-22,1814.72,1814.85,1793.21,1799.36,508540
2024-01-23,1793.99,1795.93,1788.14,1789.78,231228
2024-01-24,1788.49,1789.92,1772.17,1772.56,480494
2024-01-25,1771.45,1779.33,1761.41,1772.98,359647
2024-01-26,1767.17,1773.04,1766.96,1770.59,211870
2024-01-29,1767.42,1776.79,1765.87,1765.87,314662
2024-01-30,1764.56,1768.94,1760.71,1760.71,324649
2024-01-31,1761.13,1771.06,1760.84,1770.08,371189
2024-02-01,1770.09,1779.18,1768.76,1776.17,417753
2024-02-02,1775.89,1780.8,1772.66,1780.34,413684
2024-02-05,1781.44,1787.95,1780.02,1782.72,447526
2024-02-06,1784.19,1794.09,1782.93,1793.14,1169007
2024-02-07,1799.16,1803.57,1794.1,1796.8,378233
2024-02-08,1794.74,1795.3,1779.59,1784.91,376316
2024-02-09,1781.76,1783.52,1774.34,1778.92,363904
2024-02-12,1775.47,1780.92,1775.47,1778.64,274706
2024-02-13,1774.22,1774.35,1765.76,1768.92,374845
2024-02-14,1767.02,1769.2,1763.43,1765.48,299043
2024-02-15,1764.31,1767.51,1761.34,1761.54,314635
2024-02-16,1760.94,1767.19,1759.61,1766.71,247131
2024-02-19,1766.72,1769.08,1762.75,1766.56,311877
2024-02-20,1763.54,1767.81,1760.2,1767.59,405175
2024-02-21,1769.11,1773.84,1765.05,1767.96,226945
2024-02-22,1771.87,1775.58,1769.13,1775.31,1490507
2024-02-23,1775.73,1780.66,1775.34,1776.73,780761
2024-02-26,1777.17,1780.66,1772.83,1775.7,553957
2024-02-27,1774.47,1776.93,1770.55,1772.22,846870
2024-02-28,1772.5,1780.55,1770.92,1777.62,375256
2024-02-29,1776.77,1776.77,1755.17,1755.17,796663
2024-03-01,1750.61,1752.41,1745.47,1749.59,405494
2024-03-04,1749.72,1754.34,1745.63,1752.35,540925
2024-03-05,1754.04,1771.55,1753.75,1771.55,532098
2024-03-06,1772.15,1778.98,1767.45,1769.5,455239
2024-03-07,1770.04,1770.78,1761.79,1762.78,318970
2024-03-08,1763.5,1768.01,1760.28,1763.29,366536
2024-03-11,1765.42,1768.69,1760.19,1762.45,282327
2024-03-12,1761.17,1764.35,1758.56,1760.89,298784
2024-03-13,1759.26,1761.38,1751.93,1753.12,379525
2024-03-14,1750.1,1755.37,1750.04,1752.18,224611
2024-03-15,1752.47,1754.1,1749.2,1750.63,257708
2024-03-18,1751.41,1755.97,1749.94,1750.21,382524
2024-03-19,1750.61,1754.42,1749.92,1751.57,209512
2024-03-20,1751.92,1754.88,1747.61,1752.94,285227
2024-03-21,1752.67,1765.09,1752.67,1765.09,417553
2024-03-22,1767.3,1769.39,1755.86,1756.4,391615
2024-03-25,1755.76,1760.84,1745.79,1748.63,355678
2024-03-26,1747.86,1753.86,1742.88,1746.47,313146
2024-03-27,1744.88,1747.54,1741.09,1742.46,219330
2024-03-28,1742.44,1748.48,1741.63,1743.11,316754
2024-04-02,1743.51,1751.05,1741.49,1748.99,557747
2024-04-03,1753.93,1753.93,1742.98,1743.49,611170
2024-04-04,1749.44,1755.89,1745.88,1750.61,454625
2024-04-05,1750.9,1762.16,1750.42,1759.65,730310
2024-04-08,1759.6,1769.4,1759.6,1766.3,588976
2024-04-09,1768.59,1775.07,1767.51,1771.13,518190
2024-04-10,1772.35,1782.71,1772.35,1781.95,717517
2024-04-11,1783.07,1790.71,1778.87,1781.81,511859
2024-04-12,1784.65,1799.62,1784.28,1791.02,699944
2024-04-15,1791.03,1793.22,1785.1,1789.22,425016
2024-04-16,1788.67,1789.33,1778.44,1779.36,295962
2024-04-17,1780.04,1787.22,1779.41,1784.67,249141
2024-04-18,1781.65,1782.89,1777.84,1778.07,352535
2024-04-19,1779.28,1781.28,1772.13,1774.37,382116
2024-04-22,1775.71,1779.33,1773.16,1773.81,318476
2024-04-23,1772.12,1781.71,1772.12,1779.38,566848
2024-04-24,1779.17,1786.67,1777.94,1783.99,347216
2024-04-25,1785.18,1791.78,1784.56,1788.26,415568
2024-04-26,1787.05,1788.49,1782.45,1785.07,470206
2024-04-29,1786.36,1790.17,1784.95,1786.27,467518
2024-04-30,1785.41,1789.67,1782.33,1784.3,399039
2024-05-02,1785.19,1789.39,1782.91,1788.53,574191
2024-05-03,1788.43,1791.45,1785.51,1785.51,408929
2024-05-06,1786.41,1787.56,1780.63,1781.28,471881
2024-05-07,1778.73,1782.08,1776.87,1779.43,735106
2024-05-08,1779.45,1780.12,1777.4,1778.11,544866
2024-05-10,1778.83,1782.26,1777.12,1779.73,864118
2024-05-13,1783.23,1783.65,1773.48,1777.72,557960
2024-05-14,1779.99,1782.3,1776.56,1778.04,753490
2024-05-15,1781.12,1781.46,1771.38,1771.38,663682
2024-05-16,1772.51,1775.21,1759.94,1760.43,510250
2024-05-17,1764.59,1772.58,1759.64,1763.37,504246
2024-05-20,1762.96,1765.79,1747.34,1747.34,544748
2024-05-21,1746.18,1757.11,1745.93,1755.35,438723
2024-05-22,1758.1,1765.07,1753.5,1764.93,409123
2024-05-23,1763.18,1766.13,1754.77,1762.38,454202
2024-05-24,1759.26,1770.5,1757.42,1768.48,365695
2024-05-27,1765.99,1771.22,1761.48,1766.68,407985
2024-05-28,1762.2,1777.35,1761.32,1768.25,679983
2024-05-29,1765.78,1770.05,1762.5,1763.54,362902
2024-05-30,1762.84,1766.1,1761.36,1763.53,1007329
2024-05-31,1763.42,1777.66,1762.69,1777.45,432603
2024-06-03,1777.55,1783.61,1775.43,1777.15,493809
2024-06-04,1777.39,1780.91,1772.03,1774.9,424294
2024-06-05,1773.84,1783.17,1773.61,1782.41,508393
2024-06-06,1787.7,1815.6,1787.7,1808.49,816040
2024-06-07,1808.68,1814.35,1806.46,1810.59,597757
2024-06-10,1803.07,1804.1,1785.32,1788.83,686778
2024-06-11,1800.01,1800.68,1791.72,1794.96,871573
2024-06-12,1791.49,1793.1,1787.48,1787.84,510711
2024-06-13,1788.54,1789.11,1780.99,1782.06,372078
2024-06-14,1779.66,1779.66,1767.73,1772.47,713342
2024-06-17,1765.88,1765.88,1746.31,1750.8,2314188
2024-06-18,1749.82,1751.61,1745.14,1745.95,1198883
2024-06-19,1746.41,1748.43,1734.6,1734.6,2059219
2024-06-20,1734.26,1744.8,1734.09,1742.33,398380
2024-06-21,1744.79,1766.16,1744.79,1761.85,481496
2024-06-25,1761.92,1763.18,1752.4,1752.56,455309
2024-06-26,1752.81,1753.88,1748.46,1748.71,262981
2024-06-27,1746.82,1750.44,1744.51,1750.14,184756
2024-06-28,1747.33,1749.1,1744.9,1744.9,272595
2024-07-01,1743.51,1747.98,1738.87,1741.41,445666
2024-07-02,1739.32,1739.97,1728.88,1732.08,923170
2024-07-03,1730.73,1747.21,1730.11,1746.39,502304
2024-07-04,1738.84,1752.36,1738.84,1749.63,609127
2024-07-05,1749.01,1757.94,1749.01,1755.28,397206
2024-07-08,1755.63,1772.09,1755.23,1769.09,298321
2024-07-09,1771.99,1777.2,1759.18,1761.32,407948
2024-07-10,1762.22,1764.02,1753.32,1753.55,293820
2024-07-11,1751.37,1756.59,1750.03,1755.89,314240
2024-07-12,1754.13,1756.48,1753.23,1754.52,196213
2024-07-15,1750.32,1755.66,1750.32,1754.18,290100
2024-07-16,1755.69,1757.73,1753.02,1753.02,420838
2024-07-17,1752.57,1754.29,1749.49,1752.77,272231
2024-07-18,1751.59,1754.25,1747.4,1748.74,441795
2024-07-19,1746.81,1749.76,1745.39,1748.13,462627
2024-07-22,1746.19,1747.88,1741.38,1742.78,2811855
2024-07-23,1741.44,1747.9,1741.3,1742.16,733412
2024-07-24,1742.35,1746,1742.1,1744.37,258747
2024-07-25,1741.62,1744.43,1736.97,1736.97,602396
2024-07-26,1739.5,1750.52,1735.26,1739.38,627905
2024-07-29,1736.96,1739.14,1731.78,1734,369585
2024-07-30,1732.83,1739.57,1732.19,1736.78,333442
2024-07-31,1735.55,1745.59,1735.55,1743.93,298829
2024-08-01,1744.3,1746.3,1739.05,1740.35,465120
2024-08-02,1739.82,1740.86,1735.18,1737.92,208022
2024-08-05,1725.47,1725.47,1673.62,1689.98,1221406
2024-08-06,1695.86,1733.96,1695.86,1726.45,721601
2024-08-07,1728.44,1734.83,1728.44,1732.55,489069
2024-08-08,1734.03,1736.1,1728.01,1730.18,295607
2024-08-09,1732.11,1738.2,1731.57,1735,352820
2024-08-12,1737.53,1743.79,1737.53,1738.1,289345
2024-08-13,1737.41,1738.56,1733.65,1733.65,257688
2024-08-14,1732.3,1733.06,1718.29,1727.07,384499
2024-08-15,1727.77,1731.94,1727.45,1728.73,142954
2024-08-16,1727.48,1728.23,1720.8,1722.11,284672
2024-08-19,1721.1,1722.79,1712.27,1716.04,678976
2024-08-21,1715.46,1720.39,1713.31,1718.43,242760
2024-08-22,1716.06,1723.1,1716.06,1719.15,167561
2024-08-23,1719.86,1720.92,1716.06,1717.53,135624
2024-08-26,1716.26,1717.47,1710.96,1710.96,341921
2024-08-27,1710.68,1711.94,1707.11,1709.32,337915
2024-08-28,1706.17,1707.84,1702.81,1704.55,565988
2024-08-29,1706.47,1715.68,1704.99,1711.78,260331
2024-08-30,1710.36,1713.61,1707.6,1708.59,263669
2024-09-02,1709.25,1710.98,1705.81,1709.01,261374
2024-09-03,1706.26,1708.06,1702.45,1704.33,543606
2024-09-04,1700.67,1702.84,1692.18,1697.08,399179
2024-09-05,1694.66,1699.98,1694.66,1697.38,193530
2024-09-06,1695.62,1697.38,1693.79,1696.8,263248
2024-09-09,1696.06,1699.42,1693.13,1694.11,326005
2024-09-10,1694.3,1700.21,1694.3,1698.23,324368
2024-09-11,1697.39,1700.19,1693.24,1695.22,227011
2024-09-12,1695.79,1701.95,1695.05,1700.58,289607
2024-09-13,1698.29,1700.37,1696.35,1698.74,306479
2024-09-16,1697.68,1699.27,1695.46,1697.09,189040
2024-09-17,1697.24,1697.43,1690.06,1691.26,194961
2024-09-18,1694.87,1696.89,1690.6,1692.51,222988
2024-09-19,1692.28,1696.24,1692.28,1695.25,210266
2024-09-20,1694.16,1695.82,1690.41,1691.9,447427
2024-09-23,1690.36,1691.57,1684.36,1685.67,338202
2024-09-24,1684.68,1687.9,1682.9,1684.45,217880
2024-09-25,1682.58,1683.11,1679.11,1681.27,253906
2024-09-26,1680.29,1684.29,1678.61,1683.99,477701
2024-09-27,1682.4,1687.09,1681.15,1684.18,205261
2024-09-30,1683.66,1685.38,1678.15,1679.31,214139
2024-10-01,1678.57,1691.95,1678.57,1688.5,292086
2024-10-02,1687.52,1689.6,1685.76,1687.35,241679
2024-10-03,1686.86,1690.01,1685.24,1687.44,257388
2024-10-04,1686.82,1693.54,1686.81,1689.26,400599
2024-10-07,1688.06,1696.52,1688.06,1695.01,571305
2024-10-08,1697.87,1702.08,1696.84,1700.59,323842
2024-10-09,1699.75,1710.87,1699.01,1709.09,334202
2024-10-10,1713.52,1729.38,1712.64,1729.38,475295
2024-10-11,1728.7,1742.37,1728.7,1738.13,478911
2024-10-14,1764.5,1764.5,1748.05,1754.18,373669
2024-10-15,1750.31,1754.15,1743.77,1744.72,241766
2024-10-16,1744.62,1748.42,1743.41,1746.26,253660
2024-10-17,1747.38,1751.2,1742.6,1745.6,311455
2024-10-18,1744.51,1748.07,1743.69,1747.73,248950
2024-10-21,1748.02,1751.39,1744.63,1745.15,275512
2024-10-22,1742.96,1745.68,1737.35,1743.95,516852
2024-10-23,1742.36,1749.11,1741.68,1747.5,445003
2024-10-24,1744.39,1744.39,1739.23,1742.35,698082
2024-10-25,1739.08,1744.24,1738.67,1742.45,284963
2024-10-28,1740.45,1743.2,1737.5,1739.91,344016
2024-10-29,1730.71,1735.63,1725.57,1727.28,604110
2024-10-30,1723.98,1729.45,1721.82,1728.43,272113
2024-10-31,1718.62,1723.81,1716.55,1719.69,335096
2024-11-01,1719.08,1741.64,1719.08,1735.06,334837
2024-11-04,1739.01,1748.31,1739.01,1742.28,283183
2024-11-05,1742.21,1748.33,1734.73,1736.48,411751
2024-11-06,1736.16,1744.54,1736.16,1739.11,582935
2024-11-07,1749.52,1762.83,1745.91,1760.42,525013
2024-11-08,1757.86,1764.31,1749.9,1752.26,560725
2024-11-11,1748.76,1749.41,1739.35,1744.49,662012
2024-11-12,1740.51,1743.99,1735.82,1735.82,497878
2024-11-13,1738.99,1741.2,1728,1729.5,701864
2024-11-14,1730.96,1734.24,1725.59,1730.19,355590
2024-11-15,1732.03,1741.67,1731.93,1739.37,358913
2024-11-18,1738.62,1738.62,1726.69,1727.84,380953
2024-11-19,1728.6,1735.15,1728.3,1729.21,403664
2024-11-20,1727.39,1734.01,1727.39,1732.83,400722
2024-11-21,1733.49,1733.8,1722.91,1722.97,599117
2024-11-22,1719.42,1727.38,1713.72,1726.29,620865
2024-11-25,1723.34,1728.79,1713.16,1716.51,441168
2024-11-26,1714.93,1715.35,1707.76,1709.66,431254
2024-11-27,1706.27,1710.88,1703.8,1706.4,592591
2024-11-28,1695.15,1701.28,1689.36,1695.5,953755
2024-11-29,1696.39,1701.19,1695.47,1699.82,929689
2024-12-02,1709.19,1717.4,1708.98,1712.1,693824
2024-12-03,1712.3,1718.56,1710.3,1718.56,396381
2024-12-04,1717.22,1719.33,1706.15,1714.06,363943
2024-12-05,1710.44,1715.99,1709.02,1715.07,357189
2024-12-06,1716.09,1718.53,1711.99,1713.16,252902
2024-12-09,1713.26,1717.48,1710.4,1713.32,330001
2024-12-10,1712.47,1714.35,1709.11,1711.26,492474
2024-12-11,1709.64,1711.64,1708.73,1710.42,314983
2024-12-12,1711.5,1717.67,1706.63,1709.94,396044
2024-12-13,1708.09,1749.9,1708.09,1749.54,477529
2024-12-16,1751.65,1753.61,1743.25,1743.29,282441
2024-12-17,1741.53,1748.89,1739.7,1741.53,320792
2024-12-18,1738.65,1743.38,1737.96,1742.97,254660
2024-12-19,1738.82,1740.24,1731.11,1734.61,248308
2024-12-20,1734.11,1735.13,1725.38,1726.94,322035
2024-12-23,1727.71,1736.05,1725.37,1732.68,314115
2024-12-27,1733.82,1738.92,1727.1,1731.57,294387
2024-12-30,1731.07,1735.73,1728.78,1733,328484
2025-01-02,1734.86,1757.49,1734.54,1754.76,365386
2025-01-03,1757.2,1763.36,1751.5,1761.24,464981
2025-01-06,1762.95,1781.69,1762.01,1778.46,524344
2025-01-07,1778.27,1781.64,1772.24,1773.27,328488
2025-01-08,1770.23,1770.23,1758.7,1763.69,468552
2025-01-09,1762.76,1767.84,1762.46,1767.81,492020
2025-01-10,1763.03,1772,1763.03,1771.79,636273
2025-01-13,1768.4,1771.47,1766.98,1769.07,436010
2025-01-14,1768.26,1770,1765,1766.92,404254
2025-01-15,1771.2,1784.48,1771.2,1784.4,496528
2025-01-16,1786.13,1788.75,1780.51,1781.83,340536
2025-01-17,1785.91,1793.16,1777.5,1790.88,380516
2025-01-20,1794.42,1801.93,1794.42,1800.61,736973
2025-01-21,1802.12,1813.66,1802.12,1812.39,716440
2025-01-22,1814.66,1826.88,1812.07,1826.32,643823
2025-01-23,1827.8,1834.37,1823.93,1823.93,1043123
2025-01-24,1823.55,1831.67,1821.64,1831.03,541534
2025-01-27,1831.05,1831.05,1812.55,1813.11,410937
2025-01-28,1810.43,1823.71,1810.43,1821.04,424687
2025-01-29,1820.49,1824.43,1816.26,1818.92,543061
2025-01-30,1818.16,1826.78,1817.81,1822.25,415711
2025-01-31,1822.59,1828.52,1822.59,1827.28,273979
2025-02-03,1823.91,1823.91,1818.08,1822.2,569313
2025-02-04,1822.74,1831.48,1821.8,1830.18,526010
2025-02-05,1825.39,1838.3,1825.39,1834.88,858320
2025-02-06,1836.09,1846.83,1834.9,1841.97,444166
2025-02-07,1855.39,1879.31,1853.91,1877.9,1058447
2025-02-10,1874.13,1880.29,1870.18,1877.14,491889
2025-02-11,1878.79,1888.32,1878.79,1886.03,681839
2025-02-12,1885.36,1901.15,1884.96,1897.86,934317
2025-02-13,1885.33,1903.2,1884.45,1897.64,979419
2025-02-14,1902.35,1914.54,1902.35,1908.44,662615
2025-02-17,1912.46,1919.46,1904.29,1918.68,639480
2025-02-18,1906.91,1909.02,1900.08,1902.93,762406
2025-02-19,1900.15,1911.32,1891.15,1891.99,500453
2025-02-20,1898.88,1912.51,1898.88,1906.18,1518126
2025-02-21,1912.62,1929.99,1906.63,1930,653303
2025-02-25,1910.61,1919.81,1908.17,1912.96,386437
2025-02-26,1902.31,1909.11,1897.93,1904.17,581046
2025-02-27,1907.23,1910.86,1904.06,1904.76,423989
2025-02-28,1904.43,1908.11,1897.32,1902.29,716527
2025-03-03,1900.43,1905.15,1892.08,1893.1,460577
2025-03-04,1884.92,1885.05,1861.78,1866.57,969815
2025-03-05,1865.2,1884.03,1865.2,1875.55,441457
2025-03-06,1873.39,1882.23,1873.39,1878.34,875067
2025-03-07,1875.52,1880.35,1874.03,1878.58,456188
2025-03-10,1879.31,1880.43,1870.4,1877.88,372696
2025-03-11,1872.16,1872.31,1859.54,1865.21,598879
2025-03-12,1858.92,1862.35,1853.96,1858.23,373191
2025-03-13,1858.48,1866.23,1855.43,1863.98,327862
2025-03-14,1865.23,1866.89,1853.91,1863.38,586956
2025-03-17,1859.74,1861.29,1854.92,1856.17,329509
2025-03-18,1854.55,1855.81,1845.9,1846.91,265954
2025-03-19,1846.91,1852.16,1846.38,1847.19,293961
2025-03-20,1848.44,1852.42,1845.92,1848.92,438497
2025-03-21,1849.68,1852.16,1845.16,1848.52,359815
2025-03-24,1847.57,1849.06,1842.32,1844.4,281311
2025-03-25,1836.24,1837.51,1828.85,1828.85,473044
2025-03-26,1827.66,1833.33,1823.75,1831.08,584499
2025-03-27,1830.36,1937.26,1829.35,1936.13,3290982
2025-03-28,1945.2,1958,1940.1,1954.39,1190970
2025-03-31,1952.7,1960.87,1949.35,1954.22,842292
2025-04-01,1954.29,1968.46,1954.29,1965.83,929152
2025-04-02,1968.02,1976.14,1965.85,1972.32,767585
2025-04-03,1968.78,1969.03,1959.2,1959.2,778457
2025-04-04,1952.69,1952.69,1935.52,1939.87,1035783
2025-04-07,1910.97,1912.26,1845.94,1910.81,1573629
2025-04-08,1928.92,1942.23,1926.7,1937.02,1249467
2025-04-09,1930.14,1930.14,1911.14,1914.54,1122134
2025-04-10,1935.76,1951.48,1935.76,1943.08,958868
2025-04-11,1940.63,1943.71,1936.66,1943.07,640349
2025-04-14,1945.94,1949.51,1944.08,1949.45,545543
2025-04-15,1951.47,1956.48,1950.98,1951.81,476293
2025-04-16,1953.79,1958.04,1951.15,1953.81,327529
2025-04-17,1954.17,1960.12,1953.93,1955.68,471454
2025-04-22,1952.67,1952.67,1941.27,1947.36,652589
2025-04-23,1948.75,1956.86,1948.75,1953.47,575385
2025-04-24,1948.73,1957.98,1944.74,1954.77,790527
2025-04-25,1959.09,1975.33,1953.87,1961.49,763395
2025-04-28,1961.61,1967.22,1960.1,1960.1,560003
2025-04-29,1962.1,1967.09,1958.43,1961.18,459255
2025-04-30,1957.75,1962.81,1956.68,1958.56,494970
2025-05-02,1957.84,1968.57,1957.84,1964.94,480743
2025-05-05,1974.33,1976.38,1968.11,1973.08,797476
2025-05-06,1974.28,1981.27,1973.7,1980.01,891640
2025-05-07,1980.22,1989.22,1980.22,1987.96,792765
2025-05-08,1987.59,2000.64,1983.78,1994.9,642407
2025-05-09,1988.4,1990.62,1982.24,1989.15,410418
2025-05-12,1986.35,1993.13,1982.61,1986.77,617450
2025-05-13,1987.72,1993.29,1981.31,1991.72,516049
2025-05-14,1991.37,2001.65,1991.29,1999,801105
2025-05-15,1999.2,2011.09,1999.2,2008.2,614883
2025-05-16,2018.54,2035.86,2017.14,2035.86,1287899
2025-05-19,2035.3,2051.54,2033.07,2049.63,734700
2025-05-20,2049.81,2053.29,2045.24,2049.8,702887
2025-05-21,2049.9,2052.15,2044.84,2049.44,755894
2025-05-22,2051.23,2052.7,2044.25,2046.56,384032
2025-05-23,2047.94,2053.82,2044.61,2052.28,342317
2025-05-26,2051.48,2063.12,2051.01,2058.41,362222
2025-05-27,2060.37,2079.87,2060.37,2078.38,351624
2025-05-28,2076.5,2080.34,2071.84,2077.8,391181
2025-05-30,2077.45,2081.88,2075.21,2078.29,468153
2025-06-02,2075.34,2085.17,2074.49,2080.03,583317
2025-06-03,2080.14,2086.27,2070.16,2084.24,436234
2025-06-04,2085.1,2092.35,2083.6,2085.78,319537
2025-06-05,2089.32,2094.68,2087.79,2092.41,344759
2025-06-06,2090.74,2093.86,2088.39,2090.07,259753
2025-06-09,2088.12,2097.85,2086.21,2092.49,546420
2025-06-10,2091.14,2096.69,2091.14,2095.07,596795
2025-06-11,2088.86,2096.16,2086.76,2086.95,895592
2025-06-12,2086.75,2090.04,2076.93,2077.75,677963
2025-06-13,2076.07,2076.37,2065.64,2070.86,619987
2025-06-16,2070.65,2071.21,2050.36,2057.17,515384
2025-06-17,2056.01,2070.49,2056.01,2067.03,583871
2025-06-18,2064.37,2067.01,2061.5,2063.36,1252441
2025-06-19,2064.39,2066.1,2054.28,2056.17,377072
2025-06-20,2056.91,2060.88,2055.81,2058.29,503926
2025-06-25,2054.56,2065.16,2054.56,2062.43,814461
2025-06-26,2060.85,2069.95,2060.53,2066.57,401672
2025-06-27,2068.83,2071.52,2065.35,2066.58,213292
2025-06-30,2065.63,2071.43,2065.37,2069.46,337726
2025-07-01,2067.59,2081.5,2064.91,2081.11,278043
2025-07-02,2074.58,2079.81,2065.34,2068.61,319820
2025-07-03,2066.66,2074.43,2062.73,2068.71,367852
2025-07-04,2079.13,2082.62,2069.4,2071.16,216395
2025-07-07,2061.18,2073.47,2056.15,2056.31,345907
2025-07-08,2055.23,2062.98,2055.23,2057.92,244720
2025-07-09,2057.31,2058.33,2051,2052.17,306297
2025-07-10,2051.7,2057.88,2048.79,2055.01,176381
2025-07-11,2054.92,2061.63,2054.53,2058.65,400975
2025-07-14,2057.5,2067.72,2057.5,2065.56,366162
2025-07-15,2064.79,2071.74,2042.81,2061.2,331169
2025-07-16,2061.05,2064.64,2053.74,2063.48,235249
2025-07-17,2060.09,2066.6,2058.24,2061.27,146309
2025-07-18,2060.56,2065.03,2053.79,2055.59,167540
2025-07-21,2056.48,2057.58,2052.16,2053.61,221406
2025-07-22,2054.6,2057.79,2051.96,2053.89,268978
2025-07-23,2052.59,2053.96,2045.39,2049.08,253750
2025-07-24,2047.92,2051.45,2045.6,2046.91,519637
2025-07-25,2046.28,2048.12,2043.12,2048.01,286100
2025-07-28,2046.59,2047.76,2041.96,2045.28,233808
2025-07-29,2043.35,2043.35,2036.75,2040.97,222894
2025-07-30,2038.01,2039.52,2034.01,2036,568679
2025-07-31,2038.25,2039.1,2033.02,2033.02,381767
2025-08-01,2032.32,2041.42,2032.32,2041.42,231038
2025-08-04,2040.44,2041.89,2033.99,2033.99,222796
2025-08-05,2036.49,2037.95,2026.6,2030.32,339664
2025-08-06,2029.81,2038.82,2029.81,2034.32,406568
2025-08-07,2033.16,2035.42,2027.15,2033.29,558195
2025-08-08,2034.6,2041.82,2031.76,2038.22,216449
2025-08-11,2038.85,2044.21,2035.55,2036.65,219286
2025-08-12,2037.4,2040.18,2033.02,2035.24,294599
2025-08-13,2036.49,2040.22,2034.03,2038.02,283086
2025-08-14,2038.8,2039.48,2033.45,2035.72,254045
2025-08-15,2033.54,2039.04,2031.28,2036.34,184149
2025-08-18,2033.93,2035.65,2004.26,2016.79,282659
2025-08-19,2018.21,2026.77,2014.98,2026.77,328398
2025-08-21,2026.14,2030.36,2023.77,2026.65,408814
2025-08-22,2027.46,2034.7,2022.14,2034.7,228276
2025-08-25,2033.36,2037.78,2024.96,2028.04,361671
2025-08-26,2029.15,2030.58,2021.16,2021.36,367466
2025-08-27,2022.62,2023.61,2014.28,2018.5,345946
2025-08-28,2019.86,2022.53,2016.18,2019.22,141089
2025-08-29,2020.06,2023.42,2014.62,2021.13,151460
2025-09-01,2018.49,2019.27,2011.94,2015.71,193877
2025-09-02,2016.4,2017.76,2009.87,2011.53,227319
2025-09-03,2007.27,2013.27,2004.07,2007.35,303172
2025-09-04,2005.31,2009.49,2002.7,2006.33,222338
2025-09-05,2007.24,2011,2005.02,2008.17,288507
2025-09-08,2005.92,2007.13,2000.82,2003.28,203764
2025-09-09,2003,2003.92,1999.53,2000.8,214554
2025-09-10,1998.68,2002.66,1994.05,1999.43,143663
2025-09-11,1996.2,1998.07,1988.52,1988.52,208092
2025-09-12,1986.4,1993.06,1984.23,1985.82,478212
2025-09-15,1983.67,1989.5,1975.69,1978.33,248478
2025-09-16,1973.77,1976.15,1962.78,1964.19,205446
2025-09-17,1959.75,1968.46,1959.04,1961.27,174162
2025-09-18,1960.31,1963.9,1956.79,1962.35,292725
2025-09-19,1960.65,1963.55,1958.74,1960.66,195943
2025-09-22,1957.63,1962.75,1952.78,1952.78,174850
2025-09-23,1953.69,1956.31,1950.37,1951.93,631016
2025-09-24,1949.75,1952.65,1942.99,1949.89,832490
2025-09-25,1945.61,1946.81,1939.87,1940.45,1048608
2025-09-26,1939.99,1943.15,1925.28,1933.96,467671
2025-09-29,1930.72,1931.75,1900.51,1910.28,370875
2025-09-30,1909.53,1926.82,1908.96,1923.41,320040
2025-10-01,1924.05,1942.17,1923.75,1940.53,322078
2025-10-02,1943.65,1947.71,1942.08,1946.7,522466
2025-10-03,1947.61,1952.48,1946.82,1950.73,408411
2025-10-06,1949.56,1955.15,1948.26,1951.25,490374
2025-10-07,1949.4,1952.27,1943.16,1943.47,184807
2025-10-08,1944.31,1945.32,1932.25,1936.83,352374
2025-10-09,1936.15,1940.09,1932.08,1937.41,304991
2025-10-10,1929.25,1939.5,1929.06,1935.96,261525
2025-10-13,1931.8,1936.18,1923.3,1925.07,384069
2025-10-14,1921.68,1924.76,1914.67,1916.18,315868
2025-10-15,1914.55,1914.91,1906.09,1907.14,450399
2025-10-16,1905.41,1911.57,1903.89,1911.57,313805
2025-10-17,1904.81,1907.47,1899.3,1901.06,409214
2025-10-20,1902.35,1912.16,1900.81,1906.05,237187
2025-10-21,1904.63,1906.58,1898.87,1901.09,229221
2025-10-22,1900.31,1904.27,1894.07,1894.19,253439
2025-10-23,1895.36,1899.47,1892.81,1894.22,636459
2025-10-24,1894.01,1900.15,1889.31,1896.59,206667
2025-10-27,1898.91,1907.2,1889.49,1893.21,333750
2025-10-28,1892.05,1898.25,1889.97,1896.56,544296
2025-10-29,1894.63,1897.83,1889.28,1889.73,486017
2025-10-30,1887.91,1891.47,1884.88,1886.26,395601
2025-10-31,1884.46,1891.29,1884.46,1890.56,250465
2025-11-03,1891.29,1923.36,1891.29,1923.26,1810698
2025-11-04,1917.85,1918.3,1905.45,1906.04,387601
2025-11-05,1904.69,1911.41,1902.4,1909.45,255499
2025-11-06,1909.16,1915.51,1909.16,1912.06,833625
2025-11-07,1907.21,1911.95,1906.54,1908.8,213967
2025-11-10,1912.03,1916.73,1904.72,1906.63,668771
2025-11-11,1903.86,1919.14,1902.76,1914.44,397249
2025-11-12,1910.07,1922.3,1908.49,1913.52,4369386
2025-11-13,1914.44,1916.74,1910.39,1912.77,887513
2025-11-14,1912.51,1913.84,1907.38,1907.64,422140
2025-11-17,1908.02,1910.84,1904.66,1905.09,355977
2025-11-18,1904.23,1910.01,1904.23,1907.26,324693
2025-11-19,1907.09,1908.83,1903.58,1906.61,339919
2025-11-20,1906.71,1913.23,1906.51,1908.47,363885
2025-11-21,1907.73,1909.78,1903.8,1906.08,324999
2025-11-24,1905.08,1907.57,1901.93,1902.7,378890
2025-11-25,1902.09,1919.31,1902.09,1916.88,681402
2025-11-26,1918.5,1929.96,1917.74,1928.55,578512
2025-11-27,1928.73,1955.98,1928.73,1953.07,471920
2025-11-28,1953.16,1958.76,1940.29,1945.65,404724
2025-12-01,1942.97,1950.47,1940.87,1949.05,370258
2025-12-02,1947.25,1955.64,1944.08,1945.78,590527
2025-12-03,1952.03,1957.42,1944.02,1954.71,447835
2025-12-04,1956.23,1965.6,1955.98,1962.8,500865
2025-12-05,1965.19,1977.77,1965.19,1974.99,590362
2025-12-08,1979.05,1979.71,1970.55,1975.28,505441
2025-12-09,1974.73,1976.2,1967.04,1970.46,860232
2025-12-10,1969.72,1978.07,1969.28,1975.53,448907
2025-12-11,1974.74,1983.28,1973.88,1981.81,518365
2025-12-12,1983.18,1993.25,1982.33,1991.38,414406
2025-12-15,1994.2,1997.21,1988.9,1990.57,505197
2025-12-16,1993.38,1998.75,1989.88,1996,502392
2025-12-17,1996.9,1999.06,1992.12,1993.92,429541
2025-12-18,1993.55,2003.3,1993.55,2001.92,554945
2025-12-19,2006.52,2017.37,2005.18,2015.43,939586
2025-12-22,2014.26,2019,2011.67,2014.13,384390
2025-12-23,2012.48,2016.87,2010.22,2015.41,390986
2025-12-29,2020.12,2034.79,2016.84,2032.33,477780
2025-12-30,2033,2054.24,2031.3,2052.28,410820
