date,open,high,low,close,volume
2012-01-02,37716.67,38355.17,37663.21,38318.26,100416921
2012-01-03,38453.36,38482.91,38214.11,38463.72,287792933
2012-01-04,38404.34,38428.19,37863.95,38183.09,147601584
2012-01-05,38144.84,38144.84,37452.95,37739.39,102566476
2012-01-09,37816.69,37816.69,37329.42,37341.29,100398101
2012-01-10,37506.87,37909.36,37433.64,37608.68,99712980
2012-01-11,37787.79,37854.06,37390.19,37516.2,94746435
2012-01-12,37559.46,38199.66,37522.44,38062.87,117383755
2012-01-13,38283.28,38413.19,37723.97,37991.91,177815188
2012-01-16,37804.17,38237.73,37762.47,38225.95,125198473
2012-01-17,38596.52,39030.72,38587.86,38726.6,148854408
2012-01-18,38995.15,39088.55,38709.67,39056.43,134668856
2012-01-19,39252.78,39288.13,38774.59,39288.13,167852756
2012-01-20,39264.06,39518.87,39145.72,39518.87,102920022
2012-01-23,39530.33,39740.98,39451.96,39660.19,110186179
2012-01-24,39674.49,39707.26,39427.19,39606.62,129770444
2012-01-25,39791.2,39824.77,39377.82,39542.67,109738934
2012-01-26,39732.28,40679.68,39659.17,40392.48,188406511
2012-01-27,40447.68,40784,40396.7,40467.92,116417595
2012-01-30,40388.46,40600.3,40155.74,40600.3,649113947
2012-01-31,40724.61,41236.15,40712.13,40927.75,561710675
2012-02-01,41027.36,41516.39,41002.72,41438.43,259452227
2012-02-02,41661.54,41696.37,41353.09,41602.24,204474018
2012-02-03,41584.86,41979.59,41476.16,41732.3,252458516
2012-02-06,41729.48,42083.93,41605.59,42083.93,242526922
2012-02-07,42148.06,42269.46,41663.82,41912.98,198053424
2012-02-08,42089.21,42194.02,41913.15,42044.47,198417788
2012-02-09,42229.01,42309.72,41625.66,41792.46,178149273
2012-02-10,41666.93,41679.6,41181.13,41219.43,159328011
2012-02-13,41496.6,41613.68,41412.59,41581.98,133451130
2012-02-14,41604.47,41818.34,41386.33,41423.51,117027582
2012-02-15,41743.26,41801.9,41511.6,41616.3,137391971
2012-02-16,41429.68,41724.25,41307.89,41430.3,135884822
2012-02-17,41871.2,42161.4,41793.25,42161.4,196229004
2012-02-20,42318.87,42438.54,42047.36,42047.36,140146591
2012-02-21,42271.54,42290.07,41894.75,42070.07,116807478
2012-02-22,42163.74,42163.74,41485.65,41669.41,140194042
2012-02-23,41460.1,41771.58,41258.14,41258.14,215913017
2012-02-24,41482.9,41653.4,41412.94,41499.43,168257787
2012-02-27,41503.39,41503.39,41132.71,41464.05,187365849
2012-02-28,41617.4,41730.07,41459.87,41605.56,118843733
2012-02-29,41890.23,41919.92,41439.78,41560.55,153631703
2012-03-01,41285.02,41533.87,41199.39,41533.87,93815382
2012-03-02,41486.76,41693.54,41418.13,41639.72,134264328
2012-03-05,41444.68,41496.71,41013.27,41084.32,167210805
2012-03-06,41019.94,41034.42,40319.75,40479.75,126614237
2012-03-07,40357.46,40791.3,40273.28,40791.3,118986876
2012-03-08,40839.95,41337.97,40770.43,41337.97,187088369
2012-03-09,41432.55,41511.29,41194.16,41236.46,98397010
2012-03-12,41283.57,41416.25,41113.3,41297.09,109133808
2012-03-13,41408.44,41492.71,41235.61,41460.75,154935777
2012-03-14,41820.95,42136.5,41758.44,42068.69,155330619
2012-03-15,42077.28,42281.33,42006.18,42281.33,97404259
2012-03-16,42256.13,42400.46,42154.07,42209.33,188130401
2012-03-19,42189.62,42189.62,41893.99,41963.41,98972114
2012-03-20,41975.85,41987.64,41562.63,41586.01,145526357
2012-03-21,41654.81,41829.56,41405.52,41529.19,147687749
2012-03-22,41497.62,41497.62,40674.53,40834.43,221245571
2012-03-23,40887.05,41209.99,40624.02,41209.99,125020944
2012-03-26,41192.56,41550.87,41039.71,41526.42,62962244
2012-03-27,41872.31,41985.97,41695.93,41833.54,108648234
2012-03-28,41701.54,41899.81,41487.02,41608.37,69124498
2012-03-29,41376.74,41395.31,40970.62,41028.06,107336859
2012-03-30,41269.15,41368.84,41069.32,41267.16,83036096
2012-04-02,41285.62,41488.9,41072.78,41488.9,93965059
2012-04-03,41601.66,41678.83,41465.6,41465.6,71401209
2012-04-04,41291.96,41304.03,40754.08,40754.08,107722587
2012-04-05,40866.18,40939.67,40484.84,40802.41,68330418
2012-04-10,40666.38,40756.76,40216.96,40216.96,68269881
2012-04-11,40207.21,40615.42,39961.92,40562.55,108603222
2012-04-12,40678.73,41053.82,40549.22,41053.82,122144973
2012-04-13,41066.36,41066.36,40668.71,40668.71,98693702
2012-04-16,40570.17,40740.11,40516.77,40604.91,85344508
2012-04-17,40604.63,40933.88,40534.62,40872.89,81791324
2012-04-18,40936.6,40939.47,40515.88,40526.8,87561143
2012-04-19,40599.74,40754.69,40263.96,40354.53,189823718
2012-04-20,40297.16,40391.75,39965.81,40141.26,78333300
2012-04-23,39960.85,39960.85,39024.91,39085.95,171088439
2012-04-24,39203.92,39324.16,38908.58,39305.37,116865691
2012-04-25,39354.79,39752.06,39315.62,39422.94,115869467
2012-04-26,39653.39,39816.44,39523.13,39761.78,94700296
2012-04-27,39671.05,40248.63,39577.36,40248.63,69318472
2012-04-30,40304.34,40310.69,40113.3,40273.65,55156737
2012-05-02,40396.67,40434.21,39971.26,40114.73,39906135
2012-05-04,40065.5,40125.12,39800.18,39888,76594701
2012-05-07,39399.63,39910.14,39346.5,39910.14,61508221
2012-05-08,39792.64,39833.73,39268.41,39268.41,111597601
2012-05-09,39379.73,39450.06,38970.95,39175.83,84500473
2012-05-10,39362.35,39424.43,39175.56,39404.16,98004837
2012-05-11,39229.36,39278.24,38949.16,39278.24,107405455
2012-05-14,39092.87,39092.87,38343.26,38500.68,107653167
2012-05-15,38571.37,38599.68,38092.58,38157.26,89674850
2012-05-16,37856.81,38262.26,37453.05,38215.23,194322674
2012-05-17,38128.3,38190.36,37228.88,37228.88,121278884
2012-05-18,36820.19,37403.3,36820.19,37255.68,120264273
2012-05-21,37490.34,37883.56,37481.75,37790.45,74439231
2012-05-22,37941.24,38010.69,37675.9,37887.74,68917401
2012-05-23,37631.28,37631.28,36934.93,36934.93,111461008
2012-05-24,37136.96,37158.45,36483.38,36852.75,113072668
2012-05-25,37006.15,37231.46,36629.41,36860.67,64095445
2012-05-28,37100,37224.26,37027.91,37178.24,54191587
2012-05-29,37198.31,37662.66,37000.92,37662.66,59359814
2012-05-30,37478.82,37513.28,37134.11,37348.22,78356841
2012-05-31,37296.96,37793.58,37228.77,37793.58,213034067
2012-06-01,37675.74,37769.69,37049.14,37312.07,117169176
2012-06-04,37209.6,37429.18,37029.04,37287.97,202916032
2012-06-05,37333.87,37354.15,36653.28,36653.28,129486972
2012-06-06,36881.89,37707.25,36881.89,37707.25,91998302
2012-06-08,37552.38,38527.19,37463.77,38526.59,94130619
2012-06-11,38754.03,38912.51,38696.34,38748.15,85527604
2012-06-12,38711.15,39461.65,38711.15,39417.95,116715798
2012-06-13,39461.33,39660.93,39249.91,39337.9,61838672
2012-06-14,39348.63,39423.14,39188.59,39286.64,61974657
2012-06-15,39393.83,39905.78,39393.83,39738.57,171434558
2012-06-18,40122,40226.12,39611.85,39724.59,79755443
2012-06-19,39840.63,40632.72,39840.63,40632.72,131490377
2012-06-20,40560.54,40687.59,40445.43,40511.78,112770459
2012-06-21,40314.86,40416,40105.5,40207.61,131550810
2012-06-22,39898.82,40219.56,39845,40187.43,76432855
2012-06-25,40025.63,40025.63,39728.44,39728.44,47030991
2012-06-26,39917.85,40429.48,39875.1,40349.79,70713093
2012-06-27,40416.27,40710.21,40301.11,40710.03,79442812
2012-06-28,40739.17,40750.48,40081.71,40165.34,91798810
2012-06-29,40694.64,40810.88,40450.39,40810.88,93538771
2012-07-02,40795.17,40884.11,40519.43,40585.86,93581945
2012-07-03,40695.12,40877.45,40606.29,40788.16,114308987
2012-07-04,40776.57,40776.57,40511.72,40635.55,151776912
2012-07-05,40758.83,41217.07,40696.01,41013.96,135383947
2012-07-06,41048.12,41121,40569.75,40792.66,72948733
2012-07-09,40661.98,40733.8,40274.73,40354.74,72274457
2012-07-10,40400.27,40464.64,40161.93,40356.05,86403580
2012-07-11,40280.25,40336.27,39860.06,39983.4,108372372
2012-07-12,39780.61,39995.19,39714.42,39778.1,115477319
2012-07-13,39966.16,40331.45,39931.5,40301.29,89796620
2012-07-16,40338.82,40338.82,40090.11,40277.84,77959821
2012-07-17,40299.59,40481.15,40212.85,40426.42,121637693
2012-07-18,40404.09,40437.82,40066.82,40370.59,117492523
2012-07-19,40485.12,40545.64,40189.58,40545.64,105159811
2012-07-20,40469.18,40503.79,40085.35,40148.15,163068566
2012-07-23,39702.1,39736.63,38930.64,38982.82,97898535
2012-07-24,39038,39201.54,38810.22,39201.16,76034555
2012-07-25,39040.31,39519.8,38992.72,39245.74,101300355
2012-07-26,39330.83,39714.86,39133.44,39213.05,81650393
2012-07-27,39696.74,39952.92,39584.89,39935.82,79663448
2012-07-30,40003.99,40266.73,39836.16,40266.73,57809963
2012-07-31,40175.4,40282.26,39922.83,40163.91,120910421
2012-08-01,40102.8,40167.27,39944.41,40153.87,65806042
2012-08-02,40113.29,40386.91,39792.44,39876.95,72946526
2012-08-03,39936.25,40668.01,39936.25,40594.36,51856395
2012-08-06,40682.4,41170.5,40646,41170.5,45491928
2012-08-07,41149.04,41303.01,40983.48,41224.77,81954897
2012-08-08,41121.59,41254,40998.59,41254,55667858
2012-08-09,41443.48,42009.67,41271.62,41976.63,72084369
2012-08-10,41798.16,42050.7,41711.12,41878.23,56864427
2012-08-13,41755.38,42209.9,41687.06,41891.37,48995508
2012-08-14,42108.84,42184.91,41914.08,41997.92,48282302
2012-08-16,42162.67,42446.64,42122.39,42408.41,76947659
2012-08-17,42429.96,42521.16,41929.15,41940.79,53140225
2012-08-20,41957.86,42051.36,41741.47,41759.28,59117122
2012-08-21,41995.39,42242.97,41995.39,42095.04,69204764
2012-08-22,42004.85,42062.85,41754.72,41846.28,252827605
2012-08-23,42013.65,42025.71,41638.93,41795.63,64172689
2012-08-24,41766.67,41913.1,41606.4,41852.69,51787507
2012-08-27,41797.03,41979.3,41680.34,41738.76,52297420
2012-08-28,41735.76,41780.79,41579.47,41600.89,53852621
2012-08-29,41628.09,41653.62,41246.23,41246.4,73798857
2012-08-30,41234.08,41322.65,41016.98,41077.44,92099566
2012-08-31,41180.1,41640.12,41174.77,41573.57,97984319
2012-09-03,41629.19,41928.25,41607.33,41731.43,71636831
2012-09-04,41709.82,41762.08,41420.68,41461.34,46031948
2012-09-05,41484.6,41700.8,41394.2,41627.2,51926662
2012-09-06,41723.09,42166.25,41712.08,42134.93,73352925
2012-09-07,42194.1,42616.64,42194.1,42503.57,89141934
2012-09-10,42543.6,42794.99,42543.6,42764.19,64996765
2012-09-11,42639.32,43010.58,42525.49,43010.58,84572638
2012-09-12,43097.2,43171.85,42850.25,42982.12,66714054
2012-09-13,42943.13,43047.41,42756.67,43047.41,67697269
2012-09-14,43866.28,44140.45,43730.02,44089.49,137627313
2012-09-17,43986.27,44146.54,43852.41,43896.55,53923298
2012-09-18,43843.65,43967.58,43640.49,43967.58,116027015
2012-09-19,44041.59,44217.32,43919.37,44173.5,164488678
2012-09-20,43919.03,43926.62,43573.87,43737.02,122077037
2012-09-21,43812.18,43904.85,43618.62,43701.32,168711783
2012-09-24,43680.02,43680.02,43388.55,43526.41,107098816
2012-09-25,43563.41,43822.59,43521.18,43822.42,149408477
2012-09-26,43443.61,43462.28,43293.99,43462.14,113904463
2012-09-27,43521.92,43763.3,43432.43,43763.3,153556041
2012-09-28,43817.67,43872.45,43545.62,43739.81,160537183
2012-10-01,43631.67,44183.21,43544.47,44183.21,152636835
2012-10-02,44144.2,44439.52,44127.61,44232.06,201338086
2012-10-03,44231.61,44353.52,43978.64,44096.24,140773880
2012-10-04,44228.82,44273.07,43840.23,43840.23,108500218
2012-10-05,43941.75,44524.65,43918.02,44524.65,180369080
2012-10-08,44380.07,44445.19,44259.78,44376.95,209777999
2012-10-09,44378.72,44432.95,44010.42,44026.54,196979516
2012-10-10,43966.78,44234.24,43809.05,44234.24,165282530
2012-10-11,44149.23,44339.24,44099.08,44224.67,138686044
2012-10-12,44145.21,44201.37,43913.55,43988.28,131011657
2012-10-15,43938.68,44088.48,43859.71,44050.69,175052103
2012-10-16,44272.3,44446.91,44231.6,44441.19,208796126
2012-10-17,44435.3,44461,44091.86,44353.53,226496091
2012-10-18,44451.92,44617.35,44261.03,44550.12,271758039
2012-10-19,44528.63,44529.21,43759.43,43759.43,196073479
2012-10-22,43810.2,43949.16,43653.53,43728.91,170694495
2012-10-23,43738.39,43738.39,43133.41,43145.55,225041641
2012-10-24,43236.12,43324.89,43042.9,43305.06,91064715
2012-10-25,43379.85,43457.81,43212.88,43374.6,133053093
2012-10-26,43164.58,43329.82,43005.98,43264.17,70123311
2012-10-29,43166.61,43241.3,43103.08,43177.45,99681678
2012-10-30,43173.32,43335.86,43173.32,43240.07,113322223
2012-10-31,43261.65,43521.23,43150.76,43232.44,71884211
2012-11-02,43408.53,43581.92,43194.47,43581.92,102441074
2012-11-05,43347.73,43604.22,43286.82,43567.6,87704120
2012-11-06,43602.78,43654.46,43497.59,43600.51,126008597
2012-11-07,43645.48,43719.96,43248.36,43304.29,111491737
2012-11-08,43275.15,43429.42,43132.64,43429.42,65938667
2012-11-09,43334.43,43356.65,42930.77,43210.47,86885662
2012-11-12,43150.53,43472.37,43150.53,43368.99,69580908
2012-11-13,43358.38,43610.01,43215.7,43610.01,78487133
2012-11-14,43636.99,44001.21,43574.93,43825.87,160333193
2012-11-15,43725.47,43973.29,43646.91,43845.94,139689201
2012-11-16,43867.41,44007.79,43772.6,43772.6,182187981
2012-11-19,43938.05,44389.12,43937.39,44369.05,100995743
2012-11-20,44381.83,44442.08,44191.33,44438.93,75859702
2012-11-21,44412.16,44439.35,44132.56,44218.33,99009828
2012-11-22,44231.51,44313.51,44121.53,44121.53,72335265
2012-11-23,44225.28,44436.63,44031.09,44436.63,55110220
2012-11-26,44504.6,44702.93,44346.31,44602.83,95746196
2012-11-27,44832.22,44871.02,44598.56,44655.24,88384282
2012-11-28,44615.66,44694.26,44419.92,44605.42,99954426
2012-11-29,44797.49,44965.45,44787.8,44787.84,78874639
2012-11-30,44832.16,45014.74,44700.54,45014.74,98652889
2012-12-03,44985.99,45373.14,44971.25,45293.43,79191876
2012-12-04,45276.48,45619.76,45248.71,45565.81,86826143
2012-12-05,45797.18,45924.13,45588.4,45772.59,92290380
2012-12-06,45880.88,46019.97,45687.12,46019.97,159356593
2012-12-07,46016.77,46016.77,45538.45,45538.45,121640478
2012-12-10,45547.98,45895.21,45503.39,45892.07,75838243
2012-12-11,45947.02,46517.46,45932.09,46517.46,117058149
2012-12-12,46633.26,46726.42,46390.48,46717.72,137870157
2012-12-13,46758.7,46781.83,46442.34,46653.84,52841812
2012-12-14,46669.51,46912.94,46583.25,46912.94,87074291
2012-12-17,46886.86,47089.1,46769.13,47089.1,119974058
2012-12-18,47229.02,47457.43,47173.99,47457.43,97301859
2012-12-19,47494.07,47920.75,47494.07,47920.75,209314861
2012-12-20,47707.98,47896.95,47609.86,47701.82,149351723
2012-12-21,47478.43,47556.27,47075.12,47479.87,158318768
2012-12-27,47473.85,47836.22,47416.53,47673.03,104292852
2012-12-28,47882.96,47941.82,47421.61,47460.59,137158048
2013-01-02,47961.62,48170.04,47938.03,48107.89,74847008
2013-01-03,48022.76,48222.72,47912.05,48222.72,160819630
2013-01-04,48060.35,48125.9,47762.85,47888.16,139704360
2013-01-07,47902.07,47922.79,47506.14,47589.33,75419175
2013-01-08,47496.09,47782.34,47221.15,47379.63,84045225
2013-01-09,47401.25,47476.33,47183.42,47407.28,74749320
2013-01-10,47497.99,47724.25,47247.09,47546.91,82729938
2013-01-11,47597.77,47611.17,47332.4,47440.8,133723878
2013-01-14,47611.81,47741.62,47418.65,47470.12,86581991
2013-01-15,47352.19,47373.32,46974.08,47086.54,284570136
2013-01-16,46948.87,47521.39,46862.55,47521.39,157604698
2013-01-17,47525.68,47874.01,47438.13,47661.37,109384117
2013-01-18,47921.35,47932.2,47684.79,47813.69,112332931
2013-01-21,47807.12,47945.29,47739.79,47936.61,62864201
2013-01-22,48048.69,48089.11,47703.12,47872.8,64864533
2013-01-23,47693.64,47922.81,47618.34,47733.24,134654398
2013-01-24,47769.01,47942.04,47619.83,47942.04,99215546
2013-01-25,47994.64,48005.97,47449.45,47613.95,293977595
2013-01-28,47529.91,47567.85,47169.6,47324.06,295839625
2013-01-29,47355.3,47355.3,47071.84,47328.4,95191290
2013-01-30,47031.12,47359.55,46847.89,46917.19,88602648
2013-01-31,46936.79,46970.11,46697.05,46840.15,217764143
2013-02-01,46937.6,47050.06,46851.16,46945.58,156488093
2013-02-04,47197.86,47296.06,46556.55,46556.55,76018568
2013-02-05,46634.33,46702.17,46506,46674.78,67816009
2013-02-06,46768.33,46815.01,46149.14,46149.14,122025373
2013-02-07,46180.14,46584.66,46122.83,46329.66,97889803
2013-02-08,46525.63,46771.38,46449.94,46741.54,77912456
2013-02-11,46851.89,46971.98,46676,46786.74,73481383
2013-02-12,46701.32,46958.65,46271.41,46399.26,229992199
2013-02-13,46435.12,46569.13,46346.28,46406.74,200788582
2013-02-14,46427.97,46490.28,45982.28,46211.54,116365054
2013-02-15,46097.73,46431.79,45969.44,46370.13,84614073
2013-02-18,46493.2,46630.43,46472.45,46508.27,84792606
2013-02-19,46524.73,46728.06,46410.65,46490.89,101075673
2013-02-20,46385.73,46509.44,45978.13,46051.76,92505987
2013-02-21,45874.21,45879.9,45420.61,45879.9,110791594
2013-02-22,45916.93,45948.12,45750.01,45948.12,86868490
2013-02-25,46012.95,46391.35,45961.9,46286.28,100319197
2013-02-26,45798.41,45915.37,45761.19,45868.35,87284155
2013-02-27,46035.32,46242.06,45943.94,46241.92,113558014
2013-02-28,46411.17,46457.18,46155.41,46280.36,115824122
2013-03-01,46148.65,46341.17,45926.71,46341.14,69274154
2013-03-04,46200.8,46254.67,46038.7,46137.7,89799366
2013-03-05,46258.56,46676.09,46258.02,46676.09,125680301
2013-03-06,46760.93,46979.4,46705.81,46762.65,112064623
2013-03-07,46774.55,46849.57,46664.07,46745.26,101670875
2013-03-08,46915.5,47277.75,46872.89,47074.39,103661812
2013-03-11,47152.59,47174.99,46878.72,46933.03,154694049
2013-03-12,46975.34,47035.12,46866.32,47010.4,85663868
2013-03-13,46969.17,47028.37,46765.82,46888.37,88111918
2013-03-14,46877.63,47363.97,46877.63,47223.68,114938479
2013-03-15,47443.3,47519.43,47088.82,47125.93,179167987
2013-03-18,46696.35,46761.16,46345.72,46668.41,67707798
2013-03-19,46622.09,46659.64,45995.77,46029.35,74257300
2013-03-20,46162.49,46335.96,46040.53,46068.24,85519656
2013-03-21,46258.95,46258.95,45482.95,45580.47,116999872
2013-03-22,45467.91,45475.73,45066.18,45066.18,151966910
2013-03-25,45519.57,45600.38,44548.19,44585.1,98318535
2013-03-26,44685.12,44724.95,44428.75,44724.88,128083814
2013-03-27,44802.92,45247.9,44569.5,45247.9,134358207
2013-03-28,45041.97,45370.36,44844.25,45147.57,139764760
2013-04-02,45239.35,45304.74,45097.58,45304.74,132682193
2013-04-03,45242.32,45243.36,44431.69,44604.61,189032354
2013-04-04,44581.23,44706.63,44319.26,44623.89,161975024
2013-04-05,44712.09,44889.5,44411.78,44597.66,104635295
2013-04-08,44926.19,45104.66,44590.97,44590.97,154646796
2013-04-09,44841.78,44898.8,44582.08,44725.03,102208245
2013-04-10,44799.28,45235.72,44772.65,45091.63,170679824
2013-04-11,45268.28,45688.49,45165.25,45688.48,148976792
2013-04-12,45626.64,45669.53,45352.79,45525.92,120049853
2013-04-15,45358.09,45490.16,44565.37,44724.14,89968914
2013-04-17,44975.83,44975.83,43794.24,43916.24,128195699
2013-04-18,43855,43893.76,43364.51,43364.7,91259614
2013-04-19,43530.31,43580.77,43141.71,43447.75,127645276
2013-04-22,43546.36,43749.48,43236.07,43360.3,117868007
2013-04-23,43248.41,43309.88,42842.07,43159.57,156175848
2013-04-24,43291.17,43399.26,42884.23,43356.73,234695654
2013-04-25,43497.45,43549.14,43145.85,43482.18,263592544
2013-04-26,43537.54,43791.36,43399.92,43665.21,219889513
2013-04-29,43834.9,43939.64,43746.64,43882.16,231838816
2013-04-30,43991.73,44162.18,43507.54,44162.18,197809098
2013-05-02,44103.66,44312.36,43991.51,43991.51,76843172
2013-05-06,44248.91,44541.73,44102.6,44541.73,72049630
2013-05-07,44493.84,44870.27,44446.89,44742.22,87345609
2013-05-08,44855.8,45117.94,44818.03,45117.94,61130989
2013-05-09,45229,45267.72,44853.93,44943.16,75794240
2013-05-10,44949.76,45064.61,44787.58,44895.35,63972796
2013-05-13,44886.6,45207.84,44865.89,45207.84,81162527
2013-05-14,45300.28,45806.74,45142.41,45771.11,104696581
2013-05-15,46021.41,46102.42,45742.35,46102.42,65431132
2013-05-16,46095.33,46142.74,45854.66,45992.03,83242185
2013-05-17,45928.76,46197.82,45869.71,46078.68,88135593
2013-05-20,46213.82,46527.02,46041.03,46041.35,108103229
2013-05-21,46207.43,46303.41,45825.96,45851.8,100613267
2013-05-22,46039.01,46085.62,45826.31,45933.66,82605207
2013-05-23,45260.28,45746.16,45167.72,45687.76,89700944
2013-05-24,45786.93,46273.73,45786.93,46145.44,81533740
2013-05-27,46332.11,47277.1,46332.11,47277.1,79167097
2013-05-28,47458.86,47841.39,47343.19,47579.87,83694963
2013-05-29,47482.8,47663.2,47338.37,47476.64,121385944
2013-05-31,47317.93,47806.34,47317.93,47806.34,204228479
2013-06-03,47398.14,47564.28,47084.75,47175.79,105529198
2013-06-04,47326.56,47640.95,47326.56,47620.68,92808427
2013-06-05,47537.68,47880.92,47422.63,47805.94,76605138
2013-06-06,47754.39,47861.11,47550.94,47573.66,104094229
2013-06-07,47611.56,48431.46,47571.46,48209.65,87255623
2013-06-10,48291.74,48572.75,48291.74,48495.01,90888205
2013-06-11,48482.88,48482.88,48096.14,48324.52,80868808
2013-06-12,48333.46,48523.49,48257.19,48383.93,111026853
2013-06-13,48005.9,48321.96,47890.62,48152.82,119512132
2013-06-14,48433.49,48494.61,48227.91,48273.42,84470184
2013-06-17,48358.85,48375.31,48021.52,48131.61,103758107
2013-06-18,48221.5,48279.3,48061.9,48119.72,77447196
2013-06-19,48284.78,48284.78,47708.51,47743.1,74804807
2013-06-20,47345.23,47357.67,45852.41,45870,161393868
2013-06-21,45756.79,45959.09,44497.43,44732.92,215507594
2013-06-24,44782.24,45018.58,44566.68,44824.62,74169532
2013-06-25,45032.52,45187.4,44929.76,44966.09,78819065
2013-06-26,44181.63,44980.74,43845.43,44893.99,90498461
2013-06-27,45079.88,45114.75,43329.16,43667.37,80022639
2013-06-28,43751.8,44748.75,43509.66,44747.79,116755923
2013-07-01,44759.97,44991.35,44577.75,44769,179520049
2013-07-02,44929.52,45653.43,44727.49,45533.94,141633656
2013-07-03,45250.19,45378.8,44761.05,45184.98,101648194
2013-07-04,45329.03,45621.14,45140.93,45613.75,67709415
2013-07-05,45721.56,45766.72,44965.33,45110.89,97243339
2013-07-08,45190.41,45190.41,44534.34,44534.34,43337083
2013-07-09,44743.22,44752.54,44099.12,44342.23,60719741
2013-07-10,44423.23,45068.55,44363.28,45068.55,50166474
2013-07-11,45551.3,45747.94,45515.72,45712.72,53899437
2013-07-12,45742.96,46189.6,45628.81,46150.78,74101569
2013-07-15,46115.63,46222.99,45927.79,46218.05,64869189
2013-07-16,46291.4,46306.83,46046.89,46155.1,62132612
2013-07-17,46104.19,46428.38,45950.17,46287.08,98084933
2013-07-18,46305.71,46332.4,45860,46221.23,53507851
2013-07-19,46099.43,46432.6,45990.55,46399.74,46943403
2013-07-22,46478.98,46550.75,46275.18,46361.7,34873711
2013-07-23,46458.8,46714.43,46423.06,46714.43,64468251
2013-07-24,46651.67,46903.79,46556.77,46835.98,58962958
2013-07-25,46819.28,46838.61,46415.3,46713.02,49349046
2013-07-26,46562.04,46588.81,46251.22,46258.91,48123378
2013-07-29,46313.53,46480.62,46155.96,46480.62,50530854
2013-07-30,46584.53,46663.5,46417.3,46663.41,37616093
2013-07-31,46598.7,47239.85,46572.91,46925.65,77779889
2013-08-01,47210.72,47496.81,47149.82,47370.81,62145240
2013-08-02,47515.42,48424.67,47512.99,48325.33,109370384
2013-08-05,48436.26,48486.69,48235.72,48458.44,51199015
2013-08-06,48416,48431.85,47874,47942.81,68285923
2013-08-07,47861.12,48306.55,47708.32,48306.55,88622272
2013-08-08,48396.72,49162.29,48396.72,48862.88,80766836
2013-08-09,49016.62,49125.36,48639.47,49125.36,54377897
2013-08-12,49154.84,49646.03,48982.65,49580.16,87810146
2013-08-13,49732.37,49868.6,49474.33,49747.66,91833293
2013-08-14,49701.32,50359.55,49701.32,50223.95,122250427
2013-08-16,50146.48,50228.44,49920.25,49976.48,60534007
2013-08-19,50018.45,50018.45,49430.57,49772.46,85381652
2013-08-20,49349.23,49363.26,49032.18,49162.16,123861444
2013-08-21,49369.85,49546.68,49128.05,49128.05,104642540
2013-08-22,49253.68,49847.41,49253.68,49846.48,84688272
2013-08-23,49852.41,50086.52,49718.57,49895.1,115631094
2013-08-26,50107.3,50257.98,49818.48,49818.48,76451647
2013-08-27,49683.87,49701.1,48816.29,48833.58,88942907
2013-08-28,48681.3,48812.94,48307.58,48537.65,71969726
2013-08-29,48860.13,48948.18,48524.9,48676.45,90645546
2013-08-30,48834.98,48872.28,48469.42,48871.98,101932533
2013-09-02,49250.57,49389.13,49142.13,49187.22,81972106
2013-09-03,49299.3,49399.47,48917.76,48968.87,185200062
2013-09-04,49037.98,49243.71,47844.92,47919.09,120341269
2013-09-05,47417.78,47417.78,45017.11,45830.66,187617259
2013-09-06,45963.46,47021.09,45958.41,46717.04,131668403
2013-09-09,47096.14,47808.9,46944.08,47808.9,63980676
2013-09-10,48244.34,48961.51,48187.61,48961.51,134125827
2013-09-11,49017.77,49437.02,48622.86,49437.02,134846239
2013-09-12,49304.57,49771.55,49243.25,49771.55,95553698
2013-09-13,49622.41,49661.13,49348.03,49348.61,112453840
2013-09-16,49871.66,49878.41,48862.18,48917.85,115641826
2013-09-17,49007.42,49434.46,48889.3,49434.46,102437220
2013-09-18,49372.36,49567.99,49209.11,49413.33,148615955
2013-09-19,50359.86,50484.96,49988.82,50300.53,143571714
2013-09-20,50284.87,50335.62,49911.43,50308.19,116056629
2013-09-23,50182.15,50379.21,49821.46,49955.87,98187512
2013-09-24,50059.2,50177.8,49835.34,49979.47,68467075
2013-09-25,49912.36,50397.98,49776.84,50301.69,120326196
2013-09-26,50497.28,50972.77,50446.51,50936.34,120220433
2013-09-27,51053.71,51149.71,50723.71,50819.81,100748195
2013-09-30,50503.7,50583.02,50289.23,50301.85,89353882
2013-10-01,50087.47,50782.48,50087.47,50782.48,84382298
2013-10-02,50691.13,50827.69,50450.73,50803.4,79502967
2013-10-03,50847.32,51096.21,50847.32,50982.03,179938055
2013-10-04,50926.83,50949.04,50545.03,50601.24,125026250
2013-10-07,50453.02,50480.54,50049.74,50338.71,74769744
2013-10-08,50360.47,50400.65,50089.38,50137.88,90917137
2013-10-09,50101.18,50353.66,49899.25,50335.02,104177526
2013-10-10,50543.9,51835.81,50543.9,51806.83,140456484
2013-10-11,52046.56,52332.04,51839.84,52230.47,94040565
2013-10-14,52072.73,52612.83,52022.86,52520.91,150547668
2013-10-15,52815.48,53345.22,52590.73,52590.73,115878581
2013-10-16,52618.67,53031.33,52545.04,52861.41,111175273
2013-10-17,52865.03,53064.73,52563.02,52573.59,118185108
2013-10-18,52617.6,52619.96,51859.92,52587.24,113448575
2013-10-21,52746.85,53853.55,52746.85,53853.55,89411266
2013-10-22,53958.11,54048.28,53629.11,53781.81,112371703
2013-10-23,53639.2,53639.2,53318.08,53389.74,74198897
2013-10-24,53640.26,53994.46,53640.26,53994.46,107398756
2013-10-25,53867.09,54064.71,53634.01,53887.13,82307916
2013-10-28,54194.89,54359.2,54136.18,54180.04,119005950
2013-10-29,54234.35,54682.68,54224.94,54536.95,114716499
2013-10-30,54636.47,54725.86,54012.01,54095.32,141607740
2013-10-31,53999.66,54072.99,53573.65,53607.86,80940483
2013-11-04,53886.25,53989.37,53670.53,53989.37,131605932
2013-11-05,54189.32,54261.48,53468.72,53504.47,91854689
2013-11-06,53662.98,53924.01,53604.21,53924.01,84878328
2013-11-07,53825.17,54158.15,53609,53785.07,63071793
2013-11-08,53488.12,53530.99,53106.62,53305.36,84193851
2013-11-12,53430.78,53591.35,53352.99,53358.29,66902250
2013-11-13,53213.21,53254.34,52554.81,52681.33,71953303
2013-11-14,53130.89,53298.41,52954.08,53127.16,115460095
2013-11-15,53368.58,53970.47,53368.58,53896.03,108656283
2013-11-18,54058.62,55146.76,54046.33,55136.81,119631724
2013-11-19,55031.11,55035.65,54746.75,54778.86,99807610
2013-11-20,54770.08,54866.21,54535.98,54778.8,126331683
2013-11-21,54546.55,54745.13,54417.98,54621.21,104831518
2013-11-22,54862.74,54907,54667.82,54834.12,122163605
2013-11-25,55281.87,55384.83,55010.03,55246.4,115641921
2013-11-26,54907.83,54907.83,54357.62,54544.73,130635251
2013-11-27,54509.31,54678.66,54344.71,54678.66,73070974
2013-11-28,54679.05,54759.15,54305.26,54420.19,59161704
2013-11-29,54444.1,54715.82,54366.79,54704.89,100064639
2013-12-02,54627.26,54790.24,53934.52,53934.52,85966715
2013-12-03,54025.72,54025.72,53249.68,53276.83,95687949
2013-12-04,53222.49,53285.49,52535.56,52867.03,89685149
2013-12-05,52837.25,52900.48,52574.8,52597.13,78507469
2013-12-06,52837.58,52898.67,52513.14,52727.52,107207849
2013-12-09,53113.49,53186.73,52881.29,52881.29,101399661
2013-12-10,52897.23,52994.18,52098.54,52692.63,102071644
2013-12-11,52597.73,52882.92,52548.23,52643.16,115071682
2013-12-12,52357.87,52357.87,51749.77,51947.96,91348387
2013-12-13,52056.06,52121.94,51443.27,51761.82,75781240
2013-12-16,51676.28,51808.53,51478.15,51736.02,68998550
2013-12-17,51708.54,51717.16,50779.25,50779.25,95247804
2013-12-18,50764.71,51264.86,50435.09,50971.57,105003305
2013-12-19,51438.39,51507.01,50409.52,50631.75,94146795
2013-12-20,50546.42,51097.75,50542.68,51097.75,144879250
2013-12-23,51434.96,51520.72,51300.13,51362.3,63866103
2013-12-27,51567.65,51572.99,51248.2,51267.29,62805427
2013-12-30,51346.22,51365.35,51168.36,51284.25,57720459
2014-01-02,51670.42,51878.73,51494.42,51865.89,56942959
2014-01-03,51699.47,51785.32,51497.81,51497.81,53144300
2014-01-07,51213.21,51213.21,50412.37,50444.78,82385316
2014-01-08,50434.79,50610,50083.78,50482.93,170293809
2014-01-09,50409.08,50505.04,49753.03,49753.03,96024358
2014-01-10,49681.48,49796.5,49320.57,49796.5,107327936
2014-01-13,49943.58,50616.34,49927.54,50444.23,107401999
2014-01-14,50267.5,50766.49,50159.63,50605.74,101703537
2014-01-15,51031.56,51117.85,50885.72,51098.55,136511781
2014-01-16,51214.12,51526.78,50956.91,51288.7,98307893
2014-01-17,51281.76,51321.91,50888.66,50925.12,67080607
2014-01-20,50879.23,50947.75,50742.97,50917.69,66495005
2014-01-21,51015.67,51630.37,51015.67,51506.82,92656833
2014-01-22,51766.14,52051.68,51529.19,51906.45,146349264
2014-01-23,51902.94,52074.67,51569.21,51569.21,218120085
2014-01-24,51557.02,51673.61,50593.45,50593.45,120828304
2014-01-27,50188.76,50492.99,49865.08,50041.93,89282354
2014-01-28,50277.73,50524.89,50076.13,50433.71,93131733
2014-01-29,50775.67,50998.76,49927.81,50128.34,172034552
2014-01-30,49870.85,50462.7,49577.02,50417.17,113421257
2014-01-31,50408.01,50831.61,50244.62,50831.61,116394994
2014-02-03,50934.2,51396.02,50934.2,51121.82,113027419
2014-02-04,50531.41,51046.01,50494.52,50836.32,84290273
2014-02-05,50811.91,51273.6,50785.16,51076.06,117156064
2014-02-06,51358.54,52138.87,51275.34,52138.87,103190077
2014-02-07,52170.89,52201.64,51948.19,52137.9,113026515
2014-02-10,52151.22,52210.33,51947.42,52024.29,85625951
2014-02-11,52080.7,52581.59,52034.53,52581.53,109509346
2014-02-12,52842.59,53304.39,52733.24,53231.44,112098021
2014-02-13,53128.54,53349.65,52945.16,53349.65,91220586
2014-02-14,53345.41,53470.08,53084.46,53397.03,103661971
2014-02-17,53472.46,53573.38,53329.07,53435.4,129292047
2014-02-18,53659.61,53666.69,53208.77,53208.77,135152180
2014-02-19,53071.47,53569.9,52909.44,53471.61,144843653
2014-02-20,53025.32,53120.87,52833.59,52967.02,106397404
2014-02-21,53267.46,53499.06,53227.89,53400.11,83079375
2014-02-24,53435.92,54063.6,53344.66,54063.6,138285816
2014-02-25,54075.89,54075.89,53638.58,53687.8,128995533
2014-02-26,53793.35,53803.96,52930.78,52983.97,131482993
2014-02-27,52964.85,53117.19,52643.03,52906.04,74283078
2014-02-28,53026.53,53811.3,53026.53,53811.3,86023527
2014-03-03,51739.27,52396.81,51005.81,51005.81,281739304
2014-03-04,51555.72,52395.81,51555.72,52303.63,125848591
2014-03-05,52330.79,52697.98,52095.34,52216.05,248552563
2014-03-06,52431.79,52595.61,52297.2,52487.84,101200293
2014-03-07,52454.82,52454.82,51850.28,51954.46,119627748
2014-03-10,51651.2,51719.75,51155.33,51155.33,144961872
2014-03-11,51330.59,51456.67,50979.94,51226.9,98851975
2014-03-12,51021.13,51170.1,50182.24,50517.28,145979152
2014-03-13,50580.35,50655.23,49878.65,49878.65,86598949
2014-03-14,49204.01,49520.84,48765.47,49520.84,139751740
2014-03-17,49644.42,50811.88,49644.42,50811.88,93321260
2014-03-18,50908.31,50948.53,50529.51,50651.51,89605147
2014-03-19,50726.88,50800.56,50232.9,50360.09,88208215
2014-03-20,50208.37,50796.79,50187.95,50627.71,86805486
2014-03-21,50878.94,51048.02,50555.44,50555.93,115844655
2014-03-24,50782.91,50824.07,50325.36,50503.6,70482119
2014-03-25,50568.26,51277.14,50568.26,51150.79,52819084
2014-03-26,51350.73,51826.17,51350.73,51684.41,60817915
2014-03-27,51692.21,51896.44,51543.9,51642.99,50431246
2014-03-28,51813.89,51998.97,51710.57,51831.67,46389241
2014-03-31,52056,52373.47,52027.18,52373.47,52198836
2014-04-01,52358.13,52571.51,52259.18,52571.51,48948941
2014-04-02,52768.07,52871.2,52572.07,52761.31,57210549
2014-04-03,52790.55,52815.8,52260.25,52376.18,46682212
2014-04-04,52361.52,52682.31,52213.31,52660.68,38114421
2014-04-07,52296.7,52485.65,52056.89,52280.5,37624173
2014-04-08,52265.83,52449.94,52044.98,52449.94,43912826
2014-04-09,52570.93,52647.36,52344.31,52429.68,71109957
2014-04-10,52610.92,52809.47,52524.35,52580.73,57449236
2014-04-11,52147.63,52389.75,52092.98,52389.75,49517738
2014-04-14,52093.58,52094.01,51613.56,51813.9,44015496
2014-04-15,51739.1,51806.26,51263.89,51263.89,37419010
2014-04-16,51396.72,51548.52,50913.63,50913.63,36267570
2014-04-17,51017.82,51510.98,50993.76,51510.98,33675228
2014-04-22,51538.92,52066.73,51525.7,52026.61,30109138
2014-04-23,52113.13,52177.96,51788.15,51936.09,37350471
2014-04-24,51929.11,52233.15,51557.11,51705.76,57579330
2014-04-25,51552.07,51710.66,51397.45,51497.7,36188578
2014-04-28,51486.41,51740.33,51481.91,51567.7,32909113
2014-04-29,51759.61,51922.47,51696.37,51842.78,38523841
2014-04-30,51958,52036.79,51865.42,51892.77,42244660
2014-05-02,51831.54,51918.46,51671.41,51782.38,20825311
2014-05-05,51737.55,51774.35,51113.54,51198.42,27339428
2014-05-06,51318.78,51380.14,50829.13,50873.54,32830591
2014-05-07,50718.5,50741.23,50258.57,50646.36,66159238
2014-05-08,50918.22,51074.62,50609.96,50851.25,36920557
2014-05-09,51021.63,51065.38,50441.56,50451.79,35920729
2014-05-12,50468.1,50897.34,50334.32,50897.34,34595871
2014-05-13,51099.93,51268.83,50993.7,51047.96,42889773
2014-05-14,51140.33,51264.01,51046.1,51264.01,45084237
2014-05-15,51176.47,51448.51,50815.07,50944.5,56855352
2014-05-16,50955.13,50955.13,50517.6,50858.58,52434004
2014-05-19,50975.91,51088.25,50842.13,51070.22,34959369
2014-05-20,51134.79,51314.95,51118.34,51244.43,37719723
2014-05-21,51230.54,51394.29,51199.48,51391.94,44350672
2014-05-22,51743.23,52244.13,51670.49,52244.13,62143631
2014-05-23,52363.63,52600.94,52278.4,52413.38,46755738
2014-05-26,52631.62,52754.81,52525.63,52581.76,32200004
2014-05-27,52527.45,52541.79,52282.79,52443.49,41145176
2014-05-28,52411.42,52531.33,52070.75,52187.17,64756143
2014-05-29,52170.78,52553.48,52134.46,52553.48,61612519
2014-05-30,52525.05,52540.58,52066.97,52066.97,187265249
2014-06-02,52193.82,52254.29,52031.15,52230.73,38812540
2014-06-03,52331.7,52553.57,52204.32,52326.4,67543168
2014-06-04,52231.84,52527.75,52102.13,52527.75,42527680
2014-06-05,52608.88,53044.78,52521.26,52901.29,46286177
2014-06-06,53066.76,53233.18,52869.57,53233.18,35917151
2014-06-09,53334.47,53357.84,53052.12,53054.18,31244852
2014-06-10,53160.35,53368.74,53079.61,53368.74,37596233
2014-06-11,53436.07,53436.07,52975.82,53120.87,49736008
2014-06-12,53077.85,53166.46,52782.38,52927.91,26091140
2014-06-13,52875.72,52944.06,52663.32,52759.01,31703347
2014-06-16,52340.11,52636.05,52197.93,52618.29,23966099
2014-06-17,52608.89,52981.38,52608.89,52943.98,43747952
2014-06-18,53043.01,53127.28,52903.18,52937.45,45766857
2014-06-20,52994.3,53048.92,52906.95,52923.26,57752801
2014-06-23,52974.05,53092.73,52884.36,53084.62,33985997
2014-06-24,53117.32,53156.01,52866.77,52870.49,41334308
2014-06-25,52637.21,52677.13,52050.36,52096.37,43468898
2014-06-26,52319.62,52374.95,51699.37,51815.43,36628982
2014-06-27,51740.37,51965.8,51649.04,51713.44,36296484
2014-06-30,51909.99,51972.99,51739.62,51934.94,39393275
2014-07-01,51932.32,51980.27,51724.57,51746.23,34517878
2014-07-02,51712.04,51830.3,51137.42,51191.13,55880343
2014-07-03,51213.22,51331.99,50673.19,50951.73,50872158
2014-07-04,50993.99,51100.16,50915.91,50995.56,30843663
2014-07-07,51046.61,51343.91,51028.65,51286.46,27087216
2014-07-08,51429.35,51457.49,50972.8,50974.9,31849450
2014-07-09,51042.4,51051.08,50573.81,50716.2,25629670
2014-07-10,50789.82,50808.87,50178.48,50474.36,40819740
2014-07-11,50522.16,51148.4,50522.16,51085.89,38060219
2014-07-14,51287.39,51480.8,51282.29,51310.6,29362580
2014-07-15,51332.76,51516.35,51278.89,51408.74,35666736
2014-07-16,51439.3,51632.74,51374.72,51445.92,40567183
2014-07-17,51307.16,51527.37,51077.14,51527.37,29897451
2014-07-18,51193.91,51364.74,51065.61,51315.91,28162214
2014-07-21,51367.4,51391.83,51014.31,51228.68,26150332
2014-07-22,51241.83,51667.6,51241.83,51667.6,34397446
2014-07-23,51611.57,51697.58,51446.06,51540.81,26921322
2014-07-24,51613,51690.84,51476.77,51613.47,25089784
2014-07-25,51592.66,51711.21,51475.02,51608.79,32001677
2014-07-28,51618.75,51779.18,51568.84,51568.84,30999375
2014-07-29,51639.04,51787.37,51275.06,51275.06,34016975
2014-07-30,51162.21,51227.74,50357,50393.97,40458046
2014-07-31,50378.67,50528.77,49980.81,50037.12,47464663
2014-08-01,50082.23,50407.08,49625.7,50390.94,41189935
2014-08-04,50595.24,50903.21,50506.1,50872.32,32572310
2014-08-05,50981.87,51229.53,50678.76,50865.95,32729288
2014-08-06,50713.26,50763.05,50372.27,50611.27,39708394
2014-08-07,50670.41,50689.12,49867.72,49958.67,38594711
2014-08-08,49580.95,49658.13,49321.83,49593.68,37286128
2014-08-11,49944.53,50398.54,49896.34,50398.54,30218703
2014-08-12,50337.86,50425.52,50152.72,50420.86,29088503
2014-08-13,50516.62,50958.36,50396.23,50957.51,35825143
2014-08-14,50981.63,51512.57,50832.95,51512.57,37772631
2014-08-18,51523.08,52171.08,51491.48,52169.37,41067754
2014-08-19,52165.23,52330.21,51965.23,52183.11,43269487
2014-08-20,52055.52,52304.36,52004.54,52304.36,30832934
2014-08-21,52323.85,52450.2,52206.14,52294.93,38903862
2014-08-22,52326.89,52355.62,52069.33,52143.1,31152925
2014-08-25,52309.88,52403.26,52268.04,52344.83,17825010
2014-08-26,52311.89,52781.56,52299.19,52781.56,34248554
2014-08-27,52829.59,53008,52705.09,52849.06,30588581
2014-08-28,52698.91,52770.65,51639.48,51882.01,44679242
2014-08-29,51784.39,52071.52,51781.8,51868.77,50779098
2014-09-01,52068.19,52416.31,52068.19,52416.31,31055780
2014-09-02,52575.07,52690.43,52390.47,52643.48,39188409
2014-09-03,52745.05,53882.91,52709.42,53797.21,62641014
2014-09-04,53752.55,54437.11,53752.55,54358.49,59499100
2014-09-05,54306.51,54518.93,54132.24,54412.52,40590996
2014-09-08,54492.16,54709.57,54288.39,54624.88,39484412
2014-09-09,54494.06,54695.45,54412.36,54519.25,50706909
2014-09-10,54408.78,54645.84,54340.25,54558.48,59050301
2014-09-11,54594.03,54735.23,54041.79,54065.27,62650502
2014-09-12,54189.65,54245.4,54020.24,54021.81,48082832
2014-09-15,53945.33,54361.59,53942.49,54343.35,40601012
2014-09-16,54396.22,54764.99,54177.67,54652.09,44459543
2014-09-17,54868.8,55184.56,54859.49,55153.79,54695675
2014-09-18,55102.56,55159.6,54747.01,54906.1,55135795
2014-09-19,55010.86,55687.59,54982.06,55636.77,91972697
2014-09-22,55421.61,55586.22,55271.16,55271.16,43395082
2014-09-23,55336.53,55342.73,54611.67,54615.81,50640597
2014-09-24,54667.81,54853.44,54348.49,54416.67,57087979
2014-09-25,54601.34,55075.67,54345.08,54411.77,41924301
2014-09-26,54278.03,54639.44,54121.83,54574.21,39600034
2014-09-29,54623.21,54981.88,54227.15,54639.03,35587091
2014-09-30,54730.54,54957.95,54612.51,54878.58,57289155
2014-10-01,54715.88,54907.49,54104.33,54107.27,39579986
2014-10-02,53885.04,53885.04,53498.77,53498.77,46320057
2014-10-03,53719.76,53917.45,53719.76,53754.63,31483271
2014-10-06,54018.54,54240.97,53990.89,53992.31,30281346
2014-10-07,53976.07,53991.64,53722.64,53770.98,35077245
2014-10-08,53483.64,53567.86,53173.18,53173.18,43743441
2014-10-09,53588.49,53743.45,53413.45,53416.03,39264823
2014-10-10,53085.2,53148.62,52697.16,52734.24,46408404
2014-10-13,52706.19,52988.55,52675.82,52715.05,34536749
2014-10-14,52744,52876.4,52390.49,52823.62,63578483
2014-10-15,52996.27,53065.61,52178.04,52438.27,55549433
2014-10-16,52598.35,52635.22,51849.26,52297.79,52428111
2014-10-17,52392.44,52762.37,52353.66,52662.9,74854445
2014-10-20,52862.05,52866.74,52452.36,52452.36,27933049
2014-10-21,52395.34,53223.28,52336.68,53213.51,52420568
2014-10-22,53434.96,53455.71,53180.63,53301.52,39234221
2014-10-23,53164.94,53478.85,53102.52,53335.43,47400876
2014-10-24,53374.12,53600.16,53214.73,53320.13,40532804
2014-10-27,53603.66,53603.66,53239.07,53501.71,28874270
2014-10-28,53542.85,53792.65,53456.76,53792.65,25712065
2014-10-29,53824.13,53886.7,53479.18,53617.36,39598489
2014-10-30,53538.31,53661.72,53211.82,53492,50047077
2014-10-31,53848.37,54029.73,53804,53949.58,33343693
2014-11-03,53922.18,53975,53815.98,53933.9,26877007
2014-11-04,53800.31,54145.86,53800.31,53905.66,33552455
2014-11-05,53956.49,54129.94,53591.07,53591.07,39255678
2014-11-06,53649.53,53683.69,53379.37,53512.14,32717532
2014-11-07,53411.85,53600.11,53234.87,53254.04,35907827
2014-11-10,53325.05,53325.05,53077.71,53106.5,21188283
2014-11-12,53137.21,53329.43,53013.09,53015.55,37223884
2014-11-13,53059.04,53192.11,52783.17,52816.35,44559912
2014-11-14,52833.6,53184.19,52663.34,53176.98,40388853
2014-11-17,53085.42,53223.37,52972.97,53099.11,35757576
2014-11-18,53137.55,53368.22,53126.61,53368.22,33989541
2014-11-19,53415.49,53428.98,53170.63,53299.4,43990316
2014-11-20,53084.59,53107.79,52775.27,52848.54,37042863
2014-11-21,52940.93,53325.81,52911.3,53215.87,42218593
2014-11-24,53324.85,53569.71,52919.32,53084.63,37603217
2014-11-25,53109.61,53289.4,52922.59,53055.98,53114572
2014-11-26,53072.09,53267.13,53072.09,53238,37358973
2014-11-27,53262.24,53428.46,53251.6,53415.63,30820796
2014-11-28,53466.31,53495.83,53230.6,53247.07,31075127
2014-12-01,53050.26,53216.4,52962.86,53155.31,32390533
2014-12-02,53315.21,53773.45,53302.32,53773.45,34079213
2014-12-03,53819.78,53890.52,53729.98,53801.73,34860472
2014-12-04,53855.77,54030.53,53346.86,53346.86,33475260
2014-12-05,53482.38,53776.19,53481.81,53652.58,32832072
2014-12-08,53739.23,53821.25,53407.94,53479.49,28973408
2014-12-09,53259.51,53349.32,52831.49,52961.35,38487034
2014-12-10,52984.11,53087.16,52477.44,52477.44,48819303
2014-12-11,52449.12,52666.36,52314.51,52550.03,39025428
2014-12-12,52577.08,52588.02,52265.24,52265.24,37648826
2014-12-15,52232.99,52377.41,51599.74,51621.14,37110563
2014-12-16,51457.43,51493.62,50182.53,50683.91,65641182
2014-12-17,50617.28,51222.6,50547.67,50932.48,48166468
2014-12-18,51360.96,51739.7,51293.37,51739.04,48564596
2014-12-19,51773.68,51783.36,51161,51297.12,210689057
2014-12-22,51281.28,51566.77,51230.19,51487.54,37313815
2014-12-23,51407.42,51670.76,51396.82,51511.68,40710846
2014-12-29,51602.65,51649.72,51047.45,51159.06,31418637
2014-12-30,51248.43,51416.08,51013.74,51416.08,37771612
2015-01-02,51598.39,51598.39,51307.87,51378,19047698
2015-01-05,51309.21,51309.21,50516.71,50516.71,29630731
2015-01-07,50667.73,51481.52,50615.55,51350.42,42127890
2015-01-08,51558.05,52391,51558.05,52391,50575487
2015-01-09,52380.4,52393.37,51970.54,52065.88,38862111
2015-01-12,52057.14,52217.15,51666.75,51910.34,36914024
2015-01-13,51868.28,52585.44,51868.28,52443.1,45075053
2015-01-14,52164.31,52170.06,51683.04,51910.3,43064568
2015-01-15,52110.74,52188.32,50557.2,50616.63,94141719
2015-01-16,50443.44,50647.36,49943.11,50300.33,54225355
2015-01-19,50399.96,50485.44,49931.45,50230.33,40503266
2015-01-20,50408.12,50622.25,50058.56,50058.56,41660572
2015-01-21,50185.61,50918.41,50153.72,50918.41,40633004
2015-01-22,51040.19,51555.28,51040.19,51484.81,42396746
2015-01-23,51590.01,51771.22,51541.05,51680.12,43643531
2015-01-26,51436.13,51546.55,51246.21,51516.62,39896825
2015-01-27,51607.12,51931.34,51365.77,51578.85,53095191
2015-01-28,51728.82,51865.09,51371.18,51706.19,55346561
2015-01-29,51746.94,52107.42,51619.07,52040.24,40836692
2015-01-30,52133.12,52205.74,51978.86,52102.39,39689785
2015-02-02,52197.7,52314.78,51595.99,51923.51,39933517
2015-02-03,52030.28,52170.01,51749.77,52030.36,44236001
2015-02-04,52063.83,52120.98,51831.13,52049.85,47433511
2015-02-05,52005.74,52107.26,51823.11,52107.26,40917515
2015-02-06,52179.51,52417.42,52121.13,52417.42,43300556
2015-02-09,52323.15,52361.17,52045.5,52137.58,29797366
2015-02-10,52166.8,52315.28,52106.99,52140.43,30835688
2015-02-11,52230.57,52242.69,51859.13,51893.79,54229810
2015-02-12,51989.99,52167.92,51887.45,52139.81,36577562
2015-02-13,52251.36,52368.83,52143.81,52368.83,43075305
2015-02-16,52428.1,52687.21,52422.22,52634.84,32573654
2015-02-17,52619.03,52742.79,52479.04,52641.26,41346992
2015-02-18,52794.08,52834.2,52462.79,52476.64,42747558
2015-02-19,52567.71,52665.67,52447.9,52572.95,33257648
2015-02-20,52600.08,52665.77,52491.12,52566.43,24524249
2015-02-23,52765.52,52911.87,52712.9,52911.87,34097325
2015-02-24,52896.45,52968.27,52620.83,52949.64,44245586
2015-02-25,53020.78,53067.38,52796.67,52871.46,44412535
2015-02-26,52834.71,53042.6,52740.34,53042.6,41225478
2015-02-27,53060.97,53304.77,52972.25,53304.21,53534821
2015-03-02,53392.85,53410.75,53186.86,53343.92,40441715
2015-03-03,53287.87,53344.77,52742.17,52742.17,41301969
2015-03-04,52777.66,53182.71,52499.33,53161.92,45442635
2015-03-05,53315.99,53588.79,53315.99,53546.4,61946716
2015-03-06,53620.89,53678.33,53290.38,53381.8,39730440
2015-03-09,53301.97,53592.26,53232.6,53415.93,30435330
2015-03-10,53402.16,53456.91,52828.61,52838.22,39564083
2015-03-11,52898.78,53041.44,52763.24,53041.44,40601553
2015-03-12,53200.17,53239.4,52937,53136.13,39914550
2015-03-13,53179.56,53179.56,52610.73,52740.67,39827589
2015-03-16,52819.27,52951.49,52724.2,52874.24,34723853
2015-03-17,52976.04,53305.38,52921,53197.78,35398628
2015-03-18,53244.16,53425.97,53213.64,53364.63,40204209
2015-03-19,53506.3,54148.48,53506.3,54148.48,47176273
2015-03-20,54201.37,54477.36,54115.24,54477.36,94138861
2015-03-23,54552.26,54564.54,54228.68,54564.54,30034652
2015-03-24,54402.3,54519.36,54224.73,54437.39,41516010
2015-03-25,54356.18,54425.55,54102.7,54138.34,47469631
2015-03-26,53885.92,53948.38,53546.29,53649.9,42464275
2015-03-27,53712.57,53859.06,53607.28,53607.28,49350988
2015-03-30,53798.77,54106.37,53798.77,54106.37,41275351
2015-03-31,54089.6,54200.26,53889.72,54091.32,41160418
2015-04-01,53985.99,54197.45,53953.71,54032.68,50846564
2015-04-02,54045.72,54179.04,54017.64,54179.04,40923206
2015-04-07,54295.49,54699.04,54290.71,54490.95,48115698
2015-04-08,54557.85,54724.37,54522.46,54647.1,57557121
2015-04-09,54680.61,55063.85,54658.01,55063.85,50562144
2015-04-10,55186.41,55243.48,54938.65,55026.26,43248906
2015-04-13,55039.68,55058.65,54841.51,55027.41,32808797
2015-04-14,55030.27,55039.06,54776.12,54971.31,37330048
2015-04-15,54948.55,55648.2,54948.55,55648.2,49412852
2015-04-16,55718.53,56165.1,55708.22,56165.1,49400681
2015-04-17,56088.4,56311.48,55459.57,55459.57,44608863
2015-04-20,55593.17,56241.18,55593.17,56191.3,39274076
2015-04-21,56388.23,56591.82,56052.07,56226.22,43081792
2015-04-22,56242.46,56515.49,56070.23,56450.94,46950985
2015-04-23,56651.5,56666.79,56227.87,56492.95,36874090
2015-04-24,56519.96,56630.28,56274.48,56518.96,36626740
2015-04-27,56584.16,57148.74,56514.3,57060.97,46543110
2015-04-28,57020.73,57192.85,56866.3,56993.2,47737668
2015-04-29,57074.8,57141.04,56449.23,56559.4,35874856
2015-04-30,56509.25,56684.01,56352.35,56477.69,41915356
2015-05-04,56759.18,56871.4,56562,56699.49,37872274
2015-05-05,56665.28,56806.24,56312.81,56442.25,42623343
2015-05-06,56412.84,56928.56,56372.05,56928.56,56624450
2015-05-07,56955.25,56980.41,56420.51,56911.34,44483550
2015-05-08,57064.04,57460.44,57051.18,57379.45,43525283
2015-05-11,57308.83,57404.6,57238.64,57262.52,31931268
2015-05-12,57299.39,57304.71,56775.13,57304.71,37884968
2015-05-13,57324.03,57436.98,57165.66,57246.74,50213947
2015-05-14,57229.22,57231.71,56833.23,56845.83,43764396
2015-05-15,56928.82,57066.35,56842.55,56901.42,36765644
2015-05-18,57088.52,57233.42,56906.68,57044.04,37017366
2015-05-19,57160.21,57244.95,56944.22,56968.61,38512497
2015-05-20,56925.08,56955.49,56550.25,56925.9,36588130
2015-05-21,56955.91,57001.44,56703.32,56990.6,30068887
2015-05-22,56973.03,56973.03,56638.8,56828.92,35733633
2015-05-25,56401.76,56493.72,55749.83,55957.5,28955409
2015-05-26,55875.53,56022.01,55553.99,55553.99,36892574
2015-05-27,55642.23,55862.06,55498.11,55862.06,45725746
2015-05-28,55896.87,55939.44,55556.13,55556.13,27267750
2015-05-29,55599.86,55851.68,55531.79,55531.79,61560525
2015-06-01,55599.98,55761.48,55463.22,55605.71,30417168
2015-06-02,55535.28,55551.74,55008.41,55045.4,34305360
2015-06-03,55128.96,55162.61,54707.67,54749.74,38937668
2015-06-05,54637.41,54644.08,54246.72,54278.69,30073543
2015-06-08,54301.82,54406.24,53953.21,53966.77,31432305
2015-06-09,53953.89,54237.83,53576.17,53576.17,44426596
2015-06-10,53628.08,54453.81,53617.7,54392.95,54281586
2015-06-11,54493.55,54565.77,54261.18,54357.69,31877983
2015-06-12,54369,54374.21,53945.35,53956.79,24749526
2015-06-15,53892.37,54191.73,53795.89,53977.29,20888133
2015-06-16,53947.95,53996.25,53741.2,53934.03,35422994
2015-06-17,54034.66,54160.75,53115.11,53203.7,37941414
2015-06-18,53205.71,53423.03,52869.33,53408.53,37070376
2015-06-19,53565.18,53641.53,53039.35,53039.35,53923937
2015-06-22,53380.27,54121.68,53380.27,54104.26,22591147
2015-06-23,54305.16,54329.49,54017.19,54017.19,25676482
2015-06-24,54114.21,54209.48,53863.85,54114.37,34966351
2015-06-25,54045.06,54449.16,54013.66,54141.2,40094251
2015-06-26,54072.42,54119.54,53808.87,53836.45,32798337
2015-06-29,51892.58,53093.04,51817.29,52905.49,35875742
2015-06-30,52741.47,53433.58,52737.61,53328.98,42374350
2015-07-01,53330.19,53671.33,52993.39,52993.41,31012358
2015-07-02,53049.95,53267.21,52908.03,53074.71,35544804
2015-07-03,53123.56,53175.8,52543.58,52764.91,20527980
2015-07-06,52121.44,52705.47,52121.44,52590.36,26822943
2015-07-07,52762.12,52860.95,51586.16,51586.16,39358360
2015-07-08,51504.17,51739.73,51243.99,51370.03,46768344
2015-07-09,51459.34,51658.71,51240.77,51658.71,31072533
2015-07-10,51899.91,52682.08,51899.91,52588.42,34442771
2015-07-13,52912.01,52978.62,52639.48,52773.18,34838014
2015-07-14,52802.76,52834.02,52480.21,52700.22,32308625
2015-07-15,52709.8,52782.43,52442.43,52764.78,28709311
2015-07-16,53000.14,53588.24,52946.51,53588.24,42546750
2015-07-17,53649.54,53687.9,53320.14,53428.96,28104331
2015-07-20,53389.56,53498.84,52744.66,52753.8,29871766
2015-07-21,52915.42,53056.19,52520.84,52839.41,31757465
2015-07-22,52722.94,52736.29,51635.34,51698.05,40307259
2015-07-23,51622.04,51986.22,51438.32,51986.22,35531926
2015-07-24,51909.83,52125.02,51753.07,51860.33,41997313
2015-07-27,51899.07,51899.07,51287.52,51738.86,43227095
2015-07-28,51856.62,52132.64,51828.26,51906.91,49759106
2015-07-29,52136.54,52732.92,51943.42,52288.1,52911787
2015-07-30,52495.82,52595.36,51850.93,52011.81,33726044
2015-07-31,52137.4,52750.94,51982.29,52750.94,46428758
2015-08-03,52653.31,52837.12,52579.47,52808.18,32940129
2015-08-04,52761.18,52989.92,52616.18,52941.88,54380600
2015-08-05,52908.14,53694.88,52908.14,53694.88,54933947
2015-08-06,53111.39,53111.39,52296.62,52418.07,122128154
2015-08-07,52429.35,52623.87,52271.23,52425.2,48220806
2015-08-10,52690.17,52931.39,52457.8,52931.39,36151803
2015-08-11,52943.67,53202.42,52802.39,52934.34,49065691
2015-08-12,52777.07,52777.07,52272.17,52554.93,48368531
2015-08-13,52760.22,53045.73,52760.07,52995.96,58516629
2015-08-14,53083.77,53170.17,52513.85,52566.45,56978844
2015-08-17,52597.98,52701.83,52019.34,52072.06,42284963
2015-08-18,52017.8,52138.82,51833.51,51933.37,51912712
2015-08-19,52093.29,52452.86,51980.15,52452.86,74218810
2015-08-20,52335.69,52634.79,52297.16,52508.32,62889028
2015-08-21,51919.52,52239.29,51850.61,51850.61,55791747
2015-08-24,50321.87,50334.4,48048.05,48916.6,97802132
2015-08-25,48587.14,50096.59,48521.23,49372.33,71577137
2015-08-26,49099.15,49535.56,48903.36,49318.58,59709544
2015-08-27,49931.51,50377.03,49905.34,50366.09,56586132
2015-08-28,50646.57,50972.44,50311.25,50972.44,59193665
2015-08-31,50890.28,51280.39,50735.87,51280.38,138394180
2015-09-01,50854.1,50893.38,50200.15,50292.2,54967651
2015-09-02,50343.27,50480.09,50135.97,50135.97,69711424
2015-09-03,50325.91,51003.17,50325.91,50977.06,59477664
2015-09-04,50847.52,50905.56,50506.31,50792.08,59324111
2015-09-07,51035.26,51064.2,50498.77,50498.77,43134619
2015-09-08,50630.25,50878.1,50509.11,50644.7,47397364
2015-09-09,51143.72,51282.28,50806.62,50806.62,73073997
2015-09-10,50769.5,51527.08,50769.5,51527.08,58478364
2015-09-11,51553.03,51681.05,51416.34,51519.45,71191475
2015-09-14,51375.3,51484.62,51161.03,51484.62,54310657
2015-09-15,51410,51523.79,51225.16,51484.93,76820630
2015-09-16,51573.16,51621.11,51218.68,51532.65,60725627
2015-09-17,51500.97,51880.22,51478.98,51801.58,66254455
2015-09-18,51790.8,51806.3,50966.57,51303.79,77190703
2015-09-21,51345.07,51499.93,51210.01,51499.88,40502402
2015-09-22,51533.3,51592.2,50609.81,50713.83,65134439
2015-09-23,50676.81,50777.86,50096.11,50160.5,56657270
2015-09-24,50220.81,50389.24,49471.07,49701.31,61044434
2015-09-25,49985.96,50213.98,49854.6,49935.09,46766932
2015-09-28,49888.37,49995.14,49160.95,49231.74,43034989
2015-09-29,48750.48,49360.45,48612.63,49257.71,69622100
2015-09-30,49530.32,49824.59,49318.49,49824.59,53719903
2015-10-01,50010.87,50073.74,49517.21,49593.95,49549904
2015-10-02,49670.25,49767.46,49117.34,49275.66,36793068
2015-10-05,49568.13,50407.36,49516.62,50312.86,50446125
2015-10-06,50307.94,50762.75,50198.55,50733.51,63011858
2015-10-07,50894.92,51005.27,50636.19,50961.87,54027466
2015-10-08,50779.01,51310.46,50733.97,51222.77,69825765
2015-10-09,51511.33,51749.79,51443.32,51710.74,80092936
2015-10-12,51837.74,51888.15,51411.92,51569.81,59479545
2015-10-13,51455.24,51476.99,51036.01,51310.64,60417408
2015-10-14,51111.87,51488.55,50971.94,51174.59,65361655
2015-10-15,51360.47,51632.93,51360.47,51599.62,57553560
2015-10-16,51807.6,51909.32,51391.65,51391.65,49939357
2015-10-19,51381.67,51594.67,51178.89,51264.77,42953982
2015-10-20,51193.74,51465.12,51169.05,51442.51,44728134
2015-10-21,51509.95,51542.18,51101.16,51183.06,47629171
2015-10-22,51216.9,51255.64,50919.24,51094.29,54555126
2015-10-23,51192.96,51402.78,51090.18,51157.09,48712724
2015-10-26,50787.47,51433.35,50787.47,51233.42,54241010
2015-10-27,51193.23,51290.19,51056.76,51277.72,45519269
2015-10-28,51168.93,51198.42,50940.54,51198.42,37262176
2015-10-29,51122.21,51148.41,50156.06,50262.68,49339447
2015-10-30,50287.77,50344.86,49992.51,50271.65,40282550
2015-11-02,50320.78,50706.89,50229.38,50642.89,34757596
2015-11-03,50750.34,50767.7,50349.68,50367.53,42991792
2015-11-04,50460.1,50776.76,50274.73,50466.34,56212378
2015-11-05,50392.4,50504.31,50095.48,50125.85,46145541
2015-11-06,50120.65,50155.47,49544.32,49599.29,58990939
2015-11-09,49671.72,49786.8,49197.77,49428.71,47803021
2015-11-10,49492.49,49718.38,49276.83,49538.05,55894116
2015-11-12,49714.75,49778.74,49159.12,49358.2,45862385
2015-11-13,49165.01,49285.51,48656.31,48697.1,50941751
2015-11-16,48448.78,48654.85,48252.45,48462.93,60417628
2015-11-17,48652.56,49193.85,48652.56,49119.09,56869606
2015-11-18,49101.96,49349.54,48862.75,49345.31,60601335
2015-11-19,49467.17,49533.78,49091.96,49177.74,39740937
2015-11-20,49298.4,49434.92,49198.96,49434.43,39792425
2015-11-23,49219,49219,48247.17,48597.23,61429863
2015-11-24,48631.52,48631.52,47603.61,47908.15,53658333
2015-11-25,48035.21,48222.26,47748.35,47945.27,61558122
2015-11-26,48110.58,48418.14,48061.9,48418.14,42890481
2015-11-27,48341.22,48398.54,47919.88,47996.8,37288087
2015-11-30,47976.54,48216.46,47748.3,47915.91,81912355
2015-12-01,48057.16,48267.19,47750.36,47803.6,48202486
2015-12-02,47761.45,47831,46830.2,47002.61,65791078
2015-12-03,46893.36,47288.48,46626.55,46693.09,68333527
2015-12-04,46543.7,46612.96,45349.68,46537.67,86147725
2015-12-07,46820.74,46984.87,46468.19,46510.96,63524589
2015-12-08,46433.78,46709.17,45488.85,45609,89234541
2015-12-09,45624.06,45733.66,44661.48,44670.09,106754780
2015-12-10,44824.16,45355.71,44814.25,45093.65,112577960
2015-12-11,45514.45,45602.99,44220.32,44220.32,102173270
2015-12-14,44294.52,44329.42,43724.52,43887.16,54153840
2015-12-15,44029.98,44307.89,44011.96,44304.68,51925267
2015-12-16,44454.99,45033.61,44357.46,44894.37,61481574
2015-12-17,45151.17,46087.02,45143.91,45684.05,83158266
2015-12-18,45500.83,46068.73,45474.41,45996.81,76201286
2015-12-21,45942.02,46324.25,45875.28,46247.43,47970501
2015-12-22,46304.38,46468.12,46037.29,46421.28,43253596
2015-12-23,46551.09,46649.73,46426.37,46564.08,35721223
2015-12-28,46493.65,46577.27,46386.72,46564.67,37261082
2015-12-29,46786.58,47182.23,46760.95,47042.15,38220125
2015-12-30,47101.11,47165.44,46426.75,46467.38,58799767
2016-01-04,45701.18,45701.18,45271.24,45356.65,30060498
2016-01-05,45531.14,45621.02,44906.24,45200.77,47254953
2016-01-07,44338,44518.15,44094.25,44195.91,59752874
2016-01-08,44373.03,44463.67,43586.89,43770.51,51496932
2016-01-11,43671.6,43772.17,43239.85,43241.06,53848960
2016-01-12,43543.04,44281.67,43543.04,44214.32,62848329
2016-01-13,44559.52,44905.71,44408.06,44708.04,81726785
2016-01-14,44391.18,44596.08,43981.65,44596.08,68052136
2016-01-15,44354.09,44479.75,43719.53,43719.53,67633827
2016-01-18,43155.99,43392.12,42464.6,42464.6,54240319
2016-01-19,42962.05,43204.3,42738.28,42738.28,61699825
2016-01-20,42392.13,42824.73,41964.77,42152.7,90804699
2016-01-21,42358.3,42770.38,41747.01,42180.3,72031636
2016-01-22,42636.69,43105.88,42636.69,43039.42,82373271
2016-01-25,43286.11,43344.42,42971.63,43202.95,52083112
2016-01-26,42781.33,43105.62,42711.67,42924.6,62071840
2016-01-27,42936.37,43236.46,42923.41,43236.46,56883769
2016-01-28,43232.44,43911,43232.44,43778.96,62767843
2016-01-29,44012.48,44290.05,43831.78,44290.05,71011134
2016-02-01,44257.2,44294.89,44002.51,44294.89,48891225
2016-02-02,44340.44,44343.17,43526.53,43563.88,56312332
2016-02-03,43581.47,43814.46,43427.62,43630.57,63835538
2016-02-04,43968.87,44557.64,43941.73,44557.64,63194729
2016-02-05,44608.41,44906.53,44477.49,44671.66,52815543
2016-02-08,44646.14,44700.02,43985.24,44155.15,36833475
2016-02-09,44038.76,44129.14,43631.35,44006.87,45454763
2016-02-10,44104.2,44447.59,43858.58,43858.58,49129178
2016-02-11,43801.86,43861.55,43230.24,43741.96,41578270
2016-02-12,43862.54,44168.36,43849.4,43849.4,50187339
2016-02-15,44314.5,44521.04,44239.56,44377.27,63468649
2016-02-16,44437.73,44468.29,43971.05,44288.45,52810995
2016-02-17,44322.7,45639.62,44322.7,45639.62,90611294
2016-02-18,45677.49,46278.94,45559,45834.88,68710715
2016-02-19,45693.93,45768.13,45385.24,45455.8,51557703
2016-02-22,45841.77,46272.05,45841.77,45911.56,59233698
2016-02-23,45647.66,46005.16,45545.7,45760.95,40822416
2016-02-24,45744.68,45819.1,45108.5,45192.06,38262368
2016-02-25,45385.3,45680.88,45276.37,45497.77,37427560
2016-02-26,45804.33,46043.65,45724.22,45770.44,57205144
2016-02-29,45605.45,45625.26,45210.9,45430.29,80761289
2016-03-01,45480.07,45520.54,44843.16,45344.54,66630484
2016-03-02,45622.08,45664.51,45083.11,45371.99,49235100
2016-03-03,45487.76,46448.27,45404.46,46448.27,57244270
2016-03-04,46562.2,46562.2,46202.08,46400.67,55320032
2016-03-07,46467.99,46843.48,46399.3,46843.48,50522319
2016-03-08,46620,46829.09,46387.19,46534.99,42971382
2016-03-09,46499.97,46557.26,46229.69,46482.03,42394451
2016-03-10,46473.38,47049.18,46420.92,46686.74,61167208
2016-03-11,46938.2,47267.12,46907.59,47182.13,69611023
2016-03-14,47427.54,47554.71,47100.8,47299.51,56072408
2016-03-15,47199.25,47287.2,46996.34,47114.63,61849839
2016-03-16,47212.18,47288.6,46829.51,47077.47,76328475
2016-03-17,47292.94,47937.57,47201.01,47833.39,78049006
2016-03-18,47811.47,48228.56,47771.38,48211.45,105062792
2016-03-21,48029.37,48164.67,47815.24,48051.62,51451730
2016-03-22,47956.74,48166.78,47679.88,48166.78,67727702
2016-03-23,48171.2,48306.62,47557.94,47748.48,57738744
2016-03-24,47656.19,47778.01,47353.41,47778.01,42199275
2016-03-29,47885.22,48221.62,47835.98,48135.98,50081320
2016-03-30,48380.66,48990.52,48329.95,48990.52,60382930
2016-03-31,48788.28,49017.35,48620.24,49017.35,69283748
2016-04-01,48745.62,48795.67,48241.55,48506.46,41421633
2016-04-04,48535.72,48815.8,48347.97,48815.8,33706373
2016-04-05,48569.08,48598.6,47790.29,47790.29,48020074
2016-04-06,47941,47948.6,47308.65,47352.08,43295886
2016-04-07,47589.06,47762.81,47025.11,47231.36,44093410
2016-04-08,47336.78,47556.03,47205.98,47556.03,36568235
2016-04-11,47556.88,47788.14,47373.74,47476.31,32070380
2016-04-12,47512.7,47587.82,47076.84,47351.22,33297947
2016-04-13,47698.46,48138.55,47698.46,48124.56,48540456
2016-04-14,48092.35,48333.52,47993.6,48285.21,41510907
2016-04-15,48291.55,48291.55,47879.97,48095.43,39272183
2016-04-18,47793.92,48195.06,47700.97,48195.06,38464179
2016-04-19,48401.11,48650,48345.75,48596.34,47314826
2016-04-20,48535.73,48632.8,48357.73,48632.8,62036306
2016-04-21,48830.14,48847.22,48274.69,48514.39,66843541
2016-04-22,48494.11,48545.02,48114.28,48446.39,53751069
2016-04-25,48365.58,48423.27,47970.8,48139.15,49593720
2016-04-26,48123.6,48222.64,47803.34,47914.18,53140016
2016-04-27,47866.06,48003.74,47398.13,47513.91,47027222
2016-04-28,47466.14,47664.57,47212.65,47643.7,52951244
2016-04-29,47613.78,47661.89,47344.27,47641.99,41553274
2016-05-02,47681.11,47954.08,47566.43,47720.21,16836928
2016-05-04,47457.73,47528.05,46918.77,47020.92,46268395
2016-05-05,46939.33,46948.81,46405.1,46430.16,32467261
2016-05-06,46487.6,46775.3,46228.42,46663.67,57345983
2016-05-09,46790.7,46861.92,46569.48,46628.94,41187465
2016-05-10,46649.26,46744.51,46033.12,46178.72,38491456
2016-05-11,46157.22,46242.77,45972.42,46053.07,40847470
2016-05-12,46090.27,46409.74,45969.61,46022.02,36787973
2016-05-13,46020.87,46261.22,45933.17,46063.67,27326362
2016-05-16,46463.09,46914.82,46450.95,46825.77,34884630
2016-05-17,46997.32,47143.86,46665.23,46711.75,53273517
2016-05-18,46663.77,46808.35,46410.41,46609.83,42250363
2016-05-19,46489.7,46579.81,45694.16,45751.68,42107008
2016-05-20,45770.12,45988.68,45549.91,45784.76,33584833
2016-05-23,45801.86,46103.97,45618.02,46042.23,30012548
2016-05-24,45968.72,46343.29,45916.01,46275.18,38406967
2016-05-25,46447.69,46837.08,46429.52,46695.37,44340339
2016-05-27,46733.82,46852.3,46559.82,46634.55,32284275
2016-05-30,46658.48,46662.16,46346.64,46572.23,21157931
2016-05-31,46710.74,46713.89,45844.15,45844.15,67515419
2016-06-01,45851.15,45855.95,44611.54,44700.67,54913418
2016-06-02,44659.94,44973.49,44499.31,44772.72,40522222
2016-06-03,44809.53,45524.31,44793.96,45523.93,48445950
2016-06-06,45741.08,45783.06,45251.85,45582.8,23196283
2016-06-07,45709.98,46365.69,45709.98,46365.69,39536734
2016-06-08,46263.25,46693.34,45978.31,46551.54,40580297
2016-06-09,46520.31,46543.23,45928.98,45940.12,33551768
2016-06-10,46002.11,46002.11,45253.03,45348.2,30768676
2016-06-13,44965.76,45142.43,44716.3,45117.85,28990672
2016-06-14,45007.47,45014.04,44459.23,44729.08,35624523
2016-06-15,44874.83,44987.01,44741.49,44916.52,38284625
2016-06-16,44438.79,44486.44,43828.13,44007.81,63427569
2016-06-17,44242.42,44694.89,44230.53,44606.86,60781699
2016-06-20,45001.12,45430.36,44964.07,45344.03,33302233
2016-06-21,45197.91,45782.01,45197.91,45782.01,41320930
2016-06-22,45853.19,46229.57,45619.66,46196.74,43697234
2016-06-23,46133.06,46826.85,46039.95,46826.85,40875771
2016-06-24,43079.47,44773.75,42812.99,44773.75,77108256
2016-06-27,44662.18,44691.48,44045.53,44045.53,43032760
2016-06-28,44507.9,44741.82,44388.16,44613.59,72286772
2016-06-29,44835.96,44897.75,44574.73,44807.16,50662185
2016-06-30,44735.14,44800.29,44490.12,44748.53,54489885
2016-07-01,44973.52,45028.11,44485.09,44754.05,32766717
2016-07-04,44316.43,44409.69,43872.21,44294.15,37528515
2016-07-05,44344.85,44422.31,44117.31,44118.09,29185712
2016-07-06,44074.59,44159.23,43534.02,43549.58,47036890
2016-07-07,43790.36,44273.56,43778.8,44077.16,44728007
2016-07-08,44151.71,44320.11,44024.66,44024.66,32048913
2016-07-11,44490.94,44875.62,44490.94,44875.62,37830188
2016-07-12,44985.3,45260.79,44952.51,45140.51,45814356
2016-07-13,45160.39,45310.02,44837.76,45017.78,51847736
2016-07-14,45197.13,45246.26,44951.37,45246.26,41605707
2016-07-15,45243.97,45660.97,45220.3,45540.6,43276993
2016-07-18,45741.46,46162.79,45713.13,46118.19,34532765
2016-07-19,46226.05,46251.65,45958.4,46251.65,32103442
2016-07-20,46414.89,46504.82,46165.3,46504.82,33760277
2016-07-21,46487.36,46639.17,46366.07,46639.17,35543400
2016-07-22,46513.8,46638.15,46298.03,46541.69,33567596
2016-07-25,46781.98,47069.57,46781.98,47026.01,32594757
2016-07-26,46997.25,47003.64,46736.58,46905.6,37679646
2016-07-27,46818.98,46875.93,46565.2,46803.82,46758865
2016-07-28,46780.65,46815.11,46599.72,46718.98,40754669
2016-07-29,46754.14,46754.14,46104.84,46171.72,52689702
2016-08-01,46328.4,46499.32,46052.49,46221.38,33395282
2016-08-02,46700.67,47273.66,46540.18,47031.7,138314554
2016-08-03,47095.32,47143.85,46701.79,46762.24,53899507
2016-08-04,46931.66,47407.09,46881.97,47407.09,47662191
2016-08-05,47451.97,47634.1,47310.67,47604.22,32670011
2016-08-08,47701.25,47935.86,47701.25,47910.99,30765056
2016-08-09,47919.88,48301.34,47712.78,48260.19,40408937
2016-08-10,48218.19,48400.99,48109.81,48400.99,42934138
2016-08-11,48445.06,48675.96,48282.04,48675.96,48258627
2016-08-12,48660.74,48776.53,48559.68,48631.44,45773635
2016-08-16,48605.94,48646.21,48376.17,48463.51,43420251
2016-08-17,48450.02,48466.65,47920.61,48006.75,43789056
2016-08-18,48003.25,48113.24,47686.81,47967.07,39925313
2016-08-19,48055.68,48074.18,47489.01,47536.72,50034486
2016-08-22,47513.29,47751.24,47475.27,47619.49,46633019
2016-08-23,47501.33,47671.1,47282.2,47524.92,55052963
2016-08-24,47376.54,47541.92,47220.32,47478.83,47100475
2016-08-25,47535.17,47535.17,47288.23,47464.07,61970861
2016-08-26,47377.37,47541.63,47343.22,47456.36,48569078
2016-08-29,47371.62,47527.08,47308.94,47427.99,29663142
2016-08-30,47442.34,47990.73,47375.81,47989.59,48832282
2016-08-31,47946.59,47993.46,47807.5,47935.1,53855929
2016-09-01,48045.86,48123.6,47157.85,47221.32,61752071
2016-09-02,47187.63,47413.95,47121.34,47405.71,44174917
2016-09-05,47494.31,48052.05,47494.31,47980.57,48015936
2016-09-06,48140.1,48218.25,47721.81,48081.09,49737419
2016-09-07,48232.99,48570.06,48232.99,48478.28,51665190
2016-09-08,48533.07,48636.67,48083.9,48129.15,46085844
2016-09-09,48062.45,48121.71,47304.12,47326.14,40837070
2016-09-12,46904.26,47046.26,46321.24,46756.18,43849545
2016-09-13,46951.94,47099.59,46599.79,46797.85,47771809
2016-09-14,46911.63,47069.79,46780.88,46988.55,31111198
2016-09-15,47067.56,47221.3,47027.43,47198.39,33507136
2016-09-16,47254.48,47294.31,47018.53,47166.67,63147219
2016-09-19,47345.25,47649.61,47311.28,47405.08,34087693
2016-09-20,47323.45,47528.84,47266.99,47528.84,36548575
2016-09-21,47569.98,47660.82,47513.57,47625.23,47824498
2016-09-22,47854.67,48154.88,47589.6,48154.88,82105873
2016-09-23,48091.47,48091.47,47580.02,47865.78,45722846
2016-09-26,47641.42,47641.42,47226.31,47448.1,38112243
2016-09-27,47458.49,47496.49,46930.43,47278.65,47041438
2016-09-28,47310.88,47428.93,47118.15,47317.71,44618582
2016-09-29,47554.4,47644.51,47203.89,47494.62,46798526
2016-09-30,47208.49,47446.57,47084.94,47084.94,53946578
2016-10-03,47169.38,47438.24,47106.19,47399.32,32210922
2016-10-04,47524.09,47976.57,47505.51,47900.66,51456041
2016-10-05,47927.81,48141.42,47722.85,48017.65,50173107
2016-10-06,48006.01,48058.5,47808.74,48014.44,42774330
2016-10-07,48046.12,48047.43,47762.81,47762.81,39542355
2016-10-10,47929.53,48093.71,47825.88,48027.79,27664100
2016-10-11,48142.35,48147.94,47848.29,47912.93,43977701
2016-10-12,47793.73,47924.95,47613.78,47924.95,43167780
2016-10-13,47765.2,47777.92,47303.15,47303.15,54330748
2016-10-14,47459.6,47586.17,47285.64,47285.64,40052169
2016-10-17,47260.82,47496.27,47184.85,47264.17,37316147
2016-10-18,47444.67,47607.25,47223.45,47436.67,49230103
2016-10-19,47490.61,47962.24,47432.08,47876.12,62399683
2016-10-20,48091.7,48096.61,47879.33,47894.17,41077729
2016-10-21,47973.79,48138.27,47869.28,47931.14,43107747
2016-10-24,48034.72,48542.29,48034.72,48508.91,39288998
2016-10-25,48591.7,48825.19,48434.48,48459.91,49549734
2016-10-26,48454.46,48582.6,48202.96,48381.29,41830435
2016-10-27,48384.67,48651.53,48347.43,48651.28,51225074
2016-10-28,48600.95,49070.85,48484.08,49070.85,42191330
2016-10-31,49024.6,49331.67,48997.06,49158.8,39128622
2016-11-02,48853.57,48853.57,47769.92,47899.1,59794239
2016-11-03,47902.88,48046.87,47752.07,47899.61,53247133
2016-11-04,47784.47,47828.92,47564.61,47610.85,31815595
2016-11-07,48179.18,48218.56,47597.96,47716.02,39341587
2016-11-08,47906.12,48127.63,47906.12,48127.63,37408084
2016-11-09,47208.3,48214.73,47208.3,48214.73,45980943
2016-11-10,48720.62,49129.58,48447.59,48447.59,62294275
2016-11-14,48626.04,48626.04,47539.85,47539.85,55279678
2016-11-15,47598.31,47788.62,47387.18,47579.82,53549992
2016-11-16,47725.58,47805.83,47489.85,47634.64,54348962
2016-11-17,47763.53,47791.13,47231.14,47274.21,38793929
2016-11-18,46966.77,47109.64,46674.28,46910.91,38614489
2016-11-21,47147.41,47512.34,47021.01,47512.34,54326657
2016-11-22,47838.77,48030.18,47838.77,48030.14,42041652
2016-11-23,48117.17,48540.67,47992.32,48540.67,49325446
2016-11-24,48656.65,48890.18,48565.33,48824.83,36487311
2016-11-25,48906.9,48942.71,48381.92,48579.08,49796551
2016-11-28,48602.54,48643.34,48167.07,48231.47,39127581
2016-11-29,48300.04,48381.88,48049.4,48199.38,46087856
2016-11-30,48304.23,48770.26,48250.88,48618.64,110287318
2016-12-01,48696.12,48696.12,48342.54,48404.21,45357218
2016-12-02,48399.33,48552.51,48360.11,48474.03,42208939
2016-12-05,48732.15,49647.48,48709.2,49647.48,38241227
2016-12-06,49733.41,50276.6,49618.9,50269.7,54094396
2016-12-07,50350.99,50605.98,50218.84,50380.35,79344877
2016-12-08,50623.33,51125.97,50309.54,51123.43,81952698
2016-12-09,51041.72,51100.06,50551.39,50693.75,59533133
2016-12-12,50779.39,50779.39,50247.69,50411.42,45550944
2016-12-13,50463.54,51152.49,50460.4,51139.37,65681956
2016-12-14,51064.67,51380.01,50919.34,51357.8,63593360
2016-12-15,51257.75,51302.41,50823.81,50881.35,43399580
2016-12-16,50982.38,51311.75,50733.89,51115.26,80278726
2016-12-19,50943.74,51212.91,50617.18,51129.31,46626174
2016-12-20,51294.59,51576.22,51275.62,51485.36,57733671
2016-12-21,51550.41,51699.67,51153.47,51223.85,48212406
2016-12-22,51145.03,51423.71,50859.75,51423.71,43088580
2016-12-23,51527.27,51609.71,51133.32,51295.58,27099162
2016-12-27,51314.38,51394.96,51225.76,51368.63,24338738
2016-12-28,51378.58,51548.35,51127.38,51329.77,38872933
2016-12-29,51334.68,51703.91,51333.97,51703.91,30899688
2016-12-30,51769.2,51921.03,51719.29,51754.03,34771319
2017-01-02,51743.43,52008.37,51608.44,51907.77,19547441
2017-01-03,52040.34,52532.35,52040.34,52532.35,51517729
2017-01-04,52670.78,52773.31,52436.34,52753.84,51569792
2017-01-05,52664.38,52842.55,52526.41,52721.67,50058969
2017-01-09,52783.13,53006.63,52594.43,53006.63,46439298
2017-01-10,53095.46,53571.02,53092.96,53409.72,58347692
2017-01-11,53515.63,53716.86,53276.9,53709.33,63003458
2017-01-12,53690.48,53989.49,53493.73,53650.94,66470547
2017-01-13,53707.82,53715.49,53301.85,53498.26,50573389
2017-01-16,53421.67,53847.63,53276.06,53706.41,42614340
2017-01-17,53716.09,53745.79,53497.76,53582.55,44183338
2017-01-18,53737.19,53737.46,53416.41,53431.86,62302759
2017-01-19,53505.27,53739.74,53480.75,53654.99,46901144
2017-01-20,53591.25,53865.85,53535.35,53573.28,47361849
2017-01-23,53502.33,53718.95,53401.87,53425.2,37986610
2017-01-24,53544.6,53988.51,53389.9,53988.51,50098193
2017-01-25,54273.33,55494.48,54273.33,55484.56,65951198
2017-01-26,55802.64,55929.47,55488.43,55560.23,95824617
2017-01-27,55615.55,55704.3,55258.17,55657.7,56092674
2017-01-30,55651.36,55772.15,55043.41,55060.44,43892086
2017-01-31,55104.36,55523.66,55008.13,55232.32,49222521
2017-02-01,55603.28,55854.57,55538.12,55651.75,46825631
2017-02-02,55633.43,55679.11,55236.4,55303.11,39907553
2017-02-03,55296.4,55456.67,55194.67,55408.23,40529773
2017-02-06,55456.89,55843.85,55359.11,55654.52,44288288
2017-02-07,55606.83,55758.32,55457.09,55617.09,38230222
2017-02-08,55665.5,55665.5,55397.51,55642.64,53461607
2017-02-09,55902.82,56869.97,55879.1,56785.52,69197626
2017-02-10,57193.08,57435.24,57193.08,57385.03,99114953
2017-02-13,57658.42,57952.75,57497.37,57857.85,84038540
2017-02-14,57905.43,57911.36,57535.61,57728.1,91808804
2017-02-15,57850.31,58058.19,57520.37,57899.25,73388307
2017-02-16,57964.09,58736.23,57810.91,58610.28,84510333
2017-02-17,58577.41,58656.02,57909.53,57972.68,57607247
2017-02-20,58168.72,58262.6,58001.32,58120.83,38239971
2017-02-21,58191.47,59331.91,58182.76,59331.91,57826072
2017-02-22,59493.11,59641.6,59101.65,59451.12,57480897
2017-02-23,59457.13,59844.93,59298.69,59583.89,71315371
2017-02-24,59505.11,59541.69,58444.25,58657.32,70723816
2017-02-27,58751.19,58905.87,58402.04,58681.67,54312021
2017-02-28,58775.09,58775.09,58170.94,58300.37,67220935
2017-03-01,58679.1,59683.33,58679.1,59646.29,87220421
2017-03-02,59808.87,60021.25,59494.78,59743.64,90442877
2017-03-03,59376.19,59596.19,59257.69,59313.38,90389611
2017-03-06,59277.34,59434.57,58900.77,58995.74,89336209
2017-03-07,58944.36,58996.42,58463.92,58530.07,109704282
2017-03-08,58464.95,58657.87,58231.99,58559.14,88653635
2017-03-09,58520.78,58557.28,57558.86,57986.6,76996267
2017-03-10,58219.36,58752.05,58219.36,58316.11,62035891
2017-03-13,58549.24,59322.58,58479.54,59322.58,71809731
2017-03-14,59455.26,59484.67,59060.29,59301.32,73820468
2017-03-15,59464.94,59524.78,59109.17,59109.17,78269273
2017-03-16,59833.12,60279.57,59791.28,60247.18,77533356
2017-03-17,60341.68,60631.65,60316.5,60440.57,94312959
2017-03-20,60413.36,60413.36,59871.73,60151.62,53972552
2017-03-21,60275.71,60511.03,59248.53,59452.75,82059333
2017-03-22,58839.55,58847.68,58313.36,58749.94,77854321
2017-03-23,58686.13,59122.18,58625.27,59093.68,77333668
2017-03-24,59135.27,59241.56,58836.61,59069.56,48386906
2017-03-27,58397.48,58515.47,58075.29,58338.9,40096619
2017-03-28,58646.57,58938.76,58541.15,58938.76,54693891
2017-03-29,59296.03,59375.3,58477.66,58709.72,71763993
2017-03-30,58768.13,58837.93,58154.21,58527.2,61022901
2017-03-31,58403.28,58461.71,57911.31,57911.31,53788903
2017-04-03,58258.3,58706.33,58166.29,58636.31,45923701
2017-04-04,58540.42,59092.16,58540.42,59015.12,48226474
2017-04-05,59276.61,59498.05,59015.25,59369.66,54343119
2017-04-06,58915.81,59406.36,58896.7,59406.36,52939627
2017-04-07,59190.62,59422.26,59017.52,59287.92,43207096
2017-04-10,59321.52,59388.02,59112.38,59112.38,44282615
2017-04-11,59069.6,59194.42,58295.12,58510.03,50564340
2017-04-12,58552.46,58880.54,58377.92,58377.92,49555978
2017-04-13,58478.13,58765.28,58429.87,58695.36,49467937
2017-04-18,58939.48,59223.25,58694.68,58762.99,50349193
2017-04-19,58968.54,59534.8,58888.27,59515.17,69102667
2017-04-20,59551.16,59805.49,59368.93,59700.07,60147423
2017-04-21,59834.29,59991.53,59174.6,59285.57,72535532
2017-04-24,59915.05,60100.71,59765.38,60061.41,51126467
2017-04-25,60286.3,61182.93,60225.75,61182.78,79408502
2017-04-26,61229.86,61699.64,60889.62,61699.64,86628490
2017-04-27,61513.45,61903.49,61451.5,61731.8,80664067
2017-04-28,61728.61,62039.43,61479.99,61644.56,82710908
2017-05-02,61932.93,62214.81,61871.01,62066.66,41829167
2017-05-04,62001.82,62666.49,61517.76,61862.8,76899234
2017-05-05,61503.49,61887.45,61227.82,61831.4,48285228
2017-05-08,62001.06,62084.88,61422.04,61687.05,71849798
2017-05-09,61849.69,62344.78,61768.37,62336.39,101355693
2017-05-10,62365.57,62482.29,61681.43,61839.91,67637039
2017-05-11,62175.26,62396.38,61474.55,61598.78,90369103
2017-05-12,61656.71,61724.06,61431.71,61595.38,54062641
2017-05-15,61975.93,61975.93,61541.08,61795.32,43915320
2017-05-16,61695.97,61889.3,60814,61000.25,59095664
2017-05-17,60563.94,60855.6,60120.6,60133.08,68886233
2017-05-18,60096.02,60247.45,59143.38,59901.12,58555947
2017-05-19,60010.48,60836.69,59853.35,60739.95,59773775
2017-05-22,60923.81,61131.55,60367,61024.86,50769409
2017-05-23,60867.96,61021.67,60316.76,60407.7,44096928
2017-05-24,60333.57,60812.49,60155.31,60812.49,51505619
2017-05-25,61452.84,61602.24,61186.74,61536.22,56602725
2017-05-26,61457.82,61457.82,60897.81,60907.75,33691151
2017-05-29,60918.1,60983,60637,60859.28,23423343
2017-05-30,60647.59,60701.15,60185.89,60344.58,39963534
2017-05-31,60383.95,60723.23,60057.91,60092.07,85645990
2017-06-01,60286.68,60333.13,59881.34,60181.96,48645372
2017-06-02,60587.95,60754.42,60498.41,60754.42,42165761
2017-06-05,60768.63,60772.99,60113.92,60179.36,34017985
2017-06-06,59859.02,60762.95,59859.02,60723.47,43334959
2017-06-07,60826.37,61120.42,60752.25,60752.25,57955033
2017-06-08,60865.92,61332.54,60615.95,61312.68,48975385
2017-06-09,61371.26,61631.76,61157.96,61181.57,38146419
2017-06-12,61044.81,61113.58,60211.28,60354.56,35060207
2017-06-13,60380.04,60592.39,60173.4,60518.24,29468172
2017-06-14,60577.25,60646.64,60213.79,60381.07,43555930
2017-06-16,60295.94,60654.35,60295.94,60481.07,50227906
2017-06-19,60833.96,61122.9,60815.8,61048.15,42655921
2017-06-20,61188.34,61224.43,60711.52,60841.94,32151894
2017-06-21,60721.7,61162.22,60389.37,61162.22,43381005
2017-06-22,61070.9,61258.94,60864.43,60987.33,32724456
2017-06-23,61006.11,61192.48,60928.93,60982.19,33487189
2017-06-26,61386.3,61895.83,61386.3,61701.57,34751962
2017-06-27,61727.72,62096.24,61639.35,61915.09,48970622
2017-06-28,61657.02,61729.22,61324.5,61411.73,37798520
2017-06-29,61741.72,61853.73,61162.97,61475.96,31396845
2017-06-30,61398.76,61398.76,60910.57,61018.36,40215740
2017-07-03,61126.43,61392.77,61023.06,61392.77,24616208
2017-07-04,61150.26,61152.13,60728.12,60728.12,24659388
2017-07-05,60901.26,60947.25,60758.74,60936.64,31223220
2017-07-06,60934.04,61256.79,60645.26,60869.83,24973066
2017-07-07,60913.45,60948.06,60681.7,60707.52,22649856
2017-07-10,61047.43,61100.45,60619.69,60829.24,21589034
2017-07-11,60975.05,61050.9,60673.21,60700.46,27251845
2017-07-12,60815.56,61601.72,60815.56,61601.72,47172330
2017-07-13,61707.26,62018.68,61670.58,62018.68,51446453
2017-07-14,62033.85,62127.72,61763.81,62127.72,36102407
2017-07-17,62342.01,62671.52,62289.97,62537.74,32970553
2017-07-18,62588.02,62761.44,62241.91,62331.5,33766876
2017-07-19,62499.37,62629.3,62281.49,62533.46,37050057
2017-07-20,62769.82,62853.78,62218.93,62269.72,44072196
2017-07-21,62336.77,62493.58,61936.46,61979.52,35507040
2017-07-24,61969.02,61992.63,61722.32,61828.39,28633360
2017-07-25,62040.82,62043.65,61748.96,61974.7,44463673
2017-07-26,62175.66,62377.47,62140.76,62362.29,34471427
2017-07-27,62403.6,62428.92,62023.78,62171.7,39419496
2017-07-28,62004.75,62367.59,61778.14,62366.5,53612787
2017-07-31,62329.92,62801.08,62329.92,62595.76,46418529
2017-08-01,62691.86,62800.96,62452.04,62800.96,41574662
2017-08-02,62927.15,63026.98,62354.41,62409.52,53547170
2017-08-03,62285.68,62465.63,62126.24,62231.08,53586891
2017-08-04,62357.71,62572.13,62331.8,62478.3,49928884
2017-08-07,62643.36,62700.1,62478.45,62684.88,35929538
2017-08-08,62709.59,63351.24,62642.34,63351.24,122310947
2017-08-09,63239.19,63253.68,62622.41,62932.28,77867864
2017-08-10,62859.8,63013.95,62399.31,62451.57,65564990
2017-08-11,62170.1,62296.18,62029.51,62206.45,75991234
2017-08-14,62487.01,62500.87,62257.9,62313.07,71338252
2017-08-16,62377.76,62820.37,62377.76,62481.19,74121906
2017-08-17,62445.79,62488.19,61949.4,61949.4,64418956
2017-08-18,61806.35,62053.31,61675.81,62053.31,63101356
2017-08-21,62117.45,62423.94,61939.41,62423.94,77280220
2017-08-22,62525.79,62795.99,62421.41,62649.41,78962617
2017-08-23,62714.48,62812.15,62366.05,62699.83,88076728
2017-08-24,62806.13,63886.54,62806.13,63886.54,105230582
2017-08-25,64153.45,64285.57,63909.32,64135.52,54642349
2017-08-28,64202.62,65191.96,64075.19,65170.56,59841538
2017-08-29,64973.73,65033.53,64026.15,64388.43,61822997
2017-08-30,64759.32,65108.41,64541.28,64957.87,58992194
2017-08-31,65042.53,65204.27,64645.61,64973.76,62042996
2017-09-01,64972.34,65244.55,64825.45,65208.48,47794135
2017-09-04,64862.18,65159.57,64824.55,65038.75,34861153
2017-09-05,65191.33,65611.21,64898.15,64994.9,42893317
2017-09-06,64991.17,65145.31,64644.81,64768.25,40926191
2017-09-07,64750.05,65028.58,64205.91,64381.87,58903822
2017-09-08,64257.67,64592.47,64194.58,64306.53,61091770
2017-09-11,64496.56,65080.71,64496.56,64876.56,43021474
2017-09-12,65104.79,65365.3,64685.21,64826.07,44184198
2017-09-13,64853.12,65141.23,64719.8,64719.8,47391572
2017-09-14,64790.65,64890.83,64595.14,64748.47,46130604
2017-09-15,64796.93,64897.64,64434.74,64535.67,87963916
2017-09-18,64949.24,65100.09,64536.82,64647.04,52359840
2017-09-19,64670.39,64833.31,64634.38,64750.09,55306325
2017-09-20,64872.62,65071.91,64410.26,64749.5,51906447
2017-09-21,64683.93,64755.51,64108.69,64209.19,45887105
2017-09-22,64107.72,64397.32,63982.64,64397.32,41987952
2017-09-25,64380.73,64481.9,63895.84,63895.84,39402238
2017-09-26,63918.62,64038.53,63527.13,63700.76,38905438
2017-09-27,63869.4,63949.35,63498.26,63573.49,35037595
2017-09-28,63740.06,63868.16,63567.19,63729.77,48713101
2017-09-29,63986.72,64368.44,63912.94,64289.69,49889561
2017-10-02,64552.98,64725.11,64232.12,64486.26,46458260
2017-10-03,64590.28,64851.05,64362.69,64407.81,45890168
2017-10-04,64545.55,64766.76,63798.8,63825.7,45066373
2017-10-05,63915.58,64268.86,63731.65,64185.71,35225793
2017-10-06,64282.11,64588.36,64192,64456.06,47916694
2017-10-09,64530.3,64761.83,64427.37,64755.22,29802084
2017-10-10,65043.1,65089.97,64856.78,65046.57,50802486
2017-10-11,65221.96,65849.01,65106.93,65733.79,76642501
2017-10-12,65971.89,66053.82,65529.1,65529.1,61839816
2017-10-13,65636.25,65686.88,65318.72,65318.72,35179827
2017-10-16,65647.53,65679.23,65381.02,65435.72,35820571
2017-10-17,65416.9,65478.28,64854.15,64854.15,42521363
2017-10-18,64979.14,65097.06,64474.44,64474.44,46607881
2017-10-19,64278.97,64488.27,63682.15,63745,43062407
2017-10-20,63952.15,64069.36,63549.75,63719.57,47633240
2017-10-23,63760.49,64054.71,63611.71,63714.74,35575424
2017-10-24,63751.25,63751.25,62997.92,63016.86,50245756
2017-10-25,62968.85,63348.77,62968.85,63158.16,47963721
2017-10-26,63323.61,63430.29,63050.52,63342.71,55383995
2017-10-27,63425.82,64097.97,63425.82,64054.62,96782356
2017-10-30,64199.28,64661.93,64199.28,64640.8,48396402
2017-10-31,64630.22,64866.57,64429.99,64866.57,45246522
2017-11-02,65020.01,65050.67,64281.98,64375.83,40514430
2017-11-03,64428.25,64548.56,64033.16,64214.11,37992064
2017-11-06,64407.62,64656.2,64009.61,64565.59,39018762
2017-11-07,64803.09,65633.77,64761.19,65134.28,57893243
2017-11-08,65293.14,65331.53,64591.53,64617.71,48025991
2017-11-09,64595.9,64616.57,63654.58,63923.62,44250373
2017-11-10,63784.23,63973.28,63415.6,63415.6,47198100
2017-11-13,63488.52,63614.68,62898.79,63160.3,59657735
2017-11-14,63503.77,63618.95,62999.89,63256.2,45115281
2017-11-15,63115.72,63118.1,62214.08,62345.85,39430677
2017-11-16,62666.43,62735.72,62245.21,62299.29,45732567
2017-11-17,62410.94,63059.59,62410.94,63047.02,35718638
2017-11-20,62954.94,63621.92,62914.48,63621.92,31880489
2017-11-21,63723.84,64112.39,63560.45,64010.67,45330204
2017-11-22,63858.47,64074.39,63658.52,63993.34,58048422
2017-11-23,63769.34,64423.02,63703.19,64207.77,35323868
2017-11-24,64326.89,64513.76,63807.21,63857.97,38592415
2017-11-27,63815.68,64266.68,63744.65,64177.91,54658977
2017-11-28,64093.83,64178.16,63750.59,63961.27,45150522
2017-11-29,64223.39,64322.74,62962.26,62962.26,54730140
2017-11-30,62896.81,63126.49,62440.31,62440.31,99458754
2017-12-01,62683.89,62829.7,61807.87,62031.02,42173463
2017-12-04,62186.66,62719.03,61631.16,62350.23,34696232
2017-12-05,62257.29,62753,62244.91,62507.04,36580222
2017-12-06,62113.01,62297.72,61927.8,62165.24,46805334
2017-12-07,62210.34,62552.59,61880.11,62164.65,46937969
2017-12-08,62568.13,62769.97,62208.7,62430.24,63818545
2017-12-11,62578.24,62590.21,61862.28,62000.65,34398119
2017-12-12,61945.55,62532.46,61796.27,62532.46,45878171
2017-12-13,62511.96,62641.28,62343.56,62547.97,40299902
2017-12-14,62498.81,62945.35,62482.59,62916.39,47664105
2017-12-15,62702.76,62830.33,62334.54,62619.6,69717206
2017-12-18,62855.59,63538.95,62855.59,63538.95,42854897
2017-12-19,63493.65,63761.1,63361.94,63406.04,46220579
2017-12-20,63558.61,63632.22,63222.39,63355.53,45704595
2017-12-21,63367.88,63477.25,63157.84,63477.25,44895839
2017-12-22,63490.46,63548.74,63234.49,63237.38,49168299
2017-12-27,63360.77,63919.16,63340.78,63918.87,72594297
2017-12-28,63915.96,64069.86,63696.78,64053.47,49892929
2017-12-29,63955.87,64041.35,63532.92,63746.2,40775216
2018-01-03,63988.33,64143.97,63269.89,63896.32,36237680
2018-01-04,64253.01,65327.83,64253.01,65297.96,57752692
2018-01-05,65280.13,65436.29,65051.07,65314.32,46716640
2018-01-08,65520.15,65806.03,65382.84,65805.97,39669836
2018-01-09,65906.05,65957.09,65244.12,65404.37,47296288
2018-01-10,65394.51,65394.51,64647.89,64884.73,38438472
2018-01-11,64942.04,65379.88,64724.79,65379.88,44282895
2018-01-12,65605.4,65697.37,65230.09,65465.65,33584054
2018-01-15,65528.36,65626.31,65198.89,65503.35,23756917
2018-01-16,65553.09,66608.8,65301.29,66437.64,50503772
2018-01-17,66405.55,66748.42,66369.44,66685.33,38297024
2018-01-18,66874.01,66960.63,66678.37,66709.12,36335983
2018-01-19,66847.71,66905.05,66660.01,66897.08,32603755
2018-01-22,67005.37,67308.69,66856.03,67308.69,31266906
2018-01-23,67607.05,67933.05,67116.26,67529.39,47804540
2018-01-24,67445.41,67445.41,67044.7,67339.21,34861869
2018-01-25,67108.25,67181.57,66537.12,66561.79,36385233
2018-01-26,66700.63,66861.37,66598.85,66861.37,36927777
2018-01-29,67031.49,67036.35,66524.78,66769.38,43058213
2018-01-30,66484.39,66489.37,65903.2,66153.16,40262490
2018-01-31,66177.15,66416.6,66041.56,66048.17,38689698
2018-02-01,66221.11,66524.54,65074.57,65585.79,39952179
2018-02-02,65426.58,65482.94,64920.33,65021.36,30755828
2018-02-05,64413.59,64781.73,64387.49,64685.64,32900813
2018-02-06,63197.07,63197.07,62141.27,62527.37,66479112
2018-02-07,62916.54,63262.13,62790.01,63262.13,42895803
2018-02-08,63174.2,63361.76,62604.89,62604.89,40820842
2018-02-09,62014.75,62462.42,61779.84,61952.62,50727210
2018-02-12,62552.39,62901.91,62523.21,62602.34,27481527
2018-02-13,62808.64,63008.51,62707.06,63008.51,32897976
2018-02-14,63231.77,63500.92,62822.61,63500.92,34244028
2018-02-15,63915.52,64042.13,63078.16,63078.16,30460963
2018-02-16,63428.66,63471.9,62545.91,62818.71,33265484
2018-02-19,62884.53,63061.49,62633.59,62803.65,20382450
2018-02-20,62684.37,62907.95,62447.08,62858.56,21367522
2018-02-21,62725.25,62777.44,62353.25,62603.25,32534909
2018-02-22,62233.82,62741.73,61838.93,62717.27,42983350
2018-02-23,63001.82,63008.85,62396,62665.06,29307054
2018-02-26,63025.31,63086.8,62544.71,62659.44,27100015
2018-02-27,62976.25,63028.11,62666.14,62928.22,38880689
2018-02-28,62606.84,62606.84,61686.93,61703.18,50912383
2018-03-01,61586.44,61679.69,60650.7,61116.96,44745177
2018-03-02,60731.2,61014.72,60360.82,60580.36,36893107
2018-03-05,60308.56,60854.63,60272.64,60854.63,27792342
2018-03-06,61206.74,61208.5,60963.36,61118.06,33256554
2018-03-07,60798.69,61670.85,60697.03,61635.69,39080532
2018-03-08,61708.98,61711.68,60931.98,61036.99,33077441
2018-03-09,61073.26,61688.08,60463.69,61688.08,34431284
2018-03-12,61986.42,62241.93,61810.98,62241.93,33497085
2018-03-13,62193.99,62264.72,61664.66,61740.09,41837558
2018-03-14,61731.29,61752.01,61312.5,61399.9,45952003
2018-03-15,61606.32,61719.75,61070.73,61156.91,34442855
2018-03-16,61127.34,61127.54,60275.66,60391.42,81021699
2018-03-19,60459.41,60501.6,59581.19,59596.35,30902849
2018-03-20,59577.21,60067.51,59290.76,59959.9,36939175
2018-03-21,59996.4,60939.18,59977.93,60932.26,41076002
2018-03-22,60734.8,61099.86,59784.64,59862.55,42632166
2018-03-23,59271.85,59551.36,58973.77,59436.36,35024338
2018-03-26,59524.67,59637.51,58965.53,58965.53,28329575
2018-03-27,59686.94,59838.11,59071.84,59077.72,32988309
2018-03-28,58832.79,58858.1,57947.92,58176.39,50366552
2018-03-29,58520.39,58678.74,58353,58377.42,37368481
2018-04-03,58375.85,59129.84,58173.3,58902.2,35305911
2018-04-04,58848.83,58897.63,58230.62,58354.95,38772658
2018-04-05,58945.33,59293.02,58918.9,59244.04,31907083
2018-04-06,59196.07,59689.95,58996.75,59553.13,32222320
2018-04-09,59685.88,60145.28,59366.32,59699.72,35800404
2018-04-10,60074.63,60074.63,59545.47,59860.3,44140690
2018-04-11,59835.08,60140.21,59452.61,59740.56,40072283
2018-04-12,59701.79,60437.33,59692.31,60393.23,37570893
2018-04-13,60600.47,60687.23,60344.86,60477.53,38534011
2018-04-16,60521.7,60536.84,60084.78,60264.16,23708499
2018-04-17,60420.32,60434.76,60046.7,60294.06,27149788
2018-04-18,60337.33,60517.08,60091.36,60517.08,31561854
2018-04-19,60475.07,61008.88,60410.64,60629.81,29456850
2018-04-20,60600.76,60819.23,60144.37,60144.37,36173998
2018-04-23,60121.5,60303.01,59952.53,59952.53,28612462
2018-04-24,60181.79,60407.3,59485.35,59485.35,38658512
2018-04-25,59466.97,59611.04,59137.82,59243.55,52406749
2018-04-26,59168.64,59674.34,59168.64,59628.04,52082588
2018-04-27,59709.76,59831.89,59383.59,59567.47,47099648
2018-04-30,59614.39,60022.82,59596.63,59932.46,33967097
2018-05-02,59953.59,60219.19,59794.09,60066.46,31718539
2018-05-04,59745.59,59840.3,58752.27,58883.65,33871318
2018-05-07,59050.63,59243.76,58524.73,58596.43,29059137
2018-05-08,58723.98,58869,58405.34,58869,47564267
2018-05-09,58919.96,59726.71,58910.75,59691.85,45108472
2018-05-10,60009.26,60227.97,59684.18,60091.26,47349079
2018-05-11,60120.25,60784.11,60072.62,60784.11,36062605
2018-05-14,60824.25,60874.54,60426.78,60738.69,34103390
2018-05-15,60521.58,60523.22,59674.37,59723.95,56105637
2018-05-16,59778.44,59794.93,59358.87,59791.27,44445860
2018-05-17,59556.8,59769.97,59236.6,59337.27,39195853
2018-05-18,59319.69,59546.78,58622.75,58740.33,43144262
2018-05-21,58877.41,59444.82,58849.8,59335.68,29350685
2018-05-22,59305.88,59347.39,58752.36,59015.14,35825419
2018-05-23,58818.92,58839.47,57906.84,58033.72,47479655
2018-05-24,58152.32,58672.51,58021.42,58189.49,58259141
2018-05-25,58311.05,58394.09,57865.85,58233.23,51359513
2018-05-28,58203.34,58575.95,58052.74,58330.15,42770689
2018-05-29,58128.61,58180.48,57230.22,57871.23,61333145
2018-05-30,57564.95,57629.71,57043.6,57282.73,195552339
2018-06-01,57295.48,57890.11,56946.82,57890.11,42355358
2018-06-04,58158.72,58367.85,58035.51,58206.49,46430697
2018-06-05,58239.05,59089.6,57983.15,59089.6,40898101
2018-06-06,59108.62,59292.19,58944.22,59080.88,41166829
2018-06-07,59281,59699.84,59197.61,59412.76,46756743
2018-06-08,59135.15,59158.79,58930.65,59015.21,38014169
2018-06-11,59090.5,59306.1,58631.67,58680.16,34047122
2018-06-12,58864.06,59017.43,58660.39,58975.59,37095633
2018-06-13,58915.51,58925.98,58555.82,58686.19,43190169
2018-06-14,58533.91,58782.41,58328.84,58603.93,34754862
2018-06-15,58655.62,58739.94,57693.09,57693.09,66903658
2018-06-18,57669.66,57833.84,56474,56474,27841486
2018-06-19,55776.8,56015.59,55540.17,55911.98,40972031
2018-06-20,56235.83,57054.41,56235.83,56638.39,34704646
2018-06-21,56765.59,56907.95,56039.06,56425.25,36652600
2018-06-22,56623.14,56843.29,56512.21,56610.74,40686264
2018-06-25,56368.55,56876.75,56294.8,56416.37,37079593
2018-06-26,56545.38,56742.95,56243.45,56264.51,32925584
2018-06-27,56120.48,56262.8,55822.32,56101.8,46932213
2018-06-28,55824.06,56013.8,55124.54,55169.77,47723893
2018-06-29,55480.58,55954.44,55457.1,55954.44,40060448
2018-07-02,55490.11,55698.95,55202.31,55627.24,28274297
2018-07-03,55701.34,56424.37,55646.35,56393.58,28842768
2018-07-04,56323.8,56939.41,56323.8,56939.41,22700129
2018-07-05,56846.77,57288.6,56682.06,56719.88,26191173
2018-07-06,56811.1,56918.5,56492.24,56497.02,28382238
2018-07-09,56874.36,56911.03,56235.25,56413.96,26334958
2018-07-10,56484.5,57299.46,56379.79,57041.58,41499630
2018-07-11,56654.56,56779.91,56466.7,56544.08,33249480
2018-07-12,56752.1,56780.44,56620.07,56671.44,29631327
2018-07-13,56838.14,56936.78,56366.11,56594.71,26182028
2018-07-16,56584.8,56754.44,56205.53,56205.55,22733951
2018-07-17,56420.87,56514.92,56091.63,56483.22,31660804
2018-07-18,56503.83,56792.5,56256.52,56440.97,37819928
2018-07-19,56362.96,56644.22,56197.02,56585.5,37173062
2018-07-20,56479.88,57303.81,56479.88,57303.81,45476752
2018-07-23,57469.03,57907.3,57384.82,57787.35,35961978
2018-07-24,57895.28,58691.01,57895.28,58629.5,44845804
2018-07-25,58774.97,59111.91,58508.19,58978.27,38880724
2018-07-26,59089,59915.61,59089,59871.2,40612621
2018-07-27,59982.31,59982.31,59539.07,59650.51,36553159
2018-07-30,59528.5,60334.84,59472.46,60334.84,35701114
2018-07-31,60077.76,60378.92,59824.5,59964.47,43214821
2018-08-01,59969.04,60226.42,59520.41,60226.42,36926570
2018-08-02,60002.2,60051.94,59422,59484.35,33682112
2018-08-03,59585.56,59854.09,59412.53,59605.67,28429712
2018-08-06,59656.62,59707.8,59257.38,59707.8,30505081
2018-08-07,59819.89,60043.5,59692.12,59950.14,41521542
2018-08-08,60377.29,60431.77,59969.37,60097.89,49379909
2018-08-09,60084.74,60455.75,59816.8,60455.75,46587326
2018-08-10,59884.39,59996.01,58783.91,58783.91,45749149
2018-08-13,58673.72,59047.26,58457.28,58882.57,43282488
2018-08-14,59143.88,59345.29,58726.49,59114.08,41111921
2018-08-16,58806.55,58975.7,58515.64,58921.44,42362520
2018-08-17,58875.02,58943.34,58117.88,58130.92,51720903
2018-08-20,58412.32,58589.84,58311.85,58371.01,56024422
2018-08-21,58544.89,59361.23,58519.86,59283.11,50880037
2018-08-22,59195.08,59796.49,59121.32,59546.09,52215144
2018-08-23,59569.11,60169.39,59395.37,60044.45,53483684
2018-08-24,59997.71,60070.73,59819.06,59900.47,34632033
2018-08-27,60119.55,61114.2,60119.55,61083.54,37957370
2018-08-28,61256.18,61604.01,60969.78,61426.67,47320873
2018-08-29,61375.26,61410.28,61106.59,61225.82,52144882
2018-08-30,61246.21,61403.42,60621.69,60690.32,54764497
2018-08-31,60535.16,60581.96,60120.01,60201.08,65400901
2018-09-03,60218.66,60840.72,60211.73,60312.92,49901614
2018-09-04,60426.67,60685.49,59268.16,59418.32,58495953
2018-09-05,59300.18,59480.81,58735,58735,72676327
2018-09-06,58680.07,58910.19,58460.6,58469.6,74619367
2018-09-07,58470.28,58660.55,57460.3,57580.05,72437095
2018-09-10,57673.03,57855.42,57432.53,57843.93,50057246
2018-09-11,58115.14,58163.43,57329.5,57575.14,69316281
2018-09-12,57717.77,57954.89,56858.6,56858.6,73610737
2018-09-13,57207.06,57732.33,57207.06,57493.38,54655109
2018-09-14,57800.44,57800.44,57236.66,57632.29,68257744
2018-09-17,57565.59,57565.59,57034.26,57048.33,62991378
2018-09-18,57246.31,57820.53,57163.25,57527.82,54187991
2018-09-19,57866.8,58287.94,57412.72,58117.99,60198642
2018-09-20,58206.88,58443.22,58041.92,58231.57,66799741
2018-09-21,58474.81,58792.94,58225.66,58237.83,220176506
2018-09-24,58305.26,58900.87,58305.26,58887.53,61829257
2018-09-25,58933.7,59518.46,58879.51,59106.29,62783382
2018-09-26,59248.7,59450.56,59066.07,59450.56,43264361
2018-09-27,59298.24,59616.58,59082.36,59616.27,48182175
2018-09-28,59400.89,59553.17,58463.09,58974.76,51798188
2018-10-01,59152.37,59647.34,58888.39,58957.02,30038409
2018-10-02,58653.87,58824.14,58479.85,58824.14,36559854
2018-10-03,59070.64,59295.17,58953.31,59192.45,41506373
2018-10-04,58979.69,59137.39,58594.35,58736.08,42306396
2018-10-05,58711.34,58774.87,58326.09,58415.84,42062952
2018-10-08,58272.17,58272.17,57515.36,57515.36,29315808
2018-10-09,57517.24,58039.07,57348.76,57899.81,30771999
2018-10-10,58068.68,58068.68,56773.37,56830.18,37269830
2018-10-11,55769.57,56348.35,55628.34,55941.06,48936890
2018-10-12,56384.92,56686.54,56320.53,56516.02,40687822
2018-10-15,56590.24,56612.66,56097.81,56227.33,33374882
2018-10-16,56405.5,57173.6,56338.88,57156.19,45215626
2018-10-17,57471.91,57578.04,56574.25,56879.27,49669102
2018-10-18,56830.7,56989.71,56437.39,56560.93,37715144
2018-10-19,56605.77,56772.67,56089.84,56642.84,33923199
2018-10-22,56834.41,56955.9,56302.1,56516.23,28774546
2018-10-23,55985.51,56197.01,55490.46,55490.46,30943535
2018-10-24,55740.14,55758.12,55379.91,55379.91,30601405
2018-10-25,54736.24,55312.18,54555.59,55271.63,33440439
2018-10-26,55139.26,55180.92,54027.32,54027.32,30300893
2018-10-29,54262.62,54685.35,54066.64,54286.29,30165040
2018-10-30,54393.01,54608.78,54071.49,54608.78,32239802
2018-10-31,54994.51,55313.31,54944.79,55312.71,49399698
2018-11-02,56001.09,56538.5,56001.09,56321.58,44737998
2018-11-05,56239.45,57003.91,56212.16,57000.37,33784951
2018-11-06,57160.07,57160.07,56612.95,56926.12,43444412
2018-11-07,56897.38,57948.62,56897.38,57818.43,69123329
2018-11-08,57996.3,58244.49,57534.48,57655.73,55950239
2018-11-09,57423.36,57423.36,56802.85,56924.39,35304766
2018-11-13,56660.02,57099.96,56468.8,56652.31,34855526
2018-11-14,56476.26,57068.04,56162.99,56865.17,82995527
2018-11-15,56985.63,57289.36,56328.96,56329.01,79999793
2018-11-16,56590.38,56754.88,54866.97,55442.1,76529143
2018-11-19,55573.38,55911.21,55161.98,55911.21,65979111
2018-11-20,55635.47,55937.47,54985.95,55205.54,96050532
2018-11-21,55442.42,56456.08,55442.42,56451.9,117369400
2018-11-22,56497.01,57015.13,56294.27,56932.62,77692337
2018-11-23,56885.71,57014.33,56490.84,56788.04,86831703
2018-11-26,57070.53,57255.14,56271.69,56472.16,54819840
2018-11-27,56478.94,56800.62,56319.78,56763.67,65594837
2018-11-28,56890.9,57641.66,56890.9,57633.26,69295911
2018-11-29,58007.08,58412.94,57957.89,58412.94,51343820
2018-11-30,58356.5,58356.63,57736.66,58203.39,90714206
2018-12-03,58933.32,59249.71,58810.94,59176.6,54004543
2018-12-04,59026.51,59558.44,58828.34,59558.44,64842422
2018-12-05,58750.56,59707.73,58532.5,59707.73,67222669
2018-12-06,59113.69,59158.92,58323.45,58409.09,57066827
2018-12-07,58784.5,58998.44,58002.7,58180.45,48104411
2018-12-10,57927.01,58163.52,57383.84,57385.01,40646867
2018-12-11,57750.92,57784.4,56961.82,56961.82,54025119
2018-12-12,57180.67,58036.04,57094.98,58036.04,74211254
2018-12-13,58227.13,58978.88,57953.31,58952.55,74490297
2018-12-14,58502.88,58972.97,58393.12,58780.55,81572225
2018-12-17,58643.41,58883.22,58176.7,58186.34,50196203
2018-12-18,58003.48,58740.42,57793.42,58719.27,81789386
2018-12-19,58695.35,59223.65,58648.7,59223.65,84523487
2018-12-20,58646.01,58772.93,58102.9,58349.03,64835691
2018-12-21,58188.73,58301.42,56655.36,57331.35,111132639
2018-12-27,57800.92,57954.07,57108.77,57183.28,39320711
2018-12-28,57384.35,57807.43,57346.68,57690.5,37534716
2019-01-02,57494.06,58291.59,57090.34,58290.21,25417940
2019-01-03,58055.17,58118.09,57116.19,57192.42,30761455
2019-01-04,57489.96,58004.64,57464.86,57947.51,33530663
2019-01-07,58270.9,58971.42,58270.9,58971.42,39923428
2019-01-08,58884.37,59005.87,58488.32,58906.77,37751792
2019-01-09,59020.75,59383.45,58898.25,59336.58,49757879
2019-01-10,59031.07,59219.23,58656.33,59219.23,39324693
2019-01-11,59519.12,59903.73,59030.22,59322.53,50332891
2019-01-14,59029.04,59259.46,58790.46,59112.53,38948051
2019-01-15,59408.36,59548.01,59031.75,59439.56,35825484
2019-01-16,59636.04,59983.42,59410.7,59983.42,37213515
2019-01-17,59836.75,60194.18,59778.78,59894.9,38298029
2019-01-18,60168.95,60384.98,59854.36,60289.51,40817096
2019-01-21,60217.36,60230.05,59717.83,59865.51,21107318
2019-01-22,59642.29,60089.16,59587.24,59734.92,39723984
2019-01-23,59683.59,60937.16,59615.86,60788.89,47295243
2019-01-24,60891.65,61128.08,60407.55,60791.02,37365607
2019-01-25,60998.72,61040.21,60509.39,60661.36,44216782
2019-01-28,60722.49,60723.01,59815.09,60165.13,37693792
2019-01-29,60112.43,60489.75,59941.23,60228.41,35750270
2019-01-30,60327.49,60341.73,59674.89,59849.24,37122366
2019-01-31,60295.81,60517.62,60036.59,60367.42,40128546
2019-02-01,60455.3,60660.31,60258.14,60660.31,28005003
2019-02-04,60670.06,61034.78,60440.48,60658.28,33085754
2019-02-05,60845.59,61178.11,60587.56,61147.18,41639822
2019-02-06,61188.1,61402.29,61061.4,61319.01,40705033
2019-02-07,61136.64,61142.03,60296.16,60422.38,35398335
2019-02-08,60299.68,60358.16,60121.43,60280.51,38293553
2019-02-11,60332.84,60705.22,60221.65,60221.65,42137443
2019-02-12,60523.5,60625.28,60245.26,60534.92,49708242
2019-02-13,60718.11,60747.38,59763.25,59957.09,38258405
2019-02-14,60014.13,60043.16,59315.68,59348.4,46157536
2019-02-15,59276.26,59905.48,59276.26,59814.26,31035946
2019-02-18,59933.58,60005.47,59485.04,59589.02,28686984
2019-02-19,59571.23,59831.93,59346.39,59477.32,38383560
2019-02-20,59743.34,60409.3,59696.82,60409.3,42723441
2019-02-21,60408.65,60576.47,59734.38,59938.07,40200820
2019-02-22,60053.88,60585.72,60053.88,60274.56,38361562
2019-02-25,60571.43,60875.07,60169.72,60721.87,32352243
2019-02-26,60563.66,60619.29,60428.26,60564.73,42099079
2019-02-27,60570.57,60646.22,59932.27,59969.56,59439701
2019-02-28,60002.87,60247.48,59903.7,59903.7,32095583
2019-03-01,60229.65,60353.64,59987.5,60076.61,36112292
2019-03-04,60364.27,60421.29,59795.06,59888.03,42893947
2019-03-05,59818.78,60136.04,59691.24,59743.42,27893773
2019-03-06,59858.85,59978.81,59739.43,59978.8,35310457
2019-03-07,59942.79,60131.08,59568.36,59638.3,33305748
2019-03-08,59377.87,59507.53,59178.82,59436.39,30262646
2019-03-11,59552.07,59660.42,59416.74,59469.72,34741919
2019-03-12,59855.42,59855.42,59492.87,59669.47,36453696
2019-03-13,59546.66,59914.15,59515.79,59895.92,42786588
2019-03-14,59929.65,60057.02,59760.58,60002.72,33627815
2019-03-15,60066.63,60907.28,59971.09,60706.57,92878911
2019-03-18,60811.53,60929.65,60636.55,60683.38,40494690
2019-03-19,60767.32,61091.6,60713.07,60788.46,46284555
2019-03-20,60763.84,60885.92,60604.55,60788.38,30782824
2019-03-21,60892.97,60976.51,60700.35,60976.51,36232626
2019-03-22,60991.61,61057.05,60097.1,60097.1,28524387
2019-03-25,59820.69,59998.87,59574.84,59759.16,26241510
2019-03-26,59806.5,60026.06,59800.82,60026.06,22007250
2019-03-27,60094.99,60172.64,59798.73,59848.76,29681757
2019-03-28,59883.11,60023.21,59695.11,59752.66,25817587
2019-03-29,59989.13,60071.11,59574.27,59668.03,40948307
2019-04-01,60060.64,60451.41,60040.96,60342.05,24893217
2019-04-02,60530.42,61269.03,60530.36,61071.19,28602406
2019-04-03,61479.27,61941.09,61467.19,61924.86,34039573
2019-04-04,61828.21,62009.9,61432.27,61533.27,33005596
2019-04-05,61811.61,61811.61,60755.88,60755.88,35436496
2019-04-08,60902.69,61020.44,60735.25,60922.1,24535267
2019-04-09,61015.8,61322.23,60906.88,61097.07,31338808
2019-04-10,61140.3,61556.46,61088.03,61556.46,33490284
2019-04-11,61651.07,61674.73,61115.52,61168.92,25864093
2019-04-12,61356.88,61378.45,60939.05,60969.26,25266004
2019-04-15,60975.16,61107.99,60689.15,60812.06,23817835
2019-04-16,60967.16,61067.07,60810.73,61067.07,31474006
2019-04-17,61115.89,61584.42,61040.96,61166,47039853
2019-04-18,61092.17,61097.01,60642.74,60910.11,28085300
2019-04-23,60949.19,61004.08,60779.31,60938.98,18652670
2019-04-24,61024.55,61044.3,60670.11,60959.72,33376214
2019-04-25,60894.97,60897.52,60465.99,60680.62,29942449
2019-04-26,60624.92,60990.17,60541.15,60990.17,28378713
2019-04-29,61049.56,61069.77,60632.21,60865.49,29943912
2019-04-30,60728.25,60751.57,59912.71,60145.5,39745582
2019-05-02,60086.35,60145.15,59703.38,59744.3,29970474
2019-05-06,59049.79,59347.83,58815.7,59087.98,39572981
2019-05-07,59133.03,59178.44,57844.03,57845.47,41279452
2019-05-08,57956.36,58161.79,57402.07,57522.36,38277498
2019-05-09,57405.48,57637.14,56580.29,56637.25,37110589
2019-05-10,57082.82,57348.62,56729.18,56913.26,35927384
2019-05-13,56996.69,57061.45,56022.03,56389.14,33719668
2019-05-14,56632.77,56788.76,56143.17,56209.08,38968437
2019-05-15,56576.02,56590.95,56025.74,56373.36,44617632
2019-05-16,56583.36,56760.69,56184.95,56664.5,33866981
2019-05-17,56611.73,56613.31,56226.36,56561.79,29350897
2019-05-20,56631.27,56653.96,55999.93,56317.39,28905288
2019-05-21,56376.96,56776.12,56305.2,56772.23,35459678
2019-05-22,56715.06,57476.13,56622.91,57264.89,31882706
2019-05-23,57164.41,57166.82,56351.13,56351.13,32317347
2019-05-24,56513.66,56820.84,56469.81,56753.79,28546871
2019-05-27,56813.16,56973.65,56531.41,56781.5,16477402
2019-05-28,56846.57,57287.96,56736.41,56920.14,64693952
2019-05-29,56711.54,56871.67,56419.34,56870.63,42919505
2019-05-30,56980.42,57682.76,56980.42,57566.83,41782984
2019-05-31,57186.84,57909.95,56991.38,57909.95,35800890
2019-06-03,57829.53,58084.17,57705.23,57857.73,26160093
2019-06-04,57873.91,57959.58,57587.37,57781.8,33621389
2019-06-05,57909.72,57972.75,57524.06,57601.52,38757367
2019-06-06,57675.37,58599.91,57642.14,58360.5,58143131
2019-06-07,58410.33,58950.89,58398.57,58852.53,41644676
2019-06-10,59096.61,59181.32,58695.54,58895.99,33066601
2019-06-11,58927.04,59280.93,58804,59200.36,42799548
2019-06-12,59003.12,59135.03,58531.98,58917.55,42294557
2019-06-13,58868.26,59575.69,58820.77,59374.38,36400874
2019-06-14,59351,59370.86,59050.74,59092.01,30760328
2019-06-17,59167.19,59238.4,58756.95,58857.01,34307394
2019-06-18,58845.78,59936.46,58788.22,59936.46,48408292
2019-06-19,59909.76,59950.65,59693.03,59738.56,31474523
2019-06-21,59898.71,60186.06,59231.9,59433.13,71764034
2019-06-24,59689.41,60008.84,59583.18,60003.9,29985044
2019-06-25,59896.86,59974.53,59333.4,59480.64,40174260
2019-06-26,59642.41,59852.7,59466.48,59852.7,51799227
2019-06-27,59975.48,60536.87,59975.28,60293.37,50773723
2019-06-28,60325.28,60379.48,60120.24,60187.43,29386095
2019-07-01,60938.78,60972.83,60266.47,60323.79,32133489
2019-07-02,60519.06,60538.16,59895.33,60538.16,32988047
2019-07-03,60485.59,60755.14,60410.77,60671.76,30845907
2019-07-04,60704.25,60944.69,60546.28,60888.98,27373931
2019-07-05,60936.12,60958.28,60502.07,60628.11,34723306
2019-07-08,60495.51,60809.15,60390.15,60582.98,34517252
2019-07-09,60523.27,60529.64,60022.97,60199.83,34815857
2019-07-10,60202.13,60783.89,60074.82,60242.61,53948859
2019-07-11,60513.93,60803.39,60228.62,60362.11,36319472
2019-07-12,60504.84,60548.91,60374.11,60378,35388962
2019-07-15,60543.31,60800.03,60363.37,60527.98,28550602
2019-07-16,60596.79,60652.05,60299.38,60372.23,40648150
2019-07-17,60248.12,60293.9,59883.51,59975.08,50535212
2019-07-18,59710.84,60252.11,59626.82,60192.6,37221293
2019-07-19,60643.15,61005.48,60639.63,60902.04,37532876
2019-07-22,60840.13,61089.67,60775.18,60929.94,25434671
2019-07-23,60997.88,61029.19,60670.03,60750.64,26858815
2019-07-24,60819.34,60832.89,60603.41,60776.71,30207384
2019-07-25,60991.64,61008.09,60229.93,60249.72,30827494
2019-07-26,60282.23,60344.77,60016.7,60146.67,27490761
2019-07-29,60151.58,60211.18,59576.04,59678.7,23260043
2019-07-30,59682.53,59816.3,59430.05,59430.05,31062305
2019-07-31,59445.3,59852.05,59393.13,59670.6,42718299
2019-08-01,59512.63,59755.35,58759.72,58863.73,35697028
2019-08-02,58567.15,58667.9,58360.55,58360.55,26556045
2019-08-05,58081.75,58132.06,57157.8,57157.8,36524217
2019-08-06,57299.72,57490.9,57057.28,57082.76,40409077
2019-08-07,57252.42,57475.67,56361.81,56625.18,37676808
2019-08-08,57141.21,57293.54,57013.15,57102.69,29608397
2019-08-09,57235.1,57289.08,56175.41,56316.19,34020398
2019-08-12,56551.4,56631.39,55778.23,55915.51,23700065
2019-08-13,55939.51,57286.98,55828.9,57024.9,35071924
2019-08-14,56947.41,56947.41,55632.8,55634.7,34022369
2019-08-16,55811.11,55973.81,55066.72,55227.6,36653830
2019-08-19,55756.53,56200.96,55678.3,56035.15,35868142
2019-08-20,56198.21,56279.34,55735.81,56204.55,32181106
2019-08-21,56211.7,56617.12,56121.78,56121.78,26463803
2019-08-22,56165.08,56520.1,55956.43,56118.92,31380765
2019-08-23,56370.88,56567.95,55610.59,56047.39,30456687
2019-08-26,55526.02,56133.11,55496.48,55909.06,24379580
2019-08-27,56006.37,56099.78,55516.19,55881.98,57695921
2019-08-28,56108.89,56108.89,54702.14,54846.48,36309983
2019-08-29,54900.49,55356.91,54818.36,55273.05,28251397
2019-08-30,55358.11,56765.57,55358.11,56739.53,37572555
2019-09-02,56861.56,56982.12,56669.56,56965.68,17813943
2019-09-03,56841.52,56842.29,56004.74,56237.4,27324663
2019-09-04,56567,56938.9,56171.79,56176.46,41865258
2019-09-05,56453.49,56648.94,55982.14,56358.3,35115203
2019-09-06,56431.91,56760.13,56336.22,56593.23,26498031
2019-09-09,56673.93,57682.47,56657.46,57682.47,50975948
2019-09-10,57744.4,58015.51,57647.17,57893.23,45734010
2019-09-11,58048.84,58291.69,57789.23,57949.46,39196545
2019-09-12,58175.57,58314.42,57581.63,57886.6,37160335
2019-09-13,57897,58321.52,57897,58144.64,27391045
2019-09-16,57992.72,58525.39,57889.97,58525.39,39348701
2019-09-17,58400.61,58422.03,57790.52,57980.44,52243732
2019-09-18,58020.43,58308.07,57931,58297.28,64400992
2019-09-19,58173.35,58173.35,57891.36,58053.03,64468424
2019-09-20,58114.67,58203.82,57294.84,57485.19,84459417
2019-09-23,57457.88,57488.06,56727.95,56874.12,43097803
2019-09-24,57071.9,57610.78,56969.24,57462.78,41972173
2019-09-25,57230.29,57230.29,56742.58,57085.05,36505643
2019-09-26,57123.35,57436.95,57074.4,57377.87,34486447
2019-09-27,57493.47,57729.31,57322.74,57666.04,24648950
2019-09-30,57705.26,57705.8,57097.74,57320.3,30194305
2019-10-01,57245.86,57410.73,56777.36,56847.98,31379509
2019-10-02,56543.03,56733.42,55579.3,55598.64,31128902
2019-10-03,55426.51,56269.75,55086.12,55523.06,46189459
2019-10-04,55667.95,56079.14,55667.81,55980.47,33451010
2019-10-07,56143.58,56143.58,55739.92,55987.34,23423604
2019-10-08,56169.79,56308.28,55860.21,56247.95,31944088
2019-10-09,56258.16,56435.16,56130.07,56260.83,31563793
2019-10-10,56340.17,56353.97,55862.09,56034.97,33289349
2019-10-11,56238.65,56898.67,56125.37,56895.37,31038998
2019-10-14,56930.4,56971.44,56492.62,56647.08,27840281
2019-10-15,56911.34,56915.09,56614.22,56781.82,34954414
2019-10-16,56778.88,57081.38,56754.38,56898.36,31774001
2019-10-17,56915.64,57426.06,56862.11,57297.12,30260178
2019-10-18,57157.9,57157.9,56812.4,57024.61,33116852
2019-10-21,56951.4,57418.58,56951.4,57418.58,28749264
2019-10-22,57483.53,58001.26,57318.31,57986.45,36507559
2019-10-23,57870.77,57981.72,57743.5,57950.18,23230237
2019-10-24,58054.7,58167.5,57740.41,58012.97,28757238
2019-10-25,58010.95,58011.06,57262.43,57329.09,30601492
2019-10-28,57394.12,58119.41,57394.12,58101.72,27067340
2019-10-29,58154.62,58392.58,57968.88,58392.58,36861130
2019-10-30,58429.42,58489.07,58258.2,58430.48,26807799
2019-10-31,58628.93,58628.93,57665.64,57783.02,37242537
2019-11-04,58294.43,59326.52,58250.46,59326.13,43082010
2019-11-05,59352.2,59651.52,59234.53,59517.7,41717214
2019-11-06,59378.52,59523.8,59174.29,59174.29,33650760
2019-11-07,59447.25,59612.69,59376.45,59492.22,38615379
2019-11-08,59373.7,59407.09,59127.98,59191.71,48389318
2019-11-12,59262,59472.48,59086.57,59141.35,40909288
2019-11-13,59153.84,59153.84,58654.29,58816.98,49661698
2019-11-14,58799.02,59030.03,58510.17,58622.1,41968671
2019-11-15,58688.74,58811.73,58553.98,58751.67,27693967
2019-11-18,58959,59004.58,58573.22,58851.05,32333162
2019-11-19,58877.51,58935.82,58273.14,58447.3,37081896
2019-11-20,58285.36,58325.97,57673.04,58026.68,30248416
2019-11-21,57824.01,57826.32,57321.76,57618.54,32744747
2019-11-22,57589.17,58079.3,57589.17,57863.03,34408666
2019-11-25,58036.33,58237.66,58036.33,58151.15,30611850
2019-11-26,58180.49,58200.58,57774.39,58051.64,83275189
2019-11-27,58182.76,58190.11,57734.52,57867.89,28453598
2019-11-28,57808.66,57808.66,57460.76,57669.94,24108920
2019-11-29,57513.28,57733.05,57425.36,57502.14,25584992
2019-12-02,57643.57,57726.77,56790.36,56868.74,41084039
2019-12-03,56822.55,56861.23,56149.81,56191.17,30455601
2019-12-04,56280.78,56718.08,56012.55,56123.68,34143222
2019-12-05,56342.87,56552.1,56091.84,56338.75,30441034
2019-12-06,55824.56,55994.68,55629.42,55994.68,57626597
2019-12-09,55970.05,55970.05,55545.37,55867.95,27305021
2019-12-10,55949.24,55949.24,55324.52,55609.32,27993934
2019-12-11,55658.48,55805.07,55205.88,55531.27,35129956
2019-12-12,55728.18,56621.06,55712.66,56621.06,38195761
2019-12-13,56943.72,57084,56635.86,56729.11,41582155
2019-12-16,56732.32,56987.95,56691.23,56832.07,32979587
2019-12-17,56929.64,57302.98,56835.09,57225.67,45795789
2019-12-18,57283.83,57306.88,56786.09,57169.88,42341856
2019-12-19,57287.87,57348.61,57137.25,57346.95,33988912
2019-12-20,57236.85,57440.92,57097.4,57202.89,74856919
2019-12-23,57176.11,57569.71,57172.18,57569.71,31188919
2019-12-27,57769.5,58132.76,57766.76,57877.81,22200362
2019-12-30,57935.09,58048.6,57780.56,57832.88,20045404
2020-01-02,58122.41,59048.28,58099.1,59048.28,34491073
2020-01-03,58784.34,58784.34,58217.14,58603.27,32907436
2020-01-07,58597.73,58710.74,58216.62,58283.26,34053142
2020-01-08,58191.52,58192.21,57524.72,57596.09,34329726
2020-01-09,58062.05,58447.25,57983.93,58397.17,39292721
2020-01-10,58602.57,58732.09,58327.22,58732.09,33485180
2020-01-13,58780.41,59275.02,58772.62,59275.02,38113281
2020-01-14,59263.65,59298.22,58894.63,59118.97,47634529
2020-01-15,59087.67,59162.08,58616.41,58671.25,38504406
2020-01-16,58824.5,58998.65,58718.97,58962.37,43852653
2020-01-17,58893.5,59130.3,58543.53,59039.84,34074400
2020-01-20,59082.18,59214.29,59014.56,59110.06,27949866
2020-01-21,59019.3,59019.39,58572.59,58616.01,33146421
2020-01-22,58944.72,58944.72,58343.74,58401.69,41675607
2020-01-23,58372.99,58610.62,58292.33,58401.85,36448645
2020-01-24,58518.22,58850.48,58485.78,58607.31,33189386
2020-01-27,58158.26,58187.8,57020.13,57063.12,36698840
2020-01-28,57216.16,57477.97,56991.82,57336.45,28349737
2020-01-29,57523.58,57714.43,57145.55,57351.22,38408636
2020-01-30,56822.54,57161.11,56564.95,56923.36,39524373
2020-01-31,57073.39,57073.39,56371.34,56681.27,55729130
2020-02-03,56550.46,56867.68,56340.25,56795.27,38904472
2020-02-04,57035.64,57777.94,57035.64,57607.63,47119108
2020-02-05,57628.03,58332.39,57547.97,58121.81,37084070
2020-02-06,58380.56,58537.34,57826.8,57900.04,34573831
2020-02-07,57720.85,57834.47,57482.67,57816.25,29845256
2020-02-10,57816.95,57903.79,57320.5,57474.88,25896492
2020-02-11,57688.79,57936.05,57534.73,57816.86,32401033
2020-02-12,58046.88,58322.47,58013.58,58156.08,29968550
2020-02-13,58072.96,58072.96,57462.55,57960.23,32919892
2020-02-14,58172.63,58195.19,57771.07,57895.19,32594199
2020-02-17,58209.66,58221.62,57989.1,58080.88,24358543
2020-02-18,57686.01,57992.37,57686.01,57894.45,25624122
2020-02-19,58051.25,58100.2,57501.28,57957.76,33871626
2020-02-20,57983.93,58016.88,57685.87,57693.12,32373770
2020-02-21,57572.2,57786.69,57365.57,57424.47,27832144
2020-02-24,56862.02,56862.02,55042.35,55088.26,42624449
2020-02-25,55088.22,55219.41,53774.51,53781.02,51136176
2020-02-26,53735.28,53903.15,52721.44,53451.01,53346901
2020-02-27,53221.8,53221.8,50947.43,51318.69,69016882
2020-02-28,50384.77,50384.77,48324.78,49276.54,128936299
2020-03-02,50300.61,51045.31,49395.31,50150.48,67465505
2020-03-03,50641.71,52562.98,50641.71,52231.14,62600374
2020-03-04,51993.34,52287.56,51567,51585.66,47979720
2020-03-05,52014.52,52379.79,50700.44,50753.91,40292201
2020-03-06,50340.91,50340.91,48999.82,49326.23,55551456
2020-03-09,47597.42,47597.42,45215.96,45625.56,71798677
2020-03-10,45992.92,46427.48,44887.9,45043.23,59076804
2020-03-11,45206.25,45368.82,42279.02,42546.88,75807498
2020-03-12,40950.14,40950.14,37164.02,37164.02,94223131
2020-03-13,37770.04,40413.06,37499.65,38629.63,109956952
2020-03-16,38031.23,38031.23,35588.11,37738.36,91736116
2020-03-17,38462.17,40102.09,38173.86,39925.44,113019549
2020-03-18,39791.77,40765.01,38791.06,39313.78,107648470
2020-03-19,39369.43,41041.92,39133.61,41041.92,74990042
2020-03-20,41884.2,43018.7,41039.36,41153.2,154249619
2020-03-23,40442.12,40466.56,39081.81,39207.33,65061799
2020-03-24,40373.44,40807.53,39758.86,40275.9,62890236
2020-03-25,41144.03,41671.21,39495.57,40144.28,72853502
2020-03-26,39779.01,41218.22,39571.12,41202.98,57583410
2020-03-27,41314.79,41438.99,40664.28,40886.9,49872655
2020-03-30,41073.94,41139.09,40127.25,40827.13,62092773
2020-03-31,41042.71,41854.3,41033.74,41624.62,106856874
2020-04-01,41146.45,41373,40877.15,41028.82,60791370
2020-04-02,41170.87,41402.82,40661.03,41219.51,77958612
2020-04-03,41173.09,41621.89,40915.56,41532.37,88428661
2020-04-06,42297.83,43554.47,42297.83,43514.41,103452488
2020-04-07,44116.52,45387.4,44104.47,44110.86,115459592
2020-04-08,44042.59,44463.43,43314.51,43573.02,91765587
2020-04-09,43958.32,44505.76,43720.62,44499.23,78342921
2020-04-14,45015.42,46092.44,44953.36,46092.44,83717072
2020-04-15,46266.01,46394.37,44641.59,44666.91,90647857
2020-04-16,44853.27,44958.6,44440.72,44645.12,78328170
2020-04-17,45225.78,45512.77,45044.47,45353.23,67705853
2020-04-20,45501.22,45681.59,44935.17,45617.35,58217109
2020-04-21,45299.96,45299.96,43852.41,43959.51,65530006
2020-04-22,43982.03,44853.39,43523.94,44777.61,55074495
2020-04-23,45004.16,45450.43,44518.74,45450.43,53108527
2020-04-24,45162.8,45463.94,44884.25,44884.25,47594700
2020-04-27,45344.34,45429.14,44455.02,44704.71,60387846
2020-04-28,44711.22,45399.85,44532.68,44754.03,72442266
2020-04-29,45081.71,46214.68,44913.19,46114.95,65722184
2020-04-30,46402.86,46856.54,45833.61,46117,71554034
2020-05-04,45636.86,45639.53,44884.71,45023.6,42116900
2020-05-05,45373.53,45374,44859.87,45018.81,47305158
2020-05-06,45204.76,45205,44211.91,44312.99,60573067
2020-05-07,44515.56,45072.95,44153.27,44769.05,50991136
2020-05-08,45190.23,45397.98,45117.1,45228.14,39119140
2020-05-11,45527.26,45595.65,44763.79,44840.24,39225921
2020-05-12,44875.33,45701.73,44845.58,45687.43,54205354
2020-05-13,45447.39,45937.83,45279.95,45431.66,47828184
2020-05-14,45142.76,45142.76,43996.33,44450.71,51355431
2020-05-15,44796.1,44940.15,44266.47,44348.22,34116116
2020-05-18,44994.42,45873.81,44812.88,45873.81,53619072
2020-05-19,46229.78,46310.97,45728.13,45949.97,44614054
2020-05-20,45969.68,46491.15,45848.88,46295.02,51723773
2020-05-21,46188.2,46406.92,46008.18,46073.39,45391413
2020-05-22,45820.75,45993.38,45557.37,45915.72,52569776
2020-05-25,46240.77,46487.9,46026.97,46412.32,37270352
2020-05-26,46838.65,47928.72,46769.81,47897.84,103883550
2020-05-27,47999.95,49151.07,47836.3,47889.07,106427299
2020-05-28,48505.68,49053.31,47567.32,48144.34,101489708
2020-05-29,48035.66,48177.01,47690.82,48127.64,175526858
2020-06-01,48598.87,48875.99,48350.1,48647.15,65926353
2020-06-02,48777.35,48879.21,48523.16,48879.21,74901211
2020-06-03,49168.21,50061.4,49058.3,49728.3,94349709
2020-06-04,49677.97,50202.54,49552.06,50202.54,89733755
2020-06-05,50444.76,51573.79,50444.76,51494.63,102913799
2020-06-08,51488.28,51704.68,50806.53,51451.61,88171198
2020-06-09,51600.46,51797.65,50738.75,51289.49,95756903
2020-06-10,51393.51,51574.08,50896.16,51486.94,128616735
2020-06-12,50163.59,50711.94,49106.61,50169.11,121649360
2020-06-15,49555.88,49555.88,48881.66,48991.89,109732328
2020-06-16,49646.66,50647.66,49646.66,50385.49,95449265
2020-06-17,50756.53,50756.79,50065.23,50312.8,75752185
2020-06-18,50362.57,50656.94,50204.13,50445.13,103570476
2020-06-19,50501.03,50676.93,50458.76,50670.08,118188907
2020-06-22,50642.94,50815.34,50300.67,50606.02,87416733
2020-06-23,50942.9,51863.82,50841.55,51438.3,102495651
2020-06-24,51616.42,51694.81,50478.37,50479.64,84756272
2020-06-25,50346.03,50767.04,49870.68,50658.89,69576460
2020-06-26,50783.4,50806.32,49725.89,49725.89,57403107
2020-06-29,49593.24,49972.31,49536.58,49972.05,78492799
2020-06-30,50157.78,50167.33,49485.53,49569.17,86804296
2020-07-01,49822.43,50137.51,49248.33,50104.2,55672407
2020-07-02,50345.25,51062.22,50297.92,50937.18,62064339
2020-07-03,51096.81,51130.2,50792.84,50959.44,37857969
2020-07-06,51509.88,51727.42,51235.45,51480.18,52737288
2020-07-07,51421.16,51422.65,50923,50973.66,51384568
2020-07-08,50850.59,50892.99,50540.98,50726.22,50401702
2020-07-09,50930.01,51051.44,50813.47,50844.47,54340522
2020-07-10,50499.24,50934.9,50334.91,50933.53,44477575
2020-07-13,51381.34,51421.63,51104.5,51168.14,57094952
2020-07-14,50931.58,50932.97,50303.79,50443.27,70822448
2020-07-15,50822.16,51063.02,50680.05,51008.62,66550687
2020-07-16,50898.32,51121.23,50773.63,51121.23,63047255
2020-07-17,51186.23,51186.59,50858.03,51046.47,60633073
2020-07-20,51018.23,52170.68,50954.06,52170.68,95379772
2020-07-21,52502.1,53332.13,52413.2,52537.11,129431793
2020-07-22,52565.85,52589.93,52145.34,52145.96,65657495
2020-07-23,52435.82,52435.82,51873.52,51890.42,66738334
2020-07-24,51314.57,51672.44,51114.47,51672.44,54528437
2020-07-27,51785.78,52235.5,51595.76,52215.51,67394524
2020-07-28,52215.77,52473.45,51796.17,52159.95,87066597
2020-07-29,52021.23,52154.53,51596.81,52045.58,81739638
2020-07-30,51976.96,52036.29,50024.6,50024.63,108343382
2020-07-31,50173.61,50945.41,50167.24,50468.16,73599118
2020-08-03,50659.32,51727.31,50637.27,51534.26,56029017
2020-08-04,51843.2,52186.49,51469.83,51690.75,58820579
2020-08-05,51981.39,52433.48,51981.39,52289.67,56759698
2020-08-06,52421.19,52540.24,51675.8,51816.87,50530772
2020-08-07,51778.16,51819.9,51419.26,51732.44,59036934
2020-08-10,51894.82,52087.1,51731.15,51934.45,36369210
2020-08-11,52055.51,52721.16,52032.45,52420.67,57596649
2020-08-12,52328.26,52517.36,52170.03,52487.84,50196828
2020-08-13,52596.37,53158.36,52565.91,52706.25,45577967
2020-08-14,52690.22,52691.46,52310.21,52631.64,33664495
2020-08-17,52748.52,52889,52447.48,52889,36967280
2020-08-18,52739.28,52799.91,52423.49,52490.77,63771983
2020-08-19,52519.31,52639.47,52224.8,52262.21,56817557
2020-08-20,51940.02,52029.57,51757.96,51842.65,44480382
2020-08-21,52182.38,52182.38,51725.81,51920.09,45537079
2020-08-24,52274.62,52472.01,52109.07,52424.18,39092811
2020-08-25,52696.42,52825.06,51959.33,51963.74,45574932
2020-08-26,51927.82,52518.38,51843.1,52518.38,42298608
2020-08-27,52449.62,52653.08,52270.75,52528.67,37241150
2020-08-28,52527.8,52687.05,52193.14,52237.26,36491914
2020-08-31,52352.04,52437.56,51479.2,51629.45,56416045
2020-09-01,51821.39,51842.05,50795.74,50937.27,51671377
2020-09-02,51273.43,51559.12,51124.59,51356.24,51993572
2020-09-03,51471.88,51838.52,50818.11,50915.67,47462004
2020-09-04,50353.68,50858.13,50307.56,50522.18,40054118
2020-09-07,50792.57,50988.15,50688.81,50815.26,41630220
2020-09-08,50955.3,50976.7,49120.07,49556.34,80695443
2020-09-09,49566.77,50757.07,49566.77,50757.07,51380635
2020-09-10,50815.95,50951.19,50188.78,50561.3,44557469
2020-09-11,50640.86,50837.27,50555.09,50737.57,32063616
2020-09-14,50982.8,51046.23,50424.87,50454.28,37521670
2020-09-15,50604.3,50610.88,49907.73,50037.97,50524201
2020-09-16,50108.19,50218.39,49716.39,49882.7,41845395
2020-09-17,49709.57,50035.54,49392.36,50035.54,45598506
2020-09-18,50161.8,50161.8,49697.27,49825.58,76677202
2020-09-21,49532.56,50246,48447.72,48447.72,78319484
2020-09-22,48702.96,48960.84,48526.44,48741.38,52331448
2020-09-23,48801.78,49173.03,48480.02,48482.58,64231103
2020-09-24,48040.24,48232.01,47763.86,48009.43,47896083
2020-09-25,48081.94,48406.98,47920.27,48294.74,68758446
2020-09-28,48750.61,49841.68,48750.61,49841.68,63331409
2020-09-29,49769.08,49769.08,49499.4,49499.4,40332970
2020-09-30,49367.1,49497.34,49102.74,49411.53,42991130
2020-10-01,49608.46,49692.36,48905.92,49035.41,43838260
2020-10-02,48836.1,49157.61,48572.22,49043.26,33120114
2020-10-05,49381.73,50053.79,49381.72,50014.64,42378210
2020-10-06,50228.29,50491.83,50091.72,50113.97,50298379
2020-10-07,50123.01,50231.08,49698.45,50207.28,38707984
2020-10-08,50442.13,50442.13,49553.14,49727.34,49122902
2020-10-09,49612.43,49612.43,48752.01,49191.09,57203475
2020-10-12,49328.5,49419.84,48889.74,48938.01,44813244
2020-10-13,48905.26,48922.98,48391.49,48464.15,47363871
2020-10-14,48568.04,49120.19,48477.99,48596.45,53934857
2020-10-15,48394.9,48394.9,47425.22,47482,58846425
2020-10-16,47601.96,48417.95,47601.06,48210.12,63714917
2020-10-19,48419.26,48841.18,48022.6,48128.15,53637255
2020-10-20,48085.75,48557.75,47905.31,48418.97,44956351
2020-10-21,48588.68,48588.68,47781.23,47912.13,40700852
2020-10-22,47719.87,48368.43,47606.93,47910.38,46912910
2020-10-23,48028.71,48304.55,47719.33,47846.25,80646387
2020-10-26,47566.27,47734.01,47339.79,47418.61,39183382
2020-10-27,47581.7,47768.62,46911.07,47198.4,46287574
2020-10-28,46775.99,46822.41,44651.87,45008.3,71803148
2020-10-29,45139.77,45291.73,44375.03,44840.6,56543123
2020-10-30,44433.75,44628.08,43679.41,44097.98,56950969
2020-11-02,44413.22,45334.97,44413.22,45177.16,53359303
2020-11-03,45543.15,47177.81,45510.32,47160.46,61401199
2020-11-04,46772.97,47294.2,46170.96,47294.2,51383416
2020-11-05,47809.56,48422.93,47656.12,48295.31,45575557
2020-11-06,48392.71,49058.29,47916.16,48962.48,46569222
2020-11-09,49431.74,51064.11,49088.85,50827.48,95727194
2020-11-10,50821.71,51562.13,50241.64,51280.02,86287621
2020-11-12,51220.51,51653.95,50973.48,51229.23,74069348
2020-11-13,51208.51,51208.93,50536.57,50636.31,46046920
2020-11-16,51050.43,51931.11,51049.51,51931.11,72996684
2020-11-17,51776.95,52011.32,51409.39,51781.8,57434990
2020-11-18,51768.06,52264.8,51685.64,52232.17,49895103
2020-11-19,52010.63,52159.96,51517.21,51651.4,44431073
2020-11-20,51581.83,52418.13,51521.77,52353.64,38699180
2020-11-23,52721.28,53359.62,52529.64,52734.84,55011596
2020-11-24,53051.76,53303.29,52770.4,53303.29,47501747
2020-11-25,53342.53,53492.15,52965.07,53401.8,52051389
2020-11-26,53434.18,53662.35,52934.11,53187.31,36531919
2020-11-27,53017.16,53302.48,52855.12,53302.48,47293035
2020-11-30,53076.28,53077.47,52379.74,52639.45,104730668
2020-12-01,53041.8,53566.71,52816.4,52932.37,54548329
2020-12-02,52957.95,54005.09,52836.97,53983.67,47100234
2020-12-03,54164.05,54164.18,53637.89,53967.82,44510841
2020-12-04,54189.84,55360.35,54189.84,55304.72,45636409
2020-12-07,55357.14,55667.65,54956.03,55567.38,63981204
2020-12-08,55289.18,56011.89,55147.18,56011.89,61494072
2020-12-09,56183.16,57219.58,56183.16,56632.69,112942040
2020-12-10,56713.91,56838.55,56073,56230.4,76105844
2020-12-11,56227.79,56476.17,54968.89,55501.03,61644303
2020-12-14,55657.12,55707.11,54921.97,55150.21,57204768
2020-12-15,55106.81,55680.27,55060.38,55614.04,50014622
2020-12-16,55841.67,56750.85,55841.67,56507.5,59906443
2020-12-17,56857.67,57204.71,55549.61,56176.07,72916003
2020-12-18,56369,56369,55585.33,55607.24,85197686
2020-12-21,55126.42,55169.46,53154.57,54139.25,66138440
2020-12-22,54317.82,55157.57,54317.82,55108.83,41481325
2020-12-23,55317.77,55881.89,55165.03,55843.46,43382978
2020-12-28,56223.64,57186.74,56223.64,57172.46,80355295
2020-12-29,57468.75,57878.17,57404.11,57701.4,60452188
2020-12-30,57741.72,57741.89,56972.8,57025.84,62059433
2021-01-04,57231.39,58127.26,57215.5,57954.68,85513264
2021-01-05,57841.42,58527.25,57700.58,58027.01,80924974
2021-01-07,58839.75,59695.25,58615.77,59687.54,95031874
2021-01-08,59869.08,60242.43,59517.65,59843.23,78072468
2021-01-11,59808,60520.71,59225.12,59772.63,68950857
2021-01-12,59995.42,60230.37,58752.75,59159.31,55320884
2021-01-13,59405.82,59412.27,58194.45,58532.83,65518872
2021-01-14,58571.42,58972.16,58564.85,58945.17,49908555
2021-01-15,58857.83,58926.16,57490.69,57872.92,56486700
2021-01-18,57885.65,58873.14,57590.89,58873.13,65725669
2021-01-19,59153.62,59469.18,57993.34,58042.59,63524207
2021-01-20,58163.49,58346.05,57489.49,58114.63,61408920
2021-01-21,58378.27,58617.5,57131.53,57226.74,64166860
2021-01-22,56997.73,57519.27,56741.31,57304.69,53288039
2021-01-25,57489.45,57602.25,56572.54,56999.79,62583523
2021-01-26,56789.66,57890.45,56689.8,57785.37,59775859
2021-01-27,57767.44,58139.93,56107.09,56453.85,88633773
2021-01-28,56139,57871.89,55301.68,57797.95,99916081
2021-01-29,57316.76,57757.49,56710.11,56978.68,75091033
2021-02-01,57333.63,57598.25,56992.03,57465.45,70837335
2021-02-02,57649.98,57808.78,56927.01,57256.73,73509412
2021-02-03,57499.49,57720.89,56805.35,56944.12,89182171
2021-02-04,57043.2,57390,56649.7,56669.86,82020635
2021-02-05,56974.12,57725.53,56924.01,57453.85,77590696
2021-02-08,57723.56,57920.69,57337.75,57439.05,78826229
2021-02-09,57586.69,57586.91,57068.25,57247.73,74872044
2021-02-10,57452.75,57543.48,56582.69,56752.37,58713616
2021-02-11,56959.55,57934.64,56907.21,57790.5,49355866
2021-02-12,57691.18,57765.08,57042.13,57428.07,47298194
2021-02-15,57708.86,58504.68,57708.86,58422.63,49708824
2021-02-16,58595.03,59715.93,58513.65,59415.71,102545274
2021-02-17,59463.8,59489.39,58882.87,59008.47,65763312
2021-02-18,59068.12,59696.07,58632.85,58684.46,130385697
2021-02-19,58824.24,59026.19,58388.32,58712.53,78130382
2021-02-22,58486.64,58486.93,58041.18,58157.32,53361400
2021-02-23,58383.46,58468.48,56330.97,57029.17,88258835
2021-02-24,57182.54,57891.81,57182.07,57596.33,72323167
2021-02-25,57995.89,58377.67,57642.45,57706.4,64520825
2021-02-26,57138.96,57342.68,56400.33,56970.3,83653786
2021-03-01,57483.39,58025.13,57249.84,58012.31,64205861
2021-03-02,58018.74,58552.4,57855.32,58299.06,62580699
2021-03-03,58488.98,59043.17,57711.61,57897,69324969
2021-03-04,57724.77,57992.01,57104,57869.71,67693199
2021-03-05,57663.65,57969.09,57419.42,57643.55,60270909
2021-03-08,57946.68,58374.79,57814.78,58332.29,65767532
2021-03-09,58370.44,59351.9,58305.75,58971.22,62993873
2021-03-10,59135.36,59555.51,59127.74,59291.68,67518944
2021-03-11,59561.31,59694.2,58792.81,59028.6,57059817
2021-03-12,59125.72,59574.57,58839.27,59443.12,46757975
2021-03-15,59607.82,60089.6,59432.71,59528.38,58709711
2021-03-16,59750.98,59826.84,59006.84,59088.73,65556898
2021-03-17,58732.84,58732.84,57215.66,57924.26,114744595
2021-03-18,58071.47,58576.95,57940.26,58405.96,62377218
2021-03-19,58116.72,58218.35,57595.05,57595.05,95348920
2021-03-22,57560.68,58216.36,57544.84,57789.28,70341688
2021-03-23,57894.55,57908.03,57226.83,57695.05,43340577
2021-03-24,57182.17,57395.13,56792.95,57082.3,65619013
2021-03-25,57147.34,57264.17,56230.49,56448.66,60857445
2021-03-26,57004.35,57657.28,56787.35,57525.64,44684233
2021-03-29,57681.34,58477.43,57681.34,58444.34,47702996
2021-03-30,58724.66,58818.18,58070.09,58249.46,37054630
2021-03-31,58432.15,58432.15,57899.38,58081.5,53100745
2021-04-01,58243.34,58614.49,58095.95,58512.71,51014400
2021-04-06,58832.72,60023.32,58832.72,60023.32,61806033
2021-04-07,60018.61,60018.61,59494.3,59695.31,50604311
2021-04-08,59874.38,59880.35,59140.77,59435.58,44422946
2021-04-09,59452.12,59699.72,59167.4,59389.97,62622901
2021-04-12,59374.82,59645.06,59183.11,59645.06,77542724
2021-04-13,59719.44,59749.86,59280.2,59413.21,51549950
2021-04-14,59774.34,60146.63,59774.34,60146.63,52309177
2021-04-15,60237.13,60435.44,59925.73,60279.93,47112525
2021-04-16,60249.72,60448.71,59894.92,60158.72,48521087
2021-04-19,60245.63,60754.83,59692.78,59785.22,52007697
2021-04-20,59871.36,60061.3,59237.64,59386.5,52235338
2021-04-21,59360.75,59360.75,58855.97,59083.55,44657608
2021-04-22,59304.46,59674.57,59304.46,59376.35,40774627
2021-04-23,59361.37,59390.73,58739.59,59355.67,41369780
2021-04-26,59595.7,59731.04,59180.69,59731.04,41383115
2021-04-27,59832.76,59951.36,59571.06,59654.18,39735092
2021-04-28,59771.28,60535.81,59771.28,60462.4,66201569
2021-04-29,61009.85,61719.29,60739.05,61043.33,76515440
2021-04-30,61258.46,61304.91,60731.64,60810.55,47096894
2021-05-04,60977.56,60994.24,59868.05,59960.14,54913672
2021-05-05,60241.66,61026.33,60241.66,60936.81,41330800
2021-05-06,61092.26,61641.21,60756.37,60898.92,53988960
2021-05-07,61323.04,62155.88,61306.28,62109,50950613
2021-05-10,62566.85,63273.92,62566.85,62757.16,55437745
2021-05-11,62525.09,62647.63,61815.02,62552.31,66716972
2021-05-12,62681.63,62927.63,62023.89,62214.14,44810320
2021-05-13,62101.51,62149.54,61105.76,62004.52,49346267
2021-05-14,62307.15,62352.33,61469.68,62237.55,42185841
2021-05-17,62646.7,63112.91,62646.7,63095.13,40458604
2021-05-18,63452.57,63727.55,63243.59,63307.2,42299492
2021-05-19,63035.45,63119.69,62574.25,62778.65,43779878
2021-05-20,63011.74,63341.01,62452.58,63262.41,49458111
2021-05-21,63363.55,63822.31,63279.05,63626.19,46088051
2021-05-24,63659.61,63705.8,63431.97,63639.36,37404274
2021-05-25,63890.89,64123.78,63592.28,64055.2,50461537
2021-05-26,64228.41,64485.83,63848.71,64427.81,55322430
2021-05-27,64571.69,65460.26,64472.07,65400.51,65971836
2021-05-28,65563.48,66195.47,65563.48,66195.47,69038709
2021-05-31,66358.34,66624.88,66113.4,66284.71,45050561
2021-06-01,66406.98,67055.57,66098.28,66278.91,48989195
2021-06-02,66475.78,66782.33,66357.99,66757.97,44542588
2021-06-04,66771.64,67053.84,66369.01,66877.18,48978850
2021-06-07,66856.66,67406.8,66712.06,66771.72,55314823
2021-06-08,66652.53,66755.31,66164.68,66497.71,47827807
2021-06-09,66586.48,66754.1,66047.03,66114.56,58440717
2021-06-10,66118.73,66600.62,65937.26,66507.19,45515555
2021-06-11,66572.08,66572.08,66187.04,66210.63,35668890
2021-06-14,66404.43,66924.39,66403.52,66924.39,33222279
2021-06-15,67161.55,67266.94,66297.73,66316.44,42533415
2021-06-16,66230.82,66583.49,66180.17,66180.17,43874507
2021-06-17,65839.51,66078.11,65677.67,65806.48,41979230
2021-06-18,65767.69,66077.07,65674.78,65988.89,71936153
2021-06-21,65741.49,66014.7,65203.6,65947.24,33392795
2021-06-22,66188.64,66323.36,65724.22,66200.05,31922541
2021-06-23,66481.18,66812.31,66152.09,66733.76,25009756
2021-06-24,66761.9,67821.4,66745.21,67745.39,38509202
2021-06-25,67719.54,68118.05,67662.22,67947.66,34803022
2021-06-28,67796.92,68148.54,67452.31,67999.07,28667591
2021-06-29,67892.78,67920.42,67129.5,67264.87,38847149
2021-06-30,67389.31,67389.31,66055.24,66067.21,50428747
2021-07-01,66284.69,66924.6,66271.85,66836.25,46287042
2021-07-02,67084.54,67300.38,66957.54,67027.89,37919275
2021-07-05,67247.69,67439.67,67229.22,67350.36,25708286
2021-07-06,67555.17,67577.65,66651.18,66651.18,28738019
2021-07-07,66964,68106.25,66955.55,67917.27,37772999
2021-07-08,67716.41,67716.41,66535.5,66598.05,36987077
2021-07-09,66905.63,67207.45,66553.5,67128.8,27786195
2021-07-12,67139.93,67291.6,66944.22,67162.04,31209182
2021-07-13,67320,67776.88,67287.8,67448.53,27591961
2021-07-14,67517.61,67917.66,67516.98,67631.56,29868838
2021-07-15,67636.93,67878.09,67183.56,67292.59,44695160
2021-07-16,67400.16,67668.34,67256.8,67329.44,26822084
2021-07-19,67059.55,67139.83,65523.24,65737.96,39439984
2021-07-20,65755.6,66257.33,65512.09,66110.12,33082756
2021-07-21,66308.62,67329.55,66308.62,67093.95,35855310
2021-07-22,67243.64,67447.29,66831.91,66882.41,23747685
2021-07-23,67177.59,67239.41,66964.57,67190.72,24550269
2021-07-26,67179.17,67344.99,66746.01,67223.21,21893263
2021-07-27,67226.54,67254.57,66562.29,66710.29,22337408
2021-07-28,66749.35,67371.1,66725.47,67346.18,24989890
2021-07-29,67657.67,67863.55,67560.39,67833.05,34620273
2021-07-30,67428.58,67684.04,67384.83,67637.95,37495139
2021-08-02,67943.76,68041.75,67707.64,67838.54,28432651
2021-08-03,68044.06,68239.59,67648.66,67805.79,30355072
2021-08-04,68097.37,68362.03,68014.77,68170.76,24891431
2021-08-05,68120.89,68256.77,67905.61,68256.77,28887263
2021-08-06,68432.4,68432.4,67964.01,68387.12,28030512
2021-08-09,68348.85,68560.24,68268.42,68487.65,26274143
2021-08-10,68516.73,68778.27,68411.39,68635.19,31192869
2021-08-11,68620.88,68813.65,68284.03,68813.65,33863600
2021-08-12,68765.39,69076.8,68679.07,69076.8,36607767
2021-08-13,69036.63,69254.4,68924.33,69254.4,25508973
2021-08-16,68919.16,69166.6,68767.01,68811.77,27668414
2021-08-17,68825.52,69175.89,68641.91,69160.02,30007986
2021-08-18,69117.58,69175.13,68549.96,68796.17,30532386
2021-08-19,68503.03,68503.03,67475.15,68035.61,35438522
2021-08-20,68013.25,68064.62,67748.67,67966.14,74993437
2021-08-23,68315.45,68816.76,68303.13,68763,49558587
2021-08-24,68936.81,69093.64,68639.33,69093.64,64997730
2021-08-25,69003.04,69728.77,68885.4,69728.77,57222599
2021-08-26,69571.62,69865.76,69362.99,69454.99,36868611
2021-08-27,69580.94,69774.86,69143.66,69774.86,51953146
2021-08-30,69897.47,70526.66,69897.47,70526.66,74829337
2021-08-31,70557.14,71111.3,70399.65,70930.15,89902108
2021-09-01,71068.85,71347.35,70918.53,70995.66,68486575
2021-09-02,71093.27,71431.16,70804.72,71431.16,54328201
2021-09-03,71454.87,71454.87,70967.77,71177.34,80253990
2021-09-06,71188.25,72170.41,71188.25,72170.41,114800826
2021-09-07,72029.67,72084.91,71608.51,71798.97,67277193
2021-09-08,71692.69,71692.69,70908.81,70970.4,75191213
2021-09-09,70794.55,71022.79,70499.17,70980.21,76612236
2021-09-10,71160.51,71464.34,71067.49,71091.23,71659791
2021-09-13,71267.78,71804,71216.32,71804,79135350
2021-09-14,71817.24,72244.3,71620.11,72040.73,72747100
2021-09-15,71715.67,71956.45,71509.28,71711.5,54641911
2021-09-16,71679.74,71992.58,71472.35,71674.66,63617819
2021-09-17,71596.59,71665.2,71037.31,71107.64,72757913
2021-09-20,70583,70583,68713.9,69144.42,73049268
2021-09-21,69063.24,69993.03,69061.84,69420.01,45878414
2021-09-22,70082.54,70960.98,69974.88,70950.82,34766676
2021-09-23,71412.38,71447.6,70622.61,70725.53,39322842
2021-09-24,70765.75,70813.42,70062.71,70162.59,32497261
2021-09-27,70489.8,70507.09,69847.72,70027.1,34846116
2021-09-28,70023.05,70179.46,69346.88,69440.48,44771392
2021-09-29,69406.76,70007.16,69326.38,69871.41,39316937
2021-09-30,70216.65,70410.35,70016.47,70340.86,57331900
2021-10-01,69837.38,70934.09,69635.93,70811.97,80657297
2021-10-04,70778.8,71782.03,70466.94,71265.39,92782712
2021-10-05,71305.98,71969.93,70894.91,71940.47,72632960
2021-10-06,71795.43,71968.27,71042.15,71789.34,131964475
2021-10-07,72051.31,72209.73,71445.53,72124.89,86454220
2021-10-08,72346.68,73397.44,72346.68,73327.72,77155216
2021-10-11,73386.39,74459.9,73349.17,74459.9,58858970
2021-10-12,73977.94,74860.4,73884.34,74736.92,76472649
2021-10-13,74673.69,74824.23,74007.92,74282.98,71524546
2021-10-14,74696.4,74808.28,74225.06,74524.78,68939563
2021-10-15,74540.81,74604.29,74016.76,74444.83,53015208
2021-10-18,74527.91,74936.61,74407.9,74651.77,36214673
2021-10-19,74827.82,74968.51,74092.19,74298.79,55510956
2021-10-20,74195.02,74401.6,73967.33,74222.39,79487607
2021-10-21,73768.8,73964.94,73641.92,73818.53,64177962
2021-10-22,73736.66,74129.17,73572.84,73602.06,40406156
2021-10-25,73721.72,73950.83,73654.35,73876.44,43113216
2021-10-26,73898.33,74163.36,73589.18,73909.36,48199780
2021-10-27,73662.17,73751.25,73005.38,73377.9,50221408
2021-10-28,73349.92,73524.34,73133.43,73217.44,44356022
2021-10-29,73159.21,74175.44,72940.77,73586.32,55914005
2021-11-02,73807.64,74163.21,73354.88,73770.02,71951703
2021-11-03,73986.18,74261.74,72724.77,72975.13,62651568
2021-11-04,73585.77,74725.82,73516.78,74659.51,61054614
2021-11-05,74565.22,74899.53,74347.21,74813.24,54552714
2021-11-08,75018.06,75018.06,74265.38,74431.48,39351668
2021-11-09,74378.42,74378.42,73539.99,73574.18,48577618
2021-11-10,73587.41,73902.29,72410.01,72794.96,65462666
2021-11-12,73267.1,73270.32,72574.53,72574.53,52506817
2021-11-15,72745.61,73281.82,72086.26,72086.26,47893914
2021-11-16,72325.52,72447.49,71938.9,72119.39,41828674
2021-11-17,72394.51,72443.13,71381.72,71522.51,40755903
2021-11-18,71308.85,71308.85,69871.31,70145.47,48420757
2021-11-19,70415.04,70527.88,68677.64,69415.67,57328385
2021-11-22,69545,69722.49,68863.32,69339.63,47704702
2021-11-23,69124.89,69724.16,68649.29,69573.78,42736617
2021-11-24,69725.88,69961.35,68821.04,69124.84,45781557
2021-11-25,69272.36,69342.24,68647.54,68860.62,33266292
2021-11-26,67287.85,67314.34,66365.51,66440.82,68149958
2021-11-29,66904.98,66957.15,65768.62,66648.65,60234439
2021-11-30,65940.54,67966.86,65915.5,67814.89,95624557
2021-12-01,68571.91,68793.95,67885.54,68513.01,52740418
2021-12-02,67976.69,68311.44,67670.97,68203.86,44102870
2021-12-03,68541.74,68836.96,67631.17,67730.01,45226639
2021-12-06,68009.91,68132.38,67586.6,67835.38,42898480
2021-12-07,68454.96,69009.39,68377.13,68979.12,49899156
2021-12-08,69285.93,69367.22,68586.93,68729.56,37833970
2021-12-09,68586.85,69107.64,67689.35,68326.8,43796799
2021-12-10,68097.45,68671.85,68097.45,68368.83,25516223
2021-12-13,68609.19,69140.58,68058.68,68230.1,40918412
2021-12-14,68513.76,68513.76,67621.4,67902.92,43219777
2021-12-15,67665.48,67700.01,66411.74,66570.63,43422957
2021-12-16,67454.5,68048.97,67218.46,67984.08,46693943
2021-12-17,67612.02,67775.33,66986.58,67153.1,93207649
2021-12-20,66100.81,67146.64,65750.84,67069.57,41873371
2021-12-21,67426.68,67522.91,67087.2,67163.26,37753890
2021-12-22,67336.42,67756.65,67231.7,67756.65,34230195
2021-12-23,67970.63,68251.88,67890.94,68120.16,46385531
2021-12-27,68258.28,68258.28,67653.01,68090.43,56825333
2021-12-28,67998.76,68777,67998.76,68737.48,65500769
2021-12-29,68629.83,69166.86,68629.83,69148.97,45275146
2021-12-30,69176.63,69296.26,68854.2,69296.26,43081149
2022-01-03,69667.28,70392.64,69667.28,70077.55,41067919
2022-01-04,70495.22,70514.03,70129.75,70469.03,47031567
2022-01-05,70273.57,70750.99,70146.88,70750.99,46096164
2022-01-07,70348.39,70863.53,69990.43,70850.99,44167420
2022-01-10,70959.53,71260.31,70361.52,70411.91,43229218
2022-01-11,70939.34,71722.88,70542.91,71706.57,49107396
2022-01-12,72255.12,73334.24,72251.38,73334.24,70016387
2022-01-13,73301.37,73697.5,73132.82,73245.28,62205766
2022-01-14,73106.68,73296.41,72266.53,72563.29,48356145
2022-01-17,72495.06,72682.57,72064.71,72250.41,43721291
2022-01-18,72021.47,72081.1,70911.85,70911.85,41192501
2022-01-19,70430.12,71205.73,70166.2,70733.07,73620310
2022-01-20,71029.38,71076.67,70144.2,70419.86,43157560
2022-01-21,69833.83,69881.49,68911.92,69265.35,51874168
2022-01-24,68998.2,69397.4,65673.3,66220.35,74150830
2022-01-25,66803.27,67433.84,66235.32,67047.4,49977951
2022-01-26,67339.1,68376.45,67339.1,68035.19,39073747
2022-01-27,67210.05,68294.2,67141.53,68131.21,34411847
2022-01-28,68080.79,68080.79,66447.05,66892.11,42486731
2022-01-31,67682.23,67734.76,67022.01,67418.41,41282346
2022-02-01,67968.28,68234.98,67671.91,67972.26,29313613
2022-02-02,68267.6,69062.32,68000.73,68875.71,50468765
2022-02-03,68766.54,68862.26,68273.23,68551,46684231
2022-02-04,68657.02,68769.52,67149.47,67149.47,38874718
2022-02-07,67717.85,67780.22,66560.67,67090.36,33358704
2022-02-08,67122.9,68071.99,67122.9,68071.99,39168799
2022-02-09,68280.67,68567.24,68149.67,68491.39,39096469
2022-02-10,68624.07,68664.83,67669.2,67939.86,30294795
2022-02-11,67450.64,67670.97,66748.24,67618,28239248
2022-02-14,66135.16,66494.34,64980.65,66094.22,49971133
2022-02-15,66444.36,67889.91,66444.36,67532.04,36501183
2022-02-16,68242.16,68537.26,67341.97,67607.05,33950735
2022-02-17,67713.42,67713.42,66297.72,66409.08,44223558
2022-02-18,66382.55,66806.76,65696.56,65696.56,31712921
2022-02-21,66026.34,66135.45,63248.93,63605.74,46350475
2022-02-22,61873.9,64482.62,61810.12,64384.3,60774791
2022-02-23,64806.12,65155.22,62826.09,62826.09,45355167
2022-02-24,59796.96,59796.96,54822.98,56086.65,157680847
2022-02-25,57308.49,60913.45,57308.49,60414.19,102120906
2022-02-28,58835.76,61216.18,58469.92,61141.35,117922861
2022-03-01,61478.81,62379.14,59973.9,60030.88,104872253
2022-03-02,59904.47,61659.59,59712.56,61659.59,140979496
2022-03-03,62140.55,62269.73,60747.53,61010.19,146584955
2022-03-04,60402.79,60556.1,57768.43,58386.18,97999666
2022-03-07,57235.36,59043.51,56468.97,58562.7,149418580
2022-03-08,58264.12,59578.76,57598.4,57908.79,84786997
2022-03-09,58932.66,59964.45,58709.38,59917.86,87505171
2022-03-10,60449.78,60461.43,59320.49,59796.72,69166273
2022-03-11,60284.54,61565.52,60222.24,61323.15,70867682
2022-03-14,61167.54,61363.42,60040.83,60044.05,53410995
2022-03-15,60040.69,61072.87,59378.19,60656.75,54494273
2022-03-16,61763.41,62488.8,61635.1,62488.8,72103900
2022-03-17,63132.35,64133.07,63052.33,64133.07,72802394
2022-03-18,64159.15,64408.4,63258.37,63658.84,110169560
2022-03-21,63885.76,64366.38,63299.62,63588.98,62897257
2022-03-22,63869.15,64347.59,63660.28,64318.55,57745188
2022-03-23,64596.85,65007.67,63886.81,64374.28,51220856
2022-03-24,64659.12,65225.9,64290.74,64948.68,62276378
2022-03-25,65178.45,65178.45,63988.05,64420.13,51808346
2022-03-28,64432.35,65111.64,64432.35,64581.93,43196329
2022-03-29,64959.31,66152.28,64230.04,65603.53,78242699
2022-03-30,65814.89,66052,65374.78,65909.37,52152441
2022-03-31,65917.22,66050.07,64900.36,64900.36,55212389
2022-04-01,65156.24,65740.4,65123.74,65716.19,53556601
2022-04-04,66049.06,66222.27,65431.66,65685.17,64211281
2022-04-05,65875.34,66041.07,64799.53,64906.52,44228945
2022-04-06,64926.56,64977.91,63705.02,64264.54,57680081
2022-04-07,64400.97,64508.62,63524.54,63524.54,50939898
2022-04-08,64011.06,64248.23,63443.23,63718.63,39805457
2022-04-11,63651.09,64494.3,63254.72,64494.3,46076199
2022-04-12,64182.83,64289.54,63811.01,63863.17,46915168
2022-04-13,64179.04,64290.21,63673.62,64037.41,36618725
2022-04-14,64328.39,64360.32,63642.98,63760.06,31237864
2022-04-19,63924.66,64003.09,62615.87,63200.73,42919641
2022-04-20,63528.81,63893.07,62780.02,62780.02,37154901
2022-04-21,63191.09,63364.45,62331.7,62331.7,44067409
2022-04-22,62036.35,62112.53,60903.71,60903.71,38147775
2022-04-25,59997.97,60590.12,59153.57,59442.53,59868710
2022-04-26,60110.8,60219.38,58824.84,58836.03,43473347
2022-04-27,58688.7,58777.85,57833.97,58139.06,46297238
2022-04-28,58934.65,58934.65,58050.33,58300.98,42179147
2022-04-29,58878.99,59202.07,57577.7,57754.98,103971628
2022-05-02,57632.68,57632.68,56686.74,56886.29,49015335
2022-05-04,57226.74,57226.74,56481.44,56695.38,56758253
2022-05-05,57700.02,57700.02,55457.43,55467.4,60906394
2022-05-06,55099.97,55237.12,54060.57,55237.12,49953226
2022-05-09,54793.52,55166.4,54177.95,54194.24,32347102
2022-05-10,54682.8,54687.29,53521.48,53951.73,48627472
2022-05-11,54165.66,54557.34,53677.96,53899.7,49261999
2022-05-12,52796.43,53558.08,52140.5,53074.58,61063614
2022-05-13,53890.3,55321.31,53890.3,55143.54,52627067
2022-05-16,55079.8,56112.96,54853.47,55260.52,43835979
2022-05-17,55790.81,56681.64,55450.04,56247.82,55287151
2022-05-18,56398.51,56984.38,56266.84,56292.6,52900334
2022-05-19,55169.66,55815.62,54977.73,55555.31,44743222
2022-05-20,56010.86,56315.09,55687.59,55687.59,41916624
2022-05-23,56565.75,57167.82,56478.67,57167.82,51539563.531396
2022-05-24,56777.03,57345.7,56513.96,56514.99,46868753
2022-05-25,57055.07,57101.14,56018.72,56167.94,34902901
2022-05-26,56277.66,57015.17,56038.76,56929.76,35542700
2022-05-27,57091.88,57115.74,56338.57,56609.87,38736012
2022-05-30,57167.21,57836.79,57033.83,57836.79,31939201
2022-05-31,57724.68,57914.62,57314.82,57432.29,85497292
2022-06-01,57485.16,57516.79,56852.04,57025.53,31953425
2022-06-02,57195.7,57382.62,56867.66,57227.34,27957406
2022-06-03,57659.58,57675.23,56707.54,56857.65,27972814
2022-06-06,57098.3,57642.64,56968.59,57588.05,21831012.476249
2022-06-07,57197.13,57249.71,56790.89,57098.75,27297618
2022-06-08,57149.62,57149.62,55874.28,56070.26,38050473
2022-06-09,55936.22,56266.72,55340.98,55440.27,29195138
2022-06-10,55009.88,55009.88,54157.23,54307.76,32502098
2022-06-13,53302.69,53657.24,52723.11,52854.04,39796895
2022-06-14,53258.59,53455.87,52733.58,53247.17,35298225
2022-06-15,53342.65,53364.12,52464.61,53357.34,38625995
2022-06-17,52514.82,53357.61,52370.43,52629.58,70471476
2022-06-20,53068.57,53166.04,52720.57,52939.91,30172046
2022-06-21,53440.07,54066.32,53335,54066.32,32292153
2022-06-22,53377,53377,52690.92,53001.66,33879067
2022-06-23,53068.4,53179.06,52274.01,52274.01,28451585
2022-06-24,52510.25,53116.94,52287.43,53014.11,28073750
2022-06-27,53401.86,53849.32,53271.54,53849.32,29598464
2022-06-28,54202.53,54663.55,54199.16,54492.82,36072956.370266
2022-06-29,53879.13,54699.63,53874.35,54699.63,36268386
2022-06-30,54108.49,54163.94,53360.96,53573.42,37920054.739253
2022-07-01,53471.57,54084.46,53417.61,53433.55,30875648
2022-07-04,53743.67,53743.67,52808.94,53455.23,36357254
2022-07-05,53868.36,53868.36,51749.11,52064.47,37038563
2022-07-06,52387.19,52737.26,51804.38,52139.6,46942421
2022-07-07,52657.79,53932.81,52636.8,53853.42,35112876
2022-07-08,53701.01,54663.11,53618.42,54611.02,37719380
2022-07-11,53788.43,54254.99,53673.81,54081.12,48165140
2022-07-12,53744.43,53788.8,52658.73,52667.43,43086728
2022-07-13,52897.67,52963.55,52106.35,52440.94,36003676
2022-07-14,52519.53,52650.4,51060.69,51418.11,40756762
2022-07-15,51592.62,51950.07,51302.65,51633.52,30203611
2022-07-18,52299.87,52947.63,52299.87,52947.63,30962643
2022-07-19,52708.88,53276.51,52480.32,53240.23,30527767.429008
2022-07-20,53742.87,53858.95,53258.47,53733.48,39245716
2022-07-21,53766.44,53896.52,52945.2,53415.38,38279100
2022-07-22,53611.58,54284.72,53577.14,54105.89,38256204
2022-07-25,53889.68,54290.63,53680.71,53707.85,36301346
2022-07-26,53816.95,53856.81,52817.14,52981.83,41501594
2022-07-27,53300.22,53377.47,52408.37,52873.92,51119747
2022-07-28,53354.24,53602.55,52976,53324.51,60437462
2022-07-29,53859.72,55007.36,53859.56,55007.36,55493846
2022-08-01,55070.99,55381.12,54827.71,55345.68,32611652.857143
2022-08-02,55042.61,55139.04,54693.11,54767.2,39935831
2022-08-03,54819.83,55021.07,54352.17,54841.05,45989134
2022-08-04,54912.52,55006.12,54210.68,54351.82,41989492
2022-08-05,54719.67,54917.28,53592.07,53863.78,33801959
2022-08-08,54237.15,55009.15,53934.44,55009.15,36654632.166666
2022-08-09,55040.65,55319.6,54668.34,54724.98,32755688
2022-08-10,54526.82,55100.99,54164.06,54955.75,38536981.108595
2022-08-11,55368.59,55774.95,54902.59,55774.95,32407926.04514
2022-08-12,55672.73,56121.6,55599.56,56070.42,35497237
2022-08-16,56244.21,56858.54,56018.29,56217.76,38305711
2022-08-17,56309.25,56317.34,54787.43,54867.57,37642288
2022-08-18,54704.51,55293.12,54632.76,55245.45,34347265
2022-08-19,54835.27,55076.13,54371.76,54398.69,35596877
2022-08-22,54034.65,54219.6,53106.34,53368.61,34721479
2022-08-23,53171.86,53954.79,53142.46,53689.66,52932169
2022-08-24,53470.43,53644.27,52577.28,52711.92,37949629
2022-08-25,53157.23,53585.17,52828.74,53074.42,48921308
2022-08-26,53139.82,53229,52100.93,52282.33,51622592
2022-08-29,51490.17,51539.11,50923.65,51274.1,40906072
2022-08-30,51537.09,51643.66,50240.74,50240.74,41180729
2022-08-31,50448.6,50605.52,49747.29,50174.09,65424443
2022-09-01,49678.88,49768.57,48479.34,48479.34,48554455
2022-09-02,48886.48,49671.47,48606.43,49671.47,50464537
2022-09-05,49159.05,49661.68,49061.44,49380.47,27439918
2022-09-06,49467.63,49726.74,48137.64,48373.48,37524092
2022-09-07,48059.94,48902.57,47796.75,48883.67,45941928.600203
2022-09-08,49396.73,49573.84,48752.57,49104.24,39576921
2022-09-09,49658.12,50708.61,49593.7,50708.61,39745407
2022-09-12,51043.86,51323.52,50372.35,51295.23,38150851
2022-09-13,51598.78,51638.56,49982.01,50065.29,41461810
2022-09-14,49761.33,50389.12,49761.33,50296.85,35497709
2022-09-15,50319.13,50860.53,50245.07,50571.87,41307720
2022-09-16,50321.1,50333.38,49030.96,49350.07,94480771
2022-09-19,49417.48,50071.88,49352.18,50071.88,34832104
2022-09-20,50352.59,50591.64,49209.6,49253.15,37135565
2022-09-21,49014.44,49594.19,48907.1,49477.58,37463429
2022-09-22,48933.31,49951.07,48920.91,49765.47,39456932
2022-09-23,49724.57,49724.57,47957.52,48081.16,38420210
2022-09-26,47305.86,47787.56,46550.49,47185.13,55811142
2022-09-27,47613.15,48166.39,47536.03,47859.82,39012513
2022-09-28,47289.26,47504.28,46569.31,47468.26,43722484
2022-09-29,47686.77,47730.58,45726.31,45864.62,43812059
2022-09-30,46226.86,46346.78,45597.65,45970.64,45518168
2022-10-03,45840.63,46312.48,45023.49,46312.48,37250524
2022-10-04,47046.13,48070.03,46957.26,48070.03,42330082
2022-10-05,48030.75,48030.75,47155.99,47160.97,29741865
2022-10-06,47559.04,47999.96,47021.53,47299.55,31050961
2022-10-07,47000.91,47316.8,46734.06,46911.05,29174209
2022-10-10,46529.45,46667.3,46070.95,46086.4,36376315
2022-10-11,45932.3,46743.24,45595.64,46217.66,37823044
2022-10-12,46441.13,46441.13,45870.77,46071.33,41048064
2022-10-13,46020.04,46239.19,45017.5,45621.39,47180551
2022-10-14,46719.02,46913.46,46297.16,46570.39,41666970
2022-10-17,46567.39,47120.45,46243.22,47009.07,28948279
2022-10-18,47237.86,47665.25,47104.48,47349.71,47535615
2022-10-19,47386.83,47386.83,46453.98,46509.19,37002946.5
2022-10-20,46504.95,47365.6,46215.3,47283.29,51307095
2022-10-21,46956.85,47261.27,46363.63,46768.23,35686928
2022-10-24,47254.77,47639.44,46832.68,47370.66,41781031
2022-10-25,47594.06,47893.27,47133.74,47700.34,46711400
2022-10-26,47753.64,48934.47,47753.64,48934.47,44389511
2022-10-27,48870.62,49437.4,48636.16,49437.4,46586540
2022-10-28,48956.1,49729.37,48771.67,49547.35,63505531
2022-10-31,49691.18,50432.55,49579.85,50432.55,45499219
2022-11-02,50837.89,51392.8,50788.65,51334.82,56340957
2022-11-03,50522.28,50941.2,50413.08,50915.87,41313710
2022-11-04,51339.76,52393.85,51339.76,52300.2,48698045
2022-11-07,52433.13,53321.2,52349.46,52682.32,67372611
2022-11-08,52617.19,53324.24,52307.52,53324.24,46595638
2022-11-09,53334.53,53731.85,53161.91,53294.45,47106850
2022-11-10,52967.78,54480.61,52564.14,54421.13,55177688
2022-11-14,55023.92,56243.58,55023.92,55812.08,73626424
2022-11-15,56212.63,56712.7,55374.27,56385.92,59451961.841118
2022-11-16,55642.15,56121.94,55304.98,55612.11,53928062
2022-11-17,55750.37,55831.86,54443.52,54791.43,42396264
2022-11-18,54909.94,55312.44,54337.26,54891.25,39134280
2022-11-21,54850.98,54893.75,54235.77,54259.77,37405677
2022-11-22,54362.3,55463.06,54174.37,55166.92,38645231
2022-11-23,55452.59,55681.12,54912.79,55119.04,39064265
2022-11-24,55554.5,56107.93,55338.88,56107.93,40197860
2022-11-25,55945.25,56440.71,55718.92,56280.53,30632113
2022-11-28,56042.53,56134.79,55655.97,55748.47,35290320
2022-11-29,56076.89,56123.57,55452.88,55942.67,53114275
2022-11-30,56161.03,56577.34,55755.14,56058.18,157734452
2022-12-01,56695.1,56867.54,56265.81,56867.54,61099776
2022-12-02,56619.99,56622.03,56006.71,56207.29,47418303
2022-12-05,56494.69,57021.59,56367.57,56478.83,35369401.74359
2022-12-06,56191.88,56273.37,55768.35,55908.34,34363177
2022-12-07,55634.23,56079.38,55608.42,55983.89,31408019
2022-12-08,55916.34,55948.08,55447.35,55717.43,38228794
2022-12-09,55925.4,55979.47,55518.12,55836.35,34466960
2022-12-12,55663.78,56571.91,55464.96,56515.01,30886749
2022-12-13,56559.88,57785.23,56171.97,57362.88,39509027
2022-12-14,57273.98,57584.17,57264.37,57447.38,32279391
2022-12-15,57137.13,57200.74,56199.59,56450.56,41149206
2022-12-16,56092.65,56367.36,55598.8,56032.12,66441277
2022-12-19,56072.3,56400.23,55977.92,56118.16,27242716
2022-12-20,55678.17,56656.26,55643.34,56656.26,27863149
2022-12-21,56705.77,57291.89,56475.29,57291.89,28331378.010116
2022-12-22,57344.84,57545.79,56976.04,57088.69,24809425
2022-12-23,57021.53,57112.15,56802,57039.91,21274154
2022-12-27,57342.01,57355.9,56473.03,56574.46,28019119
2022-12-28,56488.86,56811.6,56398.97,56641.19,33726128
2022-12-29,56673.76,57637.95,56572.72,57637.95,26811699
2022-12-30,57421.88,57548.02,57283.79,57462.68,28085169
2023-01-02,57578.13,58118.99,57512.46,57694,28108343
2023-01-03,57871.29,59044.73,57785.32,58795.62,59942444
2023-01-04,58944.64,59781.73,58881.22,59754.4,48757454
2023-01-05,59568.59,60645.24,59524.48,59854.8,55610264
2023-01-09,60649.5,61364.58,60571.24,61364.58,57760407
2023-01-10,60984.99,62024.09,60860,61967.33,44148316
2023-01-11,62101.65,62450.32,61252.96,61279.52,54059719
2023-01-12,61540.96,62233.89,61436.15,61751.5,72734267
2023-01-13,61844.3,62000.18,61206.3,61565.83,37862378
2023-01-16,61650.84,62073.15,61028.66,61867.14,41870595
2023-01-17,61800.72,61862.74,60912.28,61041.14,38334524
2023-01-18,61189.63,61579.29,60756.32,61176.97,54480483
2023-01-19,60634.86,60893.33,59952.2,60555.94,51857183
2023-01-20,60856.94,60878.93,60375.17,60788.05,36939535
2023-01-23,61217.8,61738.64,61066.44,61619.86,40763425
2023-01-24,61961.48,62288.93,61370.25,61500.61,45377474
2023-01-25,61013.76,61053.48,60369.58,60530.45,41744991
2023-01-26,61188.65,61446.27,60706.81,61235.79,35468953
2023-01-27,61357.11,61606.21,61202.73,61269.7,35595206
2023-01-30,60996.02,61018.69,60445.03,60589.15,37363543
2023-01-31,60427.35,61362.75,60332.71,61286.58,45828020
2023-02-01,61294.61,61509.93,60488.42,60488.42,49278624
2023-02-02,61312.43,61685.76,60758.74,61367.64,46575761
2023-02-03,61297.78,61753.12,61189.29,61465.85,37108579
2023-02-06,61285.22,61340.03,60318.18,60343.17,34189497
2023-02-07,60628,60659.03,60181.82,60491.08,33862443
2023-02-08,60997.36,61218.89,60826.99,60952.29,31004378
2023-02-09,61233.13,61791.66,61179.12,61394.17,36512897
2023-02-10,61035.89,61091.53,59742.03,60008.87,45183620
2023-02-13,60364.72,60375.59,59726.8,60106.84,34271071
2023-02-14,60325.46,60521.65,59876,60141.79,31690861
2023-02-15,60004.29,60611.64,59937.26,60584.75,30216509
2023-02-16,60876.8,61038.82,59967.76,60608.71,41605635
2023-02-17,60206.85,60630.89,60086.05,60459.17,31220258
2023-02-20,60597.17,60597.17,60055.23,60242.74,24124994
2023-02-21,60086,60218.55,59207.19,59514.95,28460499
2023-02-22,59363.04,59374.81,58411.69,58700.74,33934683
2023-02-23,58866.16,59509.86,58834.54,59474.66,26087032
2023-02-24,59494.83,59704.92,58914.42,59051.34,24307432
2023-02-27,59206.13,59603.55,59009.02,59406.03,23373038
2023-02-28,59240.99,60181.4,59158.14,60181.4,42268218
2023-03-01,60369.79,60767.21,60252.98,60502.07,31678967
2023-03-02,60241.13,60241.13,59377.49,59469,43888183
2023-03-03,59733.01,60205.87,59611.11,60205.87,32859499
2023-03-06,60558.69,61396.59,60477.96,61253.26,35199375
2023-03-07,61137.93,61554.09,60830.14,60852.51,42244028
2023-03-08,60681.26,61198.19,60558.82,61096.28,42356347
2023-03-09,61071.2,61071.2,60604.2,60642.79,31765452
2023-03-10,59740.32,59836.05,59172.5,59570,42298349
2023-03-13,59843.48,59843.48,57548.67,58204.15,50194292
2023-03-14,58249.17,58679.59,57847.72,58386.16,34897592
2023-03-15,58443.39,58722.03,56745.69,56844.08,45094674
2023-03-16,57326.66,57417.47,55840.78,56905.06,49667867
2023-03-17,57385.59,57589.44,56013.48,56283.05,63682889
2023-03-20,55639.98,56526.41,54837.78,56451.04,36192245
2023-03-21,56871.12,57503.61,56781.4,57317.98,38359002
2023-03-22,57288.55,57686.62,56952.06,56989.76,30131627
2023-03-23,56911.11,57161.16,56310.68,56983.56,28642210
2023-03-24,56819.14,56819.14,55757.18,56024.38,33198847
2023-03-27,56438.84,56673.73,55951.25,56502.5,29354342
2023-03-28,56881.65,57252.92,56577.34,56770,40283443
2023-03-29,57157.35,57250.5,56623.5,57173.15,45438195
2023-03-30,57478.53,58665.21,57478.53,58665.21,49466414
2023-03-31,58972.84,58998.58,58480.56,58608.76,55680124
2023-04-03,58827.01,59607.77,58780.16,59045.1,44122518
2023-04-04,59329.16,59620.75,58932.85,59027.2,34555669
2023-04-05,59102.07,59102.07,58464.5,58548.76,34781572
2023-04-06,58672.93,58819.56,58395.22,58538.87,21871863
2023-04-11,58886.43,59538.91,58691.1,59538.91,41336811
2023-04-12,59432.17,60345.95,59211.28,60262.5,44044838
2023-04-13,60160.28,61063.22,60101.05,60938.85,45536270
2023-04-14,61244.8,61597.5,61078.76,61293.06,40597998
2023-04-17,61514.36,61733.03,61403.56,61656.26,37725630
2023-04-18,61768.58,62876.11,61603.67,62496.3,36135468
2023-04-19,62312.82,62537.42,61818.61,62435.08,31698594
2023-04-20,62428.57,63195.06,62428.57,62756.88,38416447
2023-04-21,62320.64,62526.82,62008.68,62409.21,31145154
2023-04-24,62290.91,62827.76,62030.54,62642.5,31105441
2023-04-25,62521.64,62686.74,62048.63,62147.08,32386329
2023-04-26,62037.83,62351.34,61537.33,61980.14,33670521
2023-04-27,62151.15,63633.69,62151.15,63569.86,35330941
2023-04-28,63780.13,63780.13,62811.56,62948.5,36972166
2023-05-02,63059.44,63731.79,62839.63,62839.63,31339692
2023-05-04,62880.98,63191.02,61800.83,61875.44,45087750
2023-05-05,62162.22,62734.96,61973.52,62692.96,26783658
2023-05-08,62896.35,63510.47,62804.1,63135.67,41287065
2023-05-09,63063.79,63206.35,62704.67,63189.09,29490615
2023-05-10,63393.53,64104.16,63014.16,63573.42,46906070
2023-05-11,63621.02,63909.31,63029.98,63144.1,36713850
2023-05-12,63335.26,63928.18,63151.35,63669.39,42030576
2023-05-15,63982.2,64156.42,63456.5,63691.31,37539768
2023-05-16,63562.95,64156.44,63457.36,63940.58,30972567
2023-05-17,63770.98,63881.19,63419.58,63519.2,37438355
2023-05-18,63974.09,64130.25,63498.61,63629.04,38829135
2023-05-19,63928.01,64940.29,63845.78,64919.22,40208209
2023-05-22,64978.85,65614.31,64837.37,65430.97,41897961
2023-05-23,65472.23,65992.36,65347.86,65419.25,36996149
2023-05-24,65025.86,65100.72,64018.02,64116.96,35900200.728658
2023-05-25,64265.98,64265.98,63441.9,63671.87,34007702
2023-05-26,63787.38,64830.63,63637.03,64788.01,28171954
2023-05-29,65081.44,65081.44,64608.08,64683.98,19469437
2023-05-30,64459.13,64461.76,63792.2,63820.35,30089105
2023-05-31,63344.45,63344.45,62127.83,62285.97,73778745
2023-06-01,62692.13,63702.57,62533.77,63636.25,28042576
2023-06-02,64242.58,65654.39,64219.18,65654.39,36876477
2023-06-05,65882.4,66514.33,65464.56,65683.04,30244357
2023-06-06,65719.15,66687.78,65638.59,66567.5,42866013
2023-06-07,66491.8,66571.38,65819.35,66093.75,32811341
2023-06-09,66517.42,66801.86,66274.58,66531.53,31693144
2023-06-12,66582.4,66895.29,66213.39,66297.57,30316516.854021
2023-06-13,66635.16,66635.16,65605.77,65619.25,43447628
2023-06-14,65795.41,67102.77,65769.53,67005.54,53293877
2023-06-15,66965.76,67578.46,66488.06,67556.07,45843735
2023-06-16,67747.36,68433.53,67667.16,67850.51,87705210
2023-06-19,67711.49,68154.09,67343.69,67358.25,33169625
2023-06-20,67294.21,67505.85,66823.12,66889.25,26513047
2023-06-21,66996.35,67440.58,66791.59,67178.62,26496586
2023-06-22,67105.43,67562.09,66730.23,67277.2,27495739
2023-06-23,67033.06,67229.24,66227.66,66272.99,25126133
2023-06-26,66502.88,67311.29,66057.16,67119.55,22799607.570342
2023-06-27,67343.36,67484.43,66011.99,66398.81,28816768
2023-06-28,66862.24,67170.77,66254.82,66690.08,28526256.681489
2023-06-29,66832.88,67331.68,66757.93,67245.28,29952006
2023-06-30,67421.63,67452.66,66766.33,67283.22,29667325
2023-07-03,67512.95,68024.98,67382.92,67962.32,28004779
2023-07-04,68037.43,68037.43,67434.88,67473.88,23478568.498501
2023-07-05,67346.55,67362.7,66424.23,66461.04,37794616
2023-07-06,66077.61,66692.85,65743.85,66408.37,48584108
2023-07-07,66498.55,67212.57,66462.91,67181.67,32355140
2023-07-10,66927.42,67523.21,66828.24,67516.6,23163238
2023-07-11,67968.89,68016.84,67639.31,67934.82,26635354
2023-07-12,68139.09,69667.83,68122.17,69667.83,38022326
2023-07-13,69702.97,70082.54,69530.79,69740.36,36054984
2023-07-14,69632.54,70566.9,69576.1,70242.39,29709566
2023-07-17,70111.73,70998.33,70111.73,70682.89,81771478.72
2023-07-18,70787.15,71383.58,70615.3,71383.58,42796291
2023-07-19,71579.52,71855.89,71389.77,71636.2,36885757
2023-07-20,71440.68,71798.13,71240.57,71377.56,30094293.797306
2023-07-21,71448.81,71453.29,70924.82,71298.19,26899066
2023-07-24,71406.32,71850.63,71406.32,71717.01,26973436
2023-07-25,71836.85,72110.46,71548.35,71941.81,27528482
2023-07-26,72046.54,72118.81,71216.4,71385.58,24322855
2023-07-27,71654.72,72129.48,71525.36,71986.43,30832394
2023-07-28,71812.38,72061.36,71558.08,71965.41,26900633
2023-07-31,72107.48,72440.23,71955.63,72268.53,37213131
2023-08-01,72288.12,72293.56,71783.15,72115.48,28190767
2023-08-02,71494,71533.78,70814.36,70814.36,29558592
2023-08-03,70738.18,70799.42,70233.49,70751.1,25548852
2023-08-04,71278.02,71587.86,71117.13,71471.63,21205919
2023-08-07,71339.35,71377.48,70697.96,70846.61,24677330
2023-08-08,70539.76,70548.2,69550.61,69749.31,28165162
2023-08-09,70308.35,70552.98,69765.13,69991.47,33441446
2023-08-10,70156.85,71188.65,70156.85,70897.73,33127466
2023-08-11,70587.21,70751.55,70123.23,70503.71,23583806
2023-08-14,70121.03,70528.32,69980.25,70144.12,21646776
2023-08-16,69764.25,69821.45,68746.98,68885.11,36112363
2023-08-17,68830.99,69122.19,67969.58,68299.82,25564450.84083
2023-08-18,67938.91,68128.67,67601.89,68084.46,28366244
2023-08-21,68131.76,68473.49,67948.56,68295.2,28650092
2023-08-22,68556.11,68709.72,68065.92,68161.12,33570481
2023-08-23,68303.99,68413.71,67573.93,68153.41,29083450.511415
2023-08-24,68485.1,68775.14,67969.88,68007.57,24754376
2023-08-25,67420,68137.57,67377.16,67706.43,27415229
2023-08-28,68091.88,68767.46,67760.75,68721.61,26809800
2023-08-29,68837.76,69075.94,68490.39,68794.91,33827819
2023-08-30,68933.06,69108.91,68641.26,68979.76,20635943
2023-08-31,68969.13,69168.1,68379.48,68431.46,46519916
2023-09-01,68427.64,69102.87,68354.52,69017.61,34422441
2023-09-04,69098,69326.48,68324.56,68356.52,38938131
2023-09-05,68314.47,68799.56,67733.54,67828.6,30350248
2023-09-06,67794.13,67945.67,66299.84,66747.11,51989027
2023-09-07,66475.26,66833.54,65475.46,65932.92,37643004
2023-09-08,66291.69,66563.26,65963.63,66542.34,28408043
2023-09-11,67008.4,67153.62,66245.71,66466.05,26511968
2023-09-12,66612.08,66690.09,66183.59,66559.85,30995034
2023-09-13,66498.04,66753.92,66277.57,66663.75,29783731
2023-09-14,66961.88,67199.88,66626.84,67199.88,31923802
2023-09-15,67393.06,67738.86,67315.18,67368.11,61122840
2023-09-18,67375.83,67556.32,66402.65,66439.42,30866987
2023-09-19,66660.08,66722.13,65948.74,66136.36,33245474
2023-09-20,66296.05,67375.46,66254.58,67293.01,30732390
2023-09-21,66795.39,66795.39,66163.63,66528.72,25869113
2023-09-22,66499.72,66722.56,66187,66519.31,25533630
2023-09-25,66425.3,66741.01,65606.13,65788.09,27992561
2023-09-26,65621.67,65964.21,65081.64,65760.08,26399872
2023-09-27,65719.12,65842.68,64884.38,64884.38,26931569.684692
2023-09-28,64927.94,64929.18,64082.91,64417.96,43456004
2023-09-29,64802.21,65680.36,64802.21,65397.43,37836337
2023-10-02,65427.74,65474.09,64187.58,64190.54,31673741
2023-10-03,63997.75,64277.22,63620.72,63776.83,38957525
2023-10-04,63328.86,64808.5,63210.28,64282.18,37508804
2023-10-05,64653.56,64695.11,63799.77,63799.77,33496671
2023-10-06,63680.75,64451.75,63488.19,63903.35,51481648
2023-10-09,63747.05,65254.93,63515.7,65008.48,35870293
2023-10-10,65469.49,66748.73,65405.16,66571.49,42860663
2023-10-11,66693.24,67411.32,66506.66,67053.03,53318287
2023-10-12,67226.16,67301.87,66536.23,66682.65,51122508
2023-10-13,66550.85,67422.62,66494.52,67061.9,48226490
2023-10-16,68544.19,70459.21,68359.3,69960.65,87022935
2023-10-17,69960.5,71985.29,69960.5,71222.64,67689950
2023-10-18,70909.96,71577.17,70435.56,70474.84,56090274
2023-10-19,70014.56,70115.06,69061.15,69156.94,41352287
2023-10-20,68665.7,68979.58,68120.13,68361.11,34276864
2023-10-23,68428.48,68561.13,68017.89,68128.89,39614084
2023-10-24,68646.9,69649.66,68646.9,69219.49,44582620
2023-10-25,69505.34,70478.83,69196.69,70221.81,37550930
2023-10-26,69412.37,70940.16,69208.07,70779.06,32215426
2023-10-27,70931.98,71087.37,70231.33,70290.31,27371918
2023-10-30,70656.6,71224.16,70567.93,71023.24,27720400
2023-10-31,71023.93,72112.37,70982.76,71582.26,40720259
2023-11-02,72332.75,72403.26,71411.24,71835.07,40304294
2023-11-03,71962.03,72741.95,71823.49,72473.24,36612346
2023-11-06,72798.91,73293.69,72529.2,72823.52,31708094
2023-11-07,72406.74,72915.74,71968.16,72266.7,32104071
2023-11-08,72169.58,72361.26,71350.73,71542.19,28238932
2023-11-09,71735.84,72411.6,71311.83,72411.6,32494391
2023-11-10,72224.52,72399.84,71396.24,71545.8,24859457
2023-11-13,71814.11,72157.29,71183.71,71199.05,32184246
2023-11-14,71526.53,74305.32,71435.85,74171.3,40613441
2023-11-15,74514.06,74960.59,73566.96,73688.49,46143018
2023-11-16,73786.39,74262.59,73475.23,73738.01,55470685
2023-11-17,73711.58,74154.71,73466.92,74091.85,35052829
2023-11-20,74207.14,75236.8,74060,74783.93,39183541
2023-11-21,74849.05,75287.7,74257.3,74711.48,32139874
2023-11-22,74733.54,74822.72,74332.29,74733.66,27902362
2023-11-23,74767.54,75081.51,74343.41,74444.82,25681531
2023-11-24,74515.04,74745.21,74256.62,74469.99,37006610
2023-11-27,74638.04,74638.04,73535.52,73969.84,34921100
2023-11-28,73931.7,75043.24,73918.24,75010.76,36816430
2023-11-29,74870.3,74870.3,74017.31,74512.08,55945913
2023-11-30,74456.44,74838.18,74264.07,74264.07,61768803
2023-12-01,74512.7,76319.05,74328.74,76319.05,38876377
2023-12-04,76286.69,76873.82,76145.09,76343.08,28206538
2023-12-05,76354.64,77373.26,76150.45,76867.53,35913122
2023-12-06,77105.86,77666.22,76885.85,77161.39,34862868
2023-12-07,76888.01,76888.01,75979.23,76516.02,29729671
2023-12-08,76839.13,77390.71,76839.13,77111.85,28128253
2023-12-11,77448.69,77728.84,77103.27,77389.38,27014260
2023-12-12,77756.77,77756.77,76635.25,76840.65,36384012
2023-12-13,76740.03,77201.81,76583.14,76948.6,31415984
2023-12-14,77647.8,77792.91,77274.31,77407.14,41472607
2023-12-15,77545.18,79011.65,77345.92,77647.1,91564735
2023-12-18,77748.44,78242.51,77620.67,78144.18,31402988
2023-12-19,78149.65,79162.26,78010.71,78742.72,35220082
2023-12-20,78889.22,79465.55,78405.48,78555.5,31088382
2023-12-21,78341.36,78840.93,78237.66,78723.4,34596165
2023-12-22,78560.6,78814.86,78409.07,78667.79,27003709
2023-12-27,78916.6,79460.94,78784.47,79246.98,37988715
2023-12-28,79451.43,79548.69,78935.53,78937.48,27448059
2023-12-29,78961.91,79159.47,78202.6,78459.91,37865674
2024-01-02,78685.78,78829.94,76962.2,77451.31,45772344
2024-01-03,77502.23,77503.26,76183.08,77053.98,40468348
2024-01-04,76979.54,77132.11,76287.74,76827.85,35546255
2024-01-05,76460.98,76661.07,75293.42,76593.76,32729154
2024-01-08,76233.7,76970.13,75607.1,76876.5,32344467
2024-01-09,77246.26,77369.92,76719.78,77268.35,30565572
2024-01-10,77218.18,77580.6,76666.92,76840.58,32020574
2024-01-11,77014.21,77267.89,75983.41,76042.95,34644789
2024-01-12,76267.53,76729.49,75851.9,76106.23,40582943
2024-01-15,76289.77,76289.77,74849.76,75127.54,26253248
2024-01-16,74778.46,75056.91,74349.48,74950.09,26146324
2024-01-17,74536.86,74536.86,73482.75,73582.3,40215608
2024-01-18,74033.53,74456.42,73729.6,74367.89,29705642
2024-01-19,74808.9,75108.62,74507.43,74774.93,33792247
2024-01-22,75338.17,75452.08,74623.07,74954.24,31235526
2024-01-23,75238.38,75238.38,74114.36,74601.92,24788265
2024-01-24,75050.22,75684.1,74778.99,75351.32,35378772
2024-01-25,75359.46,75466.89,74949.95,75219.71,81900326
2024-01-26,74937.2,75714.73,74878.41,75683.59,50115541
2024-01-29,75547.55,75673.42,75240.56,75347.11,28927223
2024-01-30,75452,76189.13,75336.7,76072.25,48782835
2024-01-31,76110.98,77522.06,76099.18,77416.31,43077699
2024-02-01,76954.85,78810.87,76942.11,78417.88,47902343
2024-02-02,78788.52,80044.46,78788.52,79575.14,42811505
2024-02-05,79980.52,80392.31,78897.5,79002.75,56516703
2024-02-06,79352.44,79819.12,78823.15,79150.11,67043880
2024-02-07,79222.15,79660.92,79003.37,79473.35,51713110
2024-02-08,79591.22,79708.98,78520.47,78711.66,36041563
2024-02-09,78897.08,78897.08,78279.57,78450.66,44258857
2024-02-12,78748.83,79638.75,78252.91,79424.63,39285940
2024-02-13,79526.85,79526.85,77695.66,78038.67,50728536
2024-02-14,78080.74,79421.21,78037.54,79421.21,36364297
2024-02-15,79476.72,79823.12,78850.39,79333.22,34421311
2024-02-16,79815.04,80619.71,79725.27,80147.01,29248259
2024-02-19,80122.34,80915.96,80122.34,80827.33,23328303
2024-02-20,80749.59,81944.21,80665.65,81780.51,35780704
2024-02-21,81914.98,82268.96,81363.65,81412.34,35596744
2024-02-22,82349.95,82631.66,81988.65,82464.52,43908580
2024-02-23,82713.27,83704.53,82543.52,83265.56,42552093
2024-02-26,83335.33,83471.72,83005.35,83116.29,36397278
2024-02-27,83134.84,83797.23,82767.69,83007.32,34889016
2024-02-28,82998.99,82998.99,81536.35,81661.42,35657949
2024-02-29,82073.92,82655.31,81747.21,81944.56,74889851
2024-03-01,82468.19,82575.26,81549.1,82172.36,31026994
2024-03-04,82617.37,82715.41,81210.44,81264.27,35133961
2024-03-05,80867.18,81103.57,80358.94,80537.55,37000782
2024-03-06,80673.65,81075.32,80421.52,80742.03,32585626
2024-03-07,80224.68,80224.68,79317.59,79879.2,33749344
2024-03-08,80149.45,80274.54,79100.74,80199.54,40552621
2024-03-11,79894.99,80359.43,79662.62,80359.43,38615822
2024-03-12,80604.85,82005.74,80284.17,81916.43,42195026
2024-03-13,81948.5,82365.84,81410.36,81647.32,37772076
2024-03-14,81838.5,82234.72,81478.69,81787.89,43960562
2024-03-15,81798.61,82009.69,78934,80199.35,98287319
2024-03-18,80504.27,80663.51,79482.5,79997.2,33038831
2024-03-19,79908.84,80200.87,78497.89,79698.76,33108617
2024-03-20,79763.68,79967.33,79026.95,79709.28,26346980
2024-03-21,80831.57,81814.93,80673.19,81814.93,33129187
2024-03-22,81375.81,82001.11,80922.68,80992.64,28097998
2024-03-25,80833.15,81070.17,80049.66,80081.15,25233602
2024-03-26,80339.08,81444.73,79854.19,81286.31,33008942
2024-03-27,81321.64,81613.03,81137.2,81560.33,25311755
2024-03-28,81691.81,82823.03,81691.81,82745.58,35220294
2024-04-02,83160.52,83958.85,82633.86,82895.6,49800515
2024-04-03,83065.92,83428.23,82418.14,82863.21,35887366
2024-04-04,83226.8,83929.78,82879.14,83866.96,43698157
2024-04-05,83116.51,83642.11,82917.56,83642.11,40556332
2024-04-08,83917.58,84795.09,83866.3,84664.91,37505970
2024-04-09,84899.66,85274.91,83523.14,83705.16,42955119
2024-04-10,84402.05,84773.93,83751.17,84406.4,62875151
2024-04-11,84510.35,84657.56,83492.27,83492.28,52924272
2024-04-12,84178.38,84487.68,82862.81,82864.67,40715466
2024-04-15,83486.8,83785.68,83023.17,83173.12,37522002
2024-04-16,82343.5,82518.5,81037.09,81281.34,43771773
2024-04-17,81586.98,82755.3,81510.52,82393.93,47049744.5974
2024-04-18,82918.55,83217.39,81977.68,83189.46,42589117
2024-04-19,82679.57,83255.79,82497.74,83206.02,47770604
2024-04-22,83604.34,84537.08,83507.45,84463.9,45038884.901374
2024-04-23,84854.93,85405.56,84343.42,84839.47,39585940
2024-04-24,85236.38,85282.5,84135.57,84201.22,40435014
2024-04-25,84317.34,84374.31,83127.18,83535.02,33844357
2024-04-26,84269.07,84648.18,84040.25,84443.72,37447491
2024-04-29,84756.53,85390.28,84002.12,85375.3,38044604
2024-04-30,85468.44,85468.44,84387.63,84569.65,35704930
2024-05-02,84842.84,85038.12,84217.92,84393.73,26432571
2024-05-06,85124.34,86731.72,84688.11,86575.3,49777555
2024-05-07,86589.01,87215.09,86318.34,86483.54,65717691
2024-05-08,86619.56,86888.67,86225.78,86888.67,46965908
2024-05-09,87347.73,87653.33,87136.08,87427.54,49987740
2024-05-10,87715.72,87863.07,86444.11,86508.67,63463595
2024-05-13,86855.87,87479.33,86572.51,87387.58,47591084
2024-05-14,87542.01,87895.5,87014.7,87797.29,58813631
2024-05-15,87949.4,88106.86,87480.47,88092.61,50329671
2024-05-16,88429.23,88764.88,88151.68,88384.55,42236269
2024-05-17,88280.32,88778.19,87674.98,88734.63,39177705
2024-05-20,89243.71,89657.97,88991.31,89414,53603595
2024-05-21,89017.82,89298.16,88427.33,88739.92,37818372
2024-05-22,88492.61,88590.15,88041.47,88314.37,36223482
2024-05-23,88158.64,88777.81,87716.47,88090.51,50921174
2024-05-24,87812.22,87829.04,87247.64,87690.05,42443410
2024-05-27,88033.87,88284.23,87541.79,87654.95,30954231.563462
2024-05-28,88128.6,88128.6,86750.62,86996.07,32617667
2024-05-29,86970.17,86970.17,85554.95,85697.03,42930951
2024-05-31,85652,86778.85,85405.05,86315.26,84290606
2024-06-03,87298.74,87417.93,86762.48,86832.67,29373778
2024-06-04,86714.13,86740.43,84978.57,84978.57,30213256
2024-06-05,85307.96,85383.84,84822.91,85342.58,25480085
2024-06-06,85799.45,85932.82,85065.09,85782.83,23397408
2024-06-07,85906.1,85906.1,84541.27,84902.67,31701778
2024-06-10,84601.48,84845.86,84123.09,84845.86,21690130
2024-06-11,85079.77,85079.77,83871.99,83878.09,27694751
2024-06-12,84319.26,85265.51,84118.28,85072.15,31391588
2024-06-13,84962.96,84984.57,83631.48,83701.17,25679940
2024-06-14,83948.05,83970.57,83011.62,83875.74,30429705
2024-06-17,84011.66,85315.03,83945.76,85276.34,29498927
2024-06-18,85707.37,86195.86,85201.98,85249.08,29285428
2024-06-19,85501.99,86502.97,85333.78,86385.81,24787466
2024-06-20,86597.13,87110.62,86062.64,86549.62,27032944
2024-06-21,86573.89,86912.16,86153.51,86415.61,52479923
2024-06-24,86590.69,88052.77,86363.6,87868.24,26437816
2024-06-25,87838.54,88492.83,87610.9,87972.83,29993706.405165
2024-06-26,88425.3,88730.27,87812.73,87849.35,41265096
2024-06-27,88055.75,88586.91,87822.32,88135.13,36451064
2024-06-28,88322.96,88878.49,88322.96,88613.67,28972860
2024-07-01,88902.23,89084.78,88281.72,88385.7,27802102
2024-07-02,88272.55,88326.09,87319.76,87485.28,27083675
2024-07-03,87932.98,88508.77,87598.39,87927.07,28012440
2024-07-04,88368.85,88368.85,87682.68,88172.42,19354164
2024-07-05,88269.06,88468.08,87141.54,87297.02,21702934
2024-07-08,87483.41,88117.23,87350.47,87986.09,23134209
2024-07-09,88028.64,88197.61,87689.24,88178.96,28918992
2024-07-10,88269.17,88269.17,87334.23,87487.2,22475000
2024-07-11,87769.04,88226.08,87468.98,88154.63,23867147
2024-07-12,88093.81,88920.67,87857.87,88693.82,23114713
2024-07-15,88709.77,88709.77,88046.58,88603.27,23007553
2024-07-16,88265.47,88268.64,85958.65,85965.15,33375247.684211
2024-07-17,85874.36,86575.86,84253.56,85141.13,34010649
2024-07-18,85409.4,86586.98,84853.71,86413.16,34884288
2024-07-19,86002.78,86187.53,85228.11,85852.44,21577718
2024-07-22,86052.15,86486.67,85767.56,86091.21,29069193.308597
2024-07-23,86127.55,86127.55,84610.55,84908.55,23861199
2024-07-24,84479,85093.26,84253.21,84486.13,21134000
2024-07-25,83518.55,83960.56,82831,83934.36,28315181
2024-07-26,84034.4,84359.79,83453.32,83712.63,20592116
2024-07-29,84359.41,84637.14,83583.56,84110.95,18945665
2024-07-30,84274.6,84527.38,83212.14,83212.14,24639979
2024-07-31,83852.39,84502.69,83725.92,84345.7,30820402
2024-08-01,84416.2,84472.37,82920.89,82920.89,20410035
2024-08-02,82071.35,82212.45,81347.53,81648.83,29672009
2024-08-05,78503.17,79210.71,77412.12,78915.84,56641558
2024-08-06,79813.54,80093.85,77668.48,78266.44,38830362
2024-08-07,78925.43,79282.53,78449.32,78971.56,28727717
2024-08-08,78738,79744.64,77568.54,79736.49,28118644
2024-08-09,80251.7,80645.51,79371.11,79603.18,24124889
2024-08-12,80120.43,82036.68,80120.43,82027.1,21819999
2024-08-13,82401.49,82598.05,81677.68,81982.09,24134545
2024-08-14,82542.08,82708.49,82024.49,82349.67,23791340.145631
2024-08-16,83549.08,84690.74,83534.08,84690.74,30173473
2024-08-19,84522.69,85185.39,84298.54,84884.54,27590714
2024-08-20,85138.72,85138.72,83665.88,83717.15,15269547
2024-08-21,83892.37,84334.5,83737.67,84205.76,21212642.991388
2024-08-22,84533.33,84691.21,84022.99,84170.37,30251122
2024-08-23,84592.72,84592.72,83969.29,84158.33,22438334
2024-08-26,84353.39,84482.32,83758.71,83988,20203774
2024-08-27,84168.49,84237.57,83210.25,84134.48,21349766
2024-08-28,84055,84102.28,83298.04,83762.28,30092555
2024-08-29,83726.49,84555.04,83609.87,84461.65,26450768
2024-08-30,84667.98,84939.15,84223.75,84868.25,44556655
2024-09-02,84700.77,86462.18,84147.64,86196.35,34998500
2024-09-03,86188.1,86298.59,84747.91,84747.91,29812328
2024-09-04,83911.26,84515.9,83809.25,84515.9,27823511
2024-09-05,84264.27,84797.55,83276.11,83429.65,24865735.560831
2024-09-06,83323.74,83448.73,81702.68,81744.47,27983963
2024-09-09,82219.95,82281.48,81797.78,81968.31,22325098
2024-09-10,82058.64,82418.06,81008.37,81242.14,27772410
2024-09-11,80932.91,81093.1,79873.94,79874,29914254
2024-09-12,81119.07,81492.12,80738.49,81074.2,26060865
2024-09-13,81439.24,82485.01,81266.41,82302.58,26491820
2024-09-16,82252.13,82389.95,81388.5,81710.75,25936802
2024-09-17,82056.11,83111.41,82014.8,82923.92,30735361
2024-09-18,83096.23,83224.79,82394.77,82705.16,26115606
2024-09-19,83289.21,83528.38,82837.41,83203.78,42343356
2024-09-20,83434.33,83434.33,81419.58,81759.71,72636851
2024-09-23,82066.75,82229.26,81026.91,81900.3,22991253
2024-09-24,82658.14,83752.46,82585.7,83324.58,29007720
2024-09-25,83253.75,83966.99,83116.3,83780.65,29103298
2024-09-26,84295.55,84883.42,84078.79,84399.52,47267283
2024-09-27,84515.16,85081.4,84066.84,84947.19,31473635
2024-09-30,84800.12,84920.65,83251.3,83274.2,32233623
2024-10-01,83613.1,83667.35,82356.42,82892.76,27794960
2024-10-02,82815.97,83543.72,82460.78,82834.33,25599981
2024-10-03,82647.68,82647.68,81614.62,81721.78,28031499
2024-10-04,81957.66,82255.52,81480.24,82010.86,20657181
2024-10-07,82494.28,82494.28,81330.53,81995.74,24373322
2024-10-08,81413.88,82214.14,80921.23,81767.17,47246602
2024-10-09,81765.12,83036.14,81602,82841.79,31754028
2024-10-10,83056.33,83303.41,82426.1,82632.78,36954032
2024-10-11,82757.21,83660.81,82757.21,83455.17,25008282
2024-10-14,83624.48,83624.48,83133,83271.28,23925736
2024-10-15,83546.66,83655.96,82793.2,83240.07,33028747
2024-10-16,83062.49,83943.14,82961.88,83759.19,43606145
2024-10-17,83842.26,83842.26,81796.32,81890.2,29830254
2024-10-18,82335.45,82947.02,82300.9,82650.04,26745714
2024-10-21,82556.01,83012.13,81802.8,82084.9,26751847
2024-10-22,82219.7,82219.7,80953.43,80953.43,34160047
2024-10-23,80900.18,81167.88,80264.95,81087.1,24548131
2024-10-24,81192.32,81785.89,80811.73,80854.92,24087703
2024-10-25,80747.89,80988.47,80275.06,80755.53,21524013
2024-10-28,81100.74,81340.97,80407.25,80763.12,21776665
2024-10-29,81172.89,81934.18,80787.92,81736.59,28762195
2024-10-30,81703.25,81703.25,79914.55,80179.23,32653366
2024-10-31,79595.61,79878.73,79254.7,79550.32,32957439
2024-11-04,80055.95,80890.38,79984.49,80861.73,27949116
2024-11-05,80928.19,80928.19,79781.54,80271.3,25942725
2024-11-06,80634.02,81641.72,80327.64,80505.51,29005785
2024-11-07,80956.6,82547.94,80956.6,82510.86,41032006
2024-11-08,82882.81,82882.81,81751.71,82250.2,34058764
2024-11-12,82079.18,82118.9,80973.6,81064.84,43504349
2024-11-13,81062.29,81128.07,80022.51,80361.67,35205277
2024-11-14,80464.23,80999.1,79501.89,80999.1,57652672
2024-11-15,80834.89,80834.89,79261.34,79330.68,31842198
2024-11-18,79441.59,79993.15,78571.48,79187.4,29996626
2024-11-19,79564.05,79607.03,75857.56,77230.81,48017220
2024-11-20,77956.85,78436.04,77325.42,77894.18,28507340
2024-11-21,78264.72,79181.15,77535,79017.93,29896713
2024-11-22,79301.01,79522.01,77942.95,79492.14,30401315
2024-11-25,80196.09,80232.92,79455.37,79634.43,41357496
2024-11-26,79359.66,80228.35,79177.86,79522.95,24729676
2024-11-27,79602.53,79699.23,78603.16,79130.5,27080454
2024-11-28,79451.77,79702.68,78775.37,79072.1,25198526
2024-11-29,78971.73,79533.02,78850.07,79369.82,32669919
2024-12-02,79718.33,81224.58,79627.15,81072.76,32800536
2024-12-03,81469.14,81469.14,80504.12,80875.49,41667347
2024-12-04,81171.06,82030.13,80956,81643.03,38249616
2024-12-05,81927.75,82951.27,81765.34,82785.95,33168805
2024-12-06,82845.11,83361.73,82697.99,82860.19,31196340
2024-12-09,83249.96,83336.32,82598.85,82917.01,31712667
2024-12-10,82798.53,83085.16,82041.11,82934.71,39893831
2024-12-11,82709.38,82748.91,82209.38,82356.59,31385231
2024-12-12,82319.74,82476.87,81347.07,81725.18,36717171
2024-12-13,81764.88,82036.33,81448.91,81632.73,35381699
2024-12-16,81752.43,81944.14,81221.92,81663.62,44956047
2024-12-17,81677.77,81702.02,79703.22,79790.87,57735960
2024-12-18,79995.88,80512.74,79813.47,80225.59,42437226
2024-12-19,79417.36,80192.18,79303.98,80166.77,50009794
2024-12-20,79970.97,79970.97,78734.65,79474.16,62414174
2024-12-23,79978.2,80270.15,79499.65,79617.28,38169473
2024-12-27,79646.2,79883.41,79214.96,79842.52,22012323
2024-12-30,79684.39,80092.68,79389.41,79577.32,25658558
2025-01-02,80215.21,80936.61,80000.45,80936.61,29370807.057692
2025-01-03,81209.08,81840.18,80905.03,81444.58,28916697
2025-01-07,82453.96,82833.08,82009.29,82190.4,39878060
2025-01-08,82111.53,82242.88,80929.66,81250.71,37706282
2025-01-09,81207.12,81857.12,81019.66,81857.12,28174821
2025-01-10,81930.85,82435.94,81674.34,82210.47,28751694
2025-01-13,81815.99,81868.31,80782.29,80971.81,29133127
2025-01-14,81133.6,81789.12,81079.14,81464.24,27683816
2025-01-15,81611.78,82883.69,81423.09,82883.69,32719855
2025-01-16,83255.62,83255.62,82492.57,82705.76,33125368
2025-01-17,82954.72,83801.69,82878.66,83676.42,43985290
2025-01-20,83971.46,84424.79,83676.7,84254.98,36276813
2025-01-21,84114.27,84425.62,83881.38,84425.62,27536306
2025-01-22,84574.61,85568.54,84524.5,85298.3,38026880
2025-01-23,85249.61,85425.47,84886.78,85248.16,30336474
2025-01-24,85419.23,86017.1,85419.23,85840.78,27697386
2025-01-27,84929.3,85548.18,84517.63,85548.18,26963643
2025-01-28,85644.18,86200.01,85617.89,86194.5,35592685
2025-01-29,86510.02,86653.2,86151.8,86203.19,27284633
2025-01-30,86533.09,87612.13,86533.09,87612.13,35905866
2025-01-31,87646.08,87646.08,87029.97,87367.57,35750744
2025-02-03,85669.86,86093.38,85440.94,85963.68,29497272
2025-02-04,86276.36,86803.79,86031.77,86793.21,28241377
2025-02-05,86746.32,87101.11,85719.38,86131.83,33123373
2025-02-06,86961.63,88376.12,86725.13,88376.12,35951171
2025-02-07,88553.97,89408.38,88439.4,89150.14,32978652
2025-02-10,89293.99,90081.26,89164.88,89895.48,39074436
2025-02-11,90039.68,91102.95,89813.84,90993.39,33900785
2025-02-12,91176.52,92165.26,90911.21,91778.14,48386812
2025-02-13,92473.05,93007.43,92017.83,92342.43,45925599
2025-02-14,92405.99,92546.63,91517.19,91788.05,54247856
2025-02-17,91677.17,92772.8,91471.76,92461.23,40631442
2025-02-18,92887.39,94730.58,92887.39,94650.54,55661671
2025-02-19,94877.82,95229.79,93046.25,93461.23,61823903
2025-02-20,93171.92,93537.12,92735.64,92958.43,45269124
2025-02-21,93050.32,93722.69,92987.22,93117.48,37378715
2025-02-24,93081.25,93081.25,91167.13,91306.52,43408760
2025-02-25,91243.1,92279.48,91015.44,91730.25,41148184
2025-02-26,92449.56,93267.22,92391.83,93267.22,48487649
2025-02-27,93051.66,93599.78,92247.35,92380.21,46551206
2025-02-28,91526.72,92279.46,91306.76,91996.4,87788030
2025-03-03,91894.23,92750.79,90976.03,92526.5,43018234
2025-03-04,91205.89,91379.58,89280.31,89280.31,56762533
2025-03-05,90919.74,92135.99,90919.74,92060.85,44299115
2025-03-06,92421.27,93446.37,92153.56,93444.96,45541203
2025-03-07,92867.38,93731.7,92686.89,93611.8,42569111
2025-03-10,93475.55,93475.55,91663.68,92203.3,39069170
2025-03-11,92566.15,93149.66,91722.74,91991,43847596
2025-03-12,92734.11,93448.45,92693.86,93428.42,45441235
2025-03-13,93768.22,95129.21,93476.19,94955.29,59260208
2025-03-14,95101.5,97291.57,94815,97045.24,60879541
2025-03-17,97300.36,98038.54,97086.1,98011.87,45593436
2025-03-18,98572.95,99574.34,98291.24,98770.37,44051540
2025-03-19,98380.2,98852.53,98011.63,98439.39,47139733
2025-03-20,98610.63,98612.65,96879.72,97609.94,43068644
2025-03-21,97265.2,97629.22,96192,96891.23,88722542
2025-03-24,97795.66,98352.97,97448.96,98281.71,41036846
2025-03-25,98296.14,99652.1,98204.24,99487.67,45824904
2025-03-26,99439.17,99657.53,98148.48,98547.63,41337542
2025-03-27,98133.92,99045.01,97532.65,98745.21,37147464
2025-03-28,98192.84,98604.94,97671.61,97819.39,38765405
2025-03-31,96887.7,96978.89,95307.31,95953.33,50777725
2025-04-01,96533.67,97807.16,96533.67,97511.08,41755126
2025-04-02,97548.74,98005.64,96937.58,97963.95,32937751
2025-04-03,96280.43,96831.4,94464.62,94482.05,41626352
2025-04-04,93826.94,93944.43,88833.46,89040,72166978
2025-04-07,85905.18,89077.41,83010.71,87727.11,77773500
2025-04-08,89504.68,90661.89,88115.34,90412.02,52055393
2025-04-09,88260.1,89908.92,87263.51,87988.57,45355108
2025-04-10,91439.28,93403.2,90654.75,91690.85,61868215
2025-04-11,91829.58,92713.92,90873.5,91120.04,40519887
2025-04-14,92893.81,93759.46,92610.24,93759.46,31149351
2025-04-15,93916.86,95335.62,93252.39,94140.8,60161409
2025-04-16,93510.03,94816.77,93258.65,94136.7,44799814
2025-04-17,94473.55,95819.12,94473.55,95165.01,42630746
2025-04-22,95802.86,97124.61,95667.33,97124.61,62337398
2025-04-23,98205.15,99675.82,97982.4,99675.82,65045309
2025-04-24,98952.4,100115.26,98445.25,100115.26,54186642
2025-04-25,100351.69,100704.46,99945.7,100156.88,46778088
2025-04-28,100475.48,101051.68,100165.05,100492.85,42262532
2025-04-29,100833.05,101485.21,100370.15,100815.9,47551440
2025-04-30,101027.67,101111.56,98337.69,98722.91,52765698
2025-05-02,99786.07,101199.94,99639.46,101199.94,43769587
2025-05-05,100627.03,100653.64,99791.54,100437.08,30314449
2025-05-06,100207.67,100207.67,97940.9,99195.99,40952640
2025-05-07,99242.05,100550.9,99242.05,100382.72,48190344
2025-05-08,100609.6,101644.48,100325.98,101010.19,44094242
2025-05-09,101392.98,103367.94,101309.04,103247.39,51365871
2025-05-12,104172.06,105302.83,103075.5,103526.84,45449432
2025-05-13,103632.94,104280.78,103162.18,104280.78,60326748
2025-05-14,104457.02,104887.71,103354.36,103815.38,59692522
2025-05-15,103541.98,103595.33,102571.41,103232.88,41626316
2025-05-16,104266.59,104333.47,102628.97,103150.46,57464935
2025-05-19,101861.01,102390.17,100658.63,102362.07,59284678
2025-05-20,102893.14,103178.54,102328.74,102543.24,49721598
2025-05-21,102376.72,102376.72,101146.25,101569.03,45592130
2025-05-22,101277.72,101460.03,100500.99,100768.42,54016822
2025-05-23,101044.69,101452.43,98051.37,99925.61,47681242
2025-05-26,100923.79,102389.17,100923.79,102261.41,36313477
2025-05-27,102382.73,103079,101931.72,102966.25,39687885
2025-05-28,103127.77,104051.97,103077.94,103870.29,54915722.941386
2025-05-29,104467.57,104467.57,101816.39,101954.88,52825961
2025-05-30,101430.64,101505.93,100478.06,101476.07,141287724
2025-06-02,99147.13,100974.13,98859.81,100908.59,52004946.035977
2025-06-03,101345.54,101345.54,99021.82,99970.96,48238586.255703
2025-06-04,100539.66,101397.97,100353.06,101380.52,43688466
2025-06-05,101082.89,101684.1,99913.92,100227.96,37800571
2025-06-06,99411.61,99411.61,97890.32,99287.48,55958071
2025-06-09,99702.87,100441.24,99159.91,100344.89,37406347
2025-06-10,100539.11,102669.03,100469.56,102091.25,59376913
2025-06-11,101816.7,101972.42,100845.53,101699.25,45605717
2025-06-12,101036.33,102200.17,100006.37,100894.69,47369993
2025-06-13,99642.74,100181.77,99068.67,99364.86,51183683
2025-06-16,100165.21,100454.13,99414.21,99583.4,45219229
2025-06-17,99286.91,100191.54,98558.2,100082.01,58699909
2025-06-18,99927.71,100394.3,99330.36,99940.42,39534598
2025-06-20,99929.18,100484.72,99836.19,100405.84,89770975
2025-06-23,99824.3,99933.71,98682.83,98984.52,32862054
2025-06-24,100207.81,101387.48,100137.93,101387.48,52401609
2025-06-25,101448.25,101616.66,100951.88,101221,32166731.58592
2025-06-26,101685.48,103509.47,101685.48,103380.71,43544431
2025-06-27,103819.64,103836.05,103127.62,103728.06,42778230
2025-06-30,104371.07,105095.53,104083.94,104691.71,45990505
2025-07-01,104745.86,105315.63,104031.69,104200.5,44703721
2025-07-02,104353.21,104721.33,103968.31,104587.92,40084251
2025-07-03,105147.71,106386.62,105147.71,106187.44,53866667
2025-07-04,106048.81,106199.77,104938.94,105548.27,34946281
2025-07-07,105350.73,105708.85,105009.24,105479.27,24360259
2025-07-08,106029.72,106201.73,105669.62,106001.95,55367956
2025-07-09,106308.97,106474.23,105627.24,106354.26,66077090
2025-07-10,106515.68,106724.17,104739.85,104923.53,55293917
2025-07-11,105155.3,105220.14,104485.59,105106.98,34552488
2025-07-14,104741.56,105605.91,104659.09,105605.91,33867789
2025-07-15,105952.74,106626.71,105037.87,105484.78,45061093
2025-07-16,105455.7,105766.76,104930.29,105470.67,37237760
2025-07-17,105678.91,106681.74,105151.65,106681.74,42742756
2025-07-18,107685.45,108848.33,107685.45,108431.73,40360543
2025-07-21,108682.77,108711.73,107470.31,107995.84,32574904
2025-07-22,107701.39,107701.39,106976,107395.6,34075178
2025-07-23,108061.81,108642.23,107574.54,107975.62,39756604
2025-07-24,108406.8,108690.07,107841.12,108690.07,30096277
2025-07-25,108197.56,108552.82,107714.89,108552.82,29570794
2025-07-28,109323.37,109323.37,106628.9,106778.89,34149380.638597
2025-07-29,106965.65,108169.79,106609.94,108041.14,33758097
2025-07-30,107747.17,108896.66,107611.34,108896.66,45800098
2025-07-31,109102.24,109102.24,107649.86,107885.5,41522303
2025-08-01,107301.08,107301.08,105228.41,105684.54,40592236
2025-08-04,105648.7,106574.64,105162.6,106574.64,33492089
2025-08-05,107201.7,107266.02,105927.38,106169.31,33070509
2025-08-06,106549.38,108259.29,106467.38,108259.29,44368386
2025-08-07,108222.96,110632.26,108051.42,110046.8,47696674
2025-08-08,109957.94,110951.9,109176.62,110917.43,32136704
2025-08-11,111062.62,111274.32,109836.04,110092.82,32602501
2025-08-12,110546.65,110920.39,109863.91,110683.44,30829759
2025-08-13,111401.12,111847.76,110048.46,110781.85,43291580
2025-08-14,110014.4,110039.57,108492.24,109366.66,32631247
2025-08-18,109242.26,109994.52,108598.28,109911.65,39085976.541829
2025-08-19,110316.65,111515.35,109772.85,111227.48,32993000
2025-08-20,110609.4,111186.44,109969.37,110796.99,29150910
2025-08-21,111072.74,112002.76,110507.64,112002.76,29636927
2025-08-22,110639.01,110639.01,107361,107648.46,70771289
2025-08-25,108141.53,108882.76,107914.04,108528.44,33186463
2025-08-26,108143.05,108873.96,107350.51,108534.08,46078451
2025-08-27,108764.62,109014.7,106607.99,106857.65,35263136
2025-08-28,107298.65,107550.28,106030.68,106030.68,29836198
2025-08-29,106212.46,106222.04,104696.48,104775.45,35315722
2025-09-01,105341.84,105928.4,103130.78,103939.74,38206816
2025-09-02,104156.07,104224.65,102467.24,103935.91,36804538
2025-09-03,104458,105153.03,103916.05,104458.97,40553054
2025-09-04,104434.65,106134.91,103873.82,105999.04,35864392
2025-09-05,106631.92,107156.13,105533.38,105563.27,41606780
2025-09-08,106244.83,107523.29,106244.83,107523.29,35134503
2025-09-09,107717.87,107717.87,106263.1,106641.59,42027301
2025-09-10,105967.6,106100.3,104123.27,105682.9,46934376
2025-09-11,105923.65,107290.32,105776.91,107084.89,39173744
2025-09-12,107307.28,107471.54,106322.85,106413.18,35435366
2025-09-15,107064,107512.19,106798.82,107484.11,37234568
2025-09-16,107746.61,107746.61,105918.46,105950.79,40328538
2025-09-17,106336.57,106336.57,105255.8,105617.25,47478800
2025-09-18,105792.41,106170.01,105448.6,105564.9,40889193.275031
2025-09-19,105880.85,105893.78,104912.48,105380.97,65310497
2025-09-22,105577.9,105577.9,104475.6,105324.97,36112028
2025-09-23,105724.58,106266.31,105653.95,105866.67,33589591.342544
2025-09-24,105900.31,106529.5,104971.15,106520.9,40095149
2025-09-25,106410.94,106410.94,105234.21,105561.78,45964919
2025-09-26,105129.13,106570.62,105093.76,106570.62,41151570
2025-09-29,106872.21,106919.38,106047.1,106524.71,32688034
2025-09-30,106295.24,106374.95,105564.15,106363.86,42547299
2025-10-01,105966.48,107237.78,105807.56,107121.5,41179601
2025-10-02,107550.16,108699.13,107546.59,107695.9,45332326
2025-10-03,108234.93,108701.66,107529.51,108016.79,35511524
2025-10-06,108052.36,108673.31,107056.69,107133.09,34594377
2025-10-07,107378.27,108211.93,106757.91,107937.15,32834002
2025-10-08,107723.97,108590.17,107423.77,108295.93,40888713
2025-10-09,108471.68,108829.72,107878.57,108019.25,37939308
2025-10-10,107797.43,108236.88,107051.6,107951.51,33373696
2025-10-13,107184.33,107905.71,106879.69,107846.06,31920746
2025-10-14,107027.85,107027.85,105529.48,106653.38,39881370
2025-10-15,107349.81,108924.87,107215.85,108729.37,46738722
2025-10-16,109093.55,109107.85,107885.42,108214.71,36006895
2025-10-17,107485.86,107862.98,106008.11,107764.77,34999540
2025-10-20,108598.36,109657.35,108586.33,109618.82,38296052
2025-10-21,109832.55,110185.85,109326.86,109511.51,37725847
2025-10-22,109791.97,111139.43,109585.76,110937.56,33061390
2025-10-23,110960,111868.76,110614.51,111568.93,36216735
2025-10-24,111914.85,112024.1,111224.83,111427.76,36131505
2025-10-27,112392.47,112481.3,111353.97,111612.44,41655371
2025-10-28,111862.83,113578.4,111700.92,113459.04,44906270
2025-10-29,113489.22,114066.64,112533.28,113294.48,50445382.539473
2025-10-30,113304.78,113457.38,112443.14,112708.11,41005136
2025-10-31,112877.55,112979.28,111417,111487.05,37694962
2025-11-03,112135.49,112634.59,111797.79,112058.99,24938936
2025-11-04,111225.82,111439.59,110828.73,111372.83,28926631
2025-11-05,111033.2,111687.75,110766.87,111559.98,32081849
2025-11-06,111945.8,113357.11,111702.21,112192.96,35653314
2025-11-07,112568.87,112568.87,110603.8,110985.15,45078417
2025-11-10,112353.5,112975.99,112073.64,112668.07,30573286
2025-11-12,113365.47,113739.87,112521.01,112760.18,39283676
2025-11-13,113160.35,114107.71,112500.89,112532.48,48961920
2025-11-14,111569.44,111897.56,110598.74,111687.24,31502650
2025-11-17,112053.07,112102.53,110373.02,110616.15,38675007
2025-11-18,109465.89,109657.2,107878.77,108437.93,46883873
2025-11-19,108860.39,110387.71,108217.47,110230.88,44520607
2025-11-20,111256.8,111354.65,110050.57,110369.15,44001646
2025-11-21,108647.13,109236.76,107839.26,108942.98,53495503
2025-11-24,109641.63,109641.63,108029.26,109053.32,68246436
2025-11-25,109567.13,110673.59,108952.87,110415.52,44074605
2025-11-26,111029.59,111677.76,110324.94,111677.76,37988602
2025-11-27,111655.96,111843.74,111216.8,111507.87,26831109
2025-11-28,111128.02,111995.45,110877.26,111866.66,32638764
2025-12-01,111806.63,112537.35,111538.8,111917.21,33143210
2025-12-02,111438.28,111438.28,110187.63,110617.7,48757037
2025-12-03,111040.74,111040.74,109635.38,109948.09,39942334
2025-12-04,110444.39,110584.17,109650.16,110072.01,49891735
2025-12-05,110319.38,110600.13,109716.73,109977.3,50805320
2025-12-08,110479.36,110535.45,109847.03,110095.19,34455462
2025-12-09,110222.33,111890.26,109802.22,111890.26,48154069
2025-12-10,111720.6,112418.71,111507.86,112365.38,43917431
2025-12-11,112179.94,113569.23,111956.57,113456.5,40104522
2025-12-12,113969.08,114452.25,113634.16,113797.28,41880649
2025-12-15,113673.44,115516.94,113455.95,115368.66,50198660
2025-12-16,114898.82,115030.24,114043.52,114246.43,44745472
2025-12-17,114551.62,114622.48,113855.26,114381.38,47705704
2025-12-18,114339.07,114486.43,113304.13,114486.43,46251172
2025-12-19,114472.03,115699.99,114383.43,115547.93,76888688
2025-12-22,115905.16,116692.22,115738.9,116571.84,38651369
2025-12-23,116621.7,116981.1,115733.68,116148.72,45612660
2025-12-29,116323.87,116600.23,115978.3,116600.23,35166726
2025-12-30,116878.04,117731.61,116643.75,117240.24,35189794